pre_skid,post_skid,pre_name,post_name,roi,count,type_pre_col,type_post_col,type_pre,type_post,relative_weight_PB,relative_weight_EB,relative_weight_NO,PB_post,EB_post,NO_post
56351,56356,PEG_R8_56351,EPG_R8_56356,EB,76,PEG_R8,EPG_R8,PEG,EPG,0.0,0.013254272758981514,0.0,0.0,5734.0,0.0
63772,56356,PEN_b_L3_63772,EPG_R8_56356,EB,62,PEN_b_L3,EPG_R8,PEN_b,EPG,0.0,0.010812696198116497,0.0,0.0,5734.0,0.0
108339,56356,PEN_a_R9_108339,EPG_R8_56356,EB,58,PEN_a_R9,EPG_R8,PEN_a,EPG,0.0,0.010115102895012208,0.0,0.0,5734.0,0.0
64257,56356,PEN_b_R9_64257,EPG_R8_56356,EB,41,PEN_b_R9,EPG_R8,PEN_b,EPG,0.0,0.007150331356818975,0.0,0.0,5734.0,0.0
112713,56356,PEN_a_L2_112713,EPG_R8_56356,EB,41,PEN_a_L2,EPG_R8,PEN_a,EPG,0.0,0.007150331356818975,0.0,0.0,5734.0,0.0
63776,56356,PEN_a_L3_63776,EPG_R8_56356,EB,39,PEN_a_L3,EPG_R8,PEN_a,EPG,0.0,0.006801534705266829,0.0,0.0,5734.0,0.0
108315,56356,PEN_b_R9_108315,EPG_R8_56356,EB,38,PEN_b_R9,EPG_R8,PEN_b,EPG,0.0,0.006627136379490757,0.0,0.0,5734.0,0.0
55936,56356,EPG_R8_55936,EPG_R8_56356,EB,36,EPG_R8,EPG_R8,EPG,EPG,0.0,0.006278339727938612,0.0,0.0,5734.0,0.0
57041,56356,ER_R_LAL_57041,EPG_R8_56356,EB,34,ER_R_LAL,EPG_R8,LAL,EPG,0.0,0.005929543076386466,0.0,0.0,5734.0,0.0
118407,56356,PEN_a_R8_118407,EPG_R8_56356,EB,34,PEN_a_R8,EPG_R8,PEN_a,EPG,0.0,0.005929543076386466,0.0,0.0,5734.0,0.0
65369,56356,ER_L_MBUv_65369,EPG_R8_56356,EB,24,ER_L_MBUv,EPG_R8,MBUv,EPG,0.0,0.004185559818625741,0.0,0.0,5734.0,0.0
55930,56356,PEG_L2_55930,EPG_R8_56356,EB,18,PEG_L2,EPG_R8,PEG,EPG,0.0,0.003139169863969306,0.0,0.0,5734.0,0.0
63126,56356,ER_R_MBUv_63126,EPG_R8_56356,EB,17,ER_R_MBUv,EPG_R8,MBUv,EPG,0.0,0.002964771538193233,0.0,0.0,5734.0,0.0
47185,56356,ER_R_MBUv_47185,EPG_R8_56356,EB,17,ER_R_MBUv,EPG_R8,MBUv,EPG,0.0,0.002964771538193233,0.0,0.0,5734.0,0.0
47232,56356,ER_R_LAL_47232,EPG_R8_56356,EB,15,ER_R_LAL,EPG_R8,LAL,EPG,0.0,0.0026159748866410883,0.0,0.0,5734.0,0.0
125560,56356,ER_L_LBU_125560,EPG_R8_56356,EB,15,ER_L_LBU,EPG_R8,LBU,EPG,0.0,0.0026159748866410883,0.0,0.0,5734.0,0.0
55944,56356,EPG_L2_55944,EPG_R8_56356,EB,15,EPG_L2,EPG_R8,EPG,EPG,0.0,0.0026159748866410883,0.0,0.0,5734.0,0.0
64276,56356,EPG_R8_64276,EPG_R8_56356,EB,14,EPG_R8,EPG_R8,EPG,EPG,0.0,0.002441576560865016,0.0,0.0,5734.0,0.0
125099,56356,ER_L_MBUv_125099,EPG_R8_56356,EB,14,ER_L_MBUv,EPG_R8,MBUv,EPG,0.0,0.002441576560865016,0.0,0.0,5734.0,0.0
125189,56356,ER_L_MBUv_125189,EPG_R8_56356,EB,13,ER_L_MBUv,EPG_R8,MBUv,EPG,0.0,0.002267178235088943,0.0,0.0,5734.0,0.0
55952,56356,EPG_L2_55952,EPG_R8_56356,EB,12,EPG_L2,EPG_R8,EPG,EPG,0.0,0.0020927799093128706,0.0,0.0,5734.0,0.0
64154,56356,ER_L_MBUv_64154,EPG_R8_56356,EB,11,ER_L_MBUv,EPG_R8,MBUv,EPG,0.0,0.0019183815835367981,0.0,0.0,5734.0,0.0
64133,56356,ER_R_MBUv_64133,EPG_R8_56356,EB,10,ER_R_MBUv,EPG_R8,MBUv,EPG,0.0,0.0017439832577607255,0.0,0.0,5734.0,0.0
125035,56356,ER_L_MBUv_125035,EPG_R8_56356,EB,10,ER_L_MBUv,EPG_R8,MBUv,EPG,0.0,0.0017439832577607255,0.0,0.0,5734.0,0.0
139934,56356,ER_L_LBU_139934,EPG_R8_56356,EB,10,ER_L_LBU,EPG_R8,LBU,EPG,0.0,0.0017439832577607255,0.0,0.0,5734.0,0.0
125199,56356,ER_L_MBUv_125199,EPG_R8_56356,EB,10,ER_L_MBUv,EPG_R8,MBUv,EPG,0.0,0.0017439832577607255,0.0,0.0,5734.0,0.0
125261,56356,ER_L_MBUv_125261,EPG_R8_56356,EB,9,ER_L_MBUv,EPG_R8,MBUv,EPG,0.0,0.001569584931984653,0.0,0.0,5734.0,0.0
184355,56356,ER_R_MBUd_184355,EPG_R8_56356,EB,9,ER_R_MBUd,EPG_R8,MBUd,EPG,0.0,0.001569584931984653,0.0,0.0,5734.0,0.0
56383,56356,EPG_R8_56383,EPG_R8_56356,EB,9,EPG_R8,EPG_R8,EPG,EPG,0.0,0.001569584931984653,0.0,0.0,5734.0,0.0
143024,56356,ER_L_LBU_143024,EPG_R8_56356,EB,8,ER_L_LBU,EPG_R8,LBU,EPG,0.0,0.0013951866062085804,0.0,0.0,5734.0,0.0
112687,56356,PEN_b_L2_112687,EPG_R8_56356,EB,7,PEN_b_L2,EPG_R8,PEN_b,EPG,0.0,0.001220788280432508,0.0,0.0,5734.0,0.0
125025,56356,ER_L_MBUv_125025,EPG_R8_56356,EB,7,ER_L_MBUv,EPG_R8,MBUv,EPG,0.0,0.001220788280432508,0.0,0.0,5734.0,0.0
65375,56356,ER_L_MBUv_65375,EPG_R8_56356,EB,7,ER_L_MBUv,EPG_R8,MBUv,EPG,0.0,0.001220788280432508,0.0,0.0,5734.0,0.0
160486,56356,ER_L_LBU_160486,EPG_R8_56356,EB,6,ER_L_LBU,EPG_R8,LBU,EPG,0.0,0.0010463899546564353,0.0,0.0,5734.0,0.0
63772,55936,PEN_b_L3_63772,EPG_R8_55936,EB,87,PEN_b_L3,EPG_R8,PEN_b,EPG,0.0,0.01574090826850009,0.0,0.0,5527.0,0.0
64257,55936,PEN_b_R9_64257,EPG_R8_55936,EB,76,PEN_b_R9,EPG_R8,PEN_b,EPG,0.0,0.013750678487425366,0.0,0.0,5527.0,0.0
56351,55936,PEG_R8_56351,EPG_R8_55936,EB,71,PEG_R8,EPG_R8,PEG,EPG,0.0,0.012846028586936856,0.0,0.0,5527.0,0.0
108339,55936,PEN_a_R9_108339,EPG_R8_55936,EB,61,PEN_a_R9,EPG_R8,PEN_a,EPG,0.0,0.011036728785959833,0.0,0.0,5527.0,0.0
112713,55936,PEN_a_L2_112713,EPG_R8_55936,EB,44,PEN_a_L2,EPG_R8,PEN_a,EPG,0.0,0.007960919124298896,0.0,0.0,5527.0,0.0
63776,55936,PEN_a_L3_63776,EPG_R8_55936,EB,41,PEN_a_L3,EPG_R8,PEN_a,EPG,0.0,0.00741812918400579,0.0,0.0,5527.0,0.0
118407,55936,PEN_a_R8_118407,EPG_R8_55936,EB,38,PEN_a_R8,EPG_R8,PEN_a,EPG,0.0,0.006875339243712683,0.0,0.0,5527.0,0.0
108315,55936,PEN_b_R9_108315,EPG_R8_55936,EB,34,PEN_b_R9,EPG_R8,PEN_b,EPG,0.0,0.006151619323321874,0.0,0.0,5527.0,0.0
56383,55936,EPG_R8_56383,EPG_R8_55936,EB,30,EPG_R8,EPG_R8,EPG,EPG,0.0,0.005427899402931066,0.0,0.0,5527.0,0.0
57041,55936,ER_R_LAL_57041,EPG_R8_55936,EB,30,ER_R_LAL,EPG_R8,LAL,EPG,0.0,0.005427899402931066,0.0,0.0,5527.0,0.0
47185,55936,ER_R_MBUv_47185,EPG_R8_55936,EB,26,ER_R_MBUv,EPG_R8,MBUv,EPG,0.0,0.004704179482540257,0.0,0.0,5527.0,0.0
56356,55936,EPG_R8_56356,EPG_R8_55936,EB,23,EPG_R8,EPG_R8,EPG,EPG,0.0,0.0041613895422471505,0.0,0.0,5527.0,0.0
125035,55936,ER_L_MBUv_125035,EPG_R8_55936,EB,22,ER_L_MBUv,EPG_R8,MBUv,EPG,0.0,0.003980459562149448,0.0,0.0,5527.0,0.0
65375,55936,ER_L_MBUv_65375,EPG_R8_55936,EB,15,ER_L_MBUv,EPG_R8,MBUv,EPG,0.0,0.002713949701465533,0.0,0.0,5527.0,0.0
47232,55936,ER_R_LAL_47232,EPG_R8_55936,EB,15,ER_R_LAL,EPG_R8,LAL,EPG,0.0,0.002713949701465533,0.0,0.0,5527.0,0.0
125261,55936,ER_L_MBUv_125261,EPG_R8_55936,EB,14,ER_L_MBUv,EPG_R8,MBUv,EPG,0.0,0.0025330197213678306,0.0,0.0,5527.0,0.0
63126,55936,ER_R_MBUv_63126,EPG_R8_55936,EB,14,ER_R_MBUv,EPG_R8,MBUv,EPG,0.0,0.0025330197213678306,0.0,0.0,5527.0,0.0
125189,55936,ER_L_MBUv_125189,EPG_R8_55936,EB,14,ER_L_MBUv,EPG_R8,MBUv,EPG,0.0,0.0025330197213678306,0.0,0.0,5527.0,0.0
55952,55936,EPG_L2_55952,EPG_R8_55936,EB,13,EPG_L2,EPG_R8,EPG,EPG,0.0,0.0023520897412701285,0.0,0.0,5527.0,0.0
55930,55936,PEG_L2_55930,EPG_R8_55936,EB,13,PEG_L2,EPG_R8,PEG,EPG,0.0,0.0023520897412701285,0.0,0.0,5527.0,0.0
64154,55936,ER_L_MBUv_64154,EPG_R8_55936,EB,13,ER_L_MBUv,EPG_R8,MBUv,EPG,0.0,0.0023520897412701285,0.0,0.0,5527.0,0.0
55944,55936,EPG_L2_55944,EPG_R8_55936,EB,13,EPG_L2,EPG_R8,EPG,EPG,0.0,0.0023520897412701285,0.0,0.0,5527.0,0.0
125194,55936,ER_L_MBUv_125194,EPG_R8_55936,EB,12,ER_L_MBUv,EPG_R8,MBUv,EPG,0.0,0.002171159761172426,0.0,0.0,5527.0,0.0
125025,55936,ER_L_MBUv_125025,EPG_R8_55936,EB,11,ER_L_MBUv,EPG_R8,MBUv,EPG,0.0,0.001990229781074724,0.0,0.0,5527.0,0.0
65369,55936,ER_L_MBUv_65369,EPG_R8_55936,EB,11,ER_L_MBUv,EPG_R8,MBUv,EPG,0.0,0.001990229781074724,0.0,0.0,5527.0,0.0
189608,55936,ER_R_MBUd_189608,EPG_R8_55936,EB,10,ER_R_MBUd,EPG_R8,MBUd,EPG,0.0,0.0018092998009770218,0.0,0.0,5527.0,0.0
125199,55936,ER_L_MBUv_125199,EPG_R8_55936,EB,9,ER_L_MBUv,EPG_R8,MBUv,EPG,0.0,0.0016283698208793198,0.0,0.0,5527.0,0.0
125099,55936,ER_L_MBUv_125099,EPG_R8_55936,EB,8,ER_L_MBUv,EPG_R8,MBUv,EPG,0.0,0.0014474398407816175,0.0,0.0,5527.0,0.0
141300,55936,ER_L_MBUv_141300,EPG_R8_55936,EB,6,ER_L_MBUv,EPG_R8,MBUv,EPG,0.0,0.001085579880586213,0.0,0.0,5527.0,0.0
64133,55936,ER_R_MBUv_64133,EPG_R8_55936,EB,6,ER_R_MBUv,EPG_R8,MBUv,EPG,0.0,0.001085579880586213,0.0,0.0,5527.0,0.0
63772,56383,PEN_b_L3_63772,EPG_R8_56383,EB,71,PEN_b_L3,EPG_R8,PEN_b,EPG,0.0,0.01436084142394822,0.0,0.0,4944.0,0.0
108339,56383,PEN_a_R9_108339,EPG_R8_56383,EB,52,PEN_a_R9,EPG_R8,PEN_a,EPG,0.0,0.010517799352750809,0.0,0.0,4944.0,0.0
64257,56383,PEN_b_R9_64257,EPG_R8_56383,EB,44,PEN_b_R9,EPG_R8,PEN_b,EPG,0.0,0.00889967637540453,0.0,0.0,4944.0,0.0
112713,56383,PEN_a_L2_112713,EPG_R8_56383,EB,44,PEN_a_L2,EPG_R8,PEN_a,EPG,0.0,0.00889967637540453,0.0,0.0,4944.0,0.0
56351,56383,PEG_R8_56351,EPG_R8_56383,EB,41,PEG_R8,EPG_R8,PEG,EPG,0.0,0.008292880258899677,0.0,0.0,4944.0,0.0
63776,56383,PEN_a_L3_63776,EPG_R8_56383,EB,35,PEN_a_L3,EPG_R8,PEN_a,EPG,0.0,0.007079288025889968,0.0,0.0,4944.0,0.0
108315,56383,PEN_b_R9_108315,EPG_R8_56383,EB,23,PEN_b_R9,EPG_R8,PEN_b,EPG,0.0,0.00465210355987055,0.0,0.0,4944.0,0.0
56356,56383,EPG_R8_56356,EPG_R8_56383,EB,23,EPG_R8,EPG_R8,EPG,EPG,0.0,0.00465210355987055,0.0,0.0,4944.0,0.0
55936,56383,EPG_R8_55936,EPG_R8_56383,EB,22,EPG_R8,EPG_R8,EPG,EPG,0.0,0.004449838187702265,0.0,0.0,4944.0,0.0
57041,56383,ER_R_LAL_57041,EPG_R8_56383,EB,20,ER_R_LAL,EPG_R8,LAL,EPG,0.0,0.0040453074433656954,0.0,0.0,4944.0,0.0
118407,56383,PEN_a_R8_118407,EPG_R8_56383,EB,19,PEN_a_R8,EPG_R8,PEN_a,EPG,0.0,0.003843042071197411,0.0,0.0,4944.0,0.0
55944,56383,EPG_L2_55944,EPG_R8_56383,EB,16,EPG_L2,EPG_R8,EPG,EPG,0.0,0.003236245954692557,0.0,0.0,4944.0,0.0
55930,56383,PEG_L2_55930,EPG_R8_56383,EB,16,PEG_L2,EPG_R8,PEG,EPG,0.0,0.003236245954692557,0.0,0.0,4944.0,0.0
125035,56383,ER_L_MBUv_125035,EPG_R8_56383,EB,15,ER_L_MBUv,EPG_R8,MBUv,EPG,0.0,0.003033980582524272,0.0,0.0,4944.0,0.0
47232,56383,ER_R_LAL_47232,EPG_R8_56383,EB,15,ER_R_LAL,EPG_R8,LAL,EPG,0.0,0.003033980582524272,0.0,0.0,4944.0,0.0
47185,56383,ER_R_MBUv_47185,EPG_R8_56383,EB,15,ER_R_MBUv,EPG_R8,MBUv,EPG,0.0,0.003033980582524272,0.0,0.0,4944.0,0.0
125560,56383,ER_L_LBU_125560,EPG_R8_56383,EB,13,ER_L_LBU,EPG_R8,LBU,EPG,0.0,0.0026294498381877023,0.0,0.0,4944.0,0.0
65375,56383,ER_L_MBUv_65375,EPG_R8_56383,EB,13,ER_L_MBUv,EPG_R8,MBUv,EPG,0.0,0.0026294498381877023,0.0,0.0,4944.0,0.0
64276,56383,EPG_R8_64276,EPG_R8_56383,EB,13,EPG_R8,EPG_R8,EPG,EPG,0.0,0.0026294498381877023,0.0,0.0,4944.0,0.0
184355,56383,ER_R_MBUd_184355,EPG_R8_56383,EB,12,ER_R_MBUd,EPG_R8,MBUd,EPG,0.0,0.0024271844660194173,0.0,0.0,4944.0,0.0
55952,56383,EPG_L2_55952,EPG_R8_56383,EB,11,EPG_L2,EPG_R8,EPG,EPG,0.0,0.0022249190938511327,0.0,0.0,4944.0,0.0
64133,56383,ER_R_MBUv_64133,EPG_R8_56383,EB,11,ER_R_MBUv,EPG_R8,MBUv,EPG,0.0,0.0022249190938511327,0.0,0.0,4944.0,0.0
125099,56383,ER_L_MBUv_125099,EPG_R8_56383,EB,10,ER_L_MBUv,EPG_R8,MBUv,EPG,0.0,0.0020226537216828477,0.0,0.0,4944.0,0.0
125189,56383,ER_L_MBUv_125189,EPG_R8_56383,EB,9,ER_L_MBUv,EPG_R8,MBUv,EPG,0.0,0.0018203883495145632,0.0,0.0,4944.0,0.0
63126,56383,ER_R_MBUv_63126,EPG_R8_56383,EB,8,ER_R_MBUv,EPG_R8,MBUv,EPG,0.0,0.0016181229773462784,0.0,0.0,4944.0,0.0
189608,56383,ER_R_MBUd_189608,EPG_R8_56383,EB,8,ER_R_MBUd,EPG_R8,MBUd,EPG,0.0,0.0016181229773462784,0.0,0.0,4944.0,0.0
65369,56383,ER_L_MBUv_65369,EPG_R8_56383,EB,8,ER_L_MBUv,EPG_R8,MBUv,EPG,0.0,0.0016181229773462784,0.0,0.0,4944.0,0.0
143099,56383,ER_L_LBU_143099,EPG_R8_56383,EB,7,ER_L_LBU,EPG_R8,LBU,EPG,0.0,0.0014158576051779936,0.0,0.0,4944.0,0.0
125261,56383,ER_L_MBUv_125261,EPG_R8_56383,EB,7,ER_L_MBUv,EPG_R8,MBUv,EPG,0.0,0.0014158576051779936,0.0,0.0,4944.0,0.0
33811,56383,ER_L_MBUd_33811,EPG_R8_56383,EB,7,ER_L_MBUd,EPG_R8,MBUd,EPG,0.0,0.0014158576051779936,0.0,0.0,4944.0,0.0
63018,56383,ER_L_MBUv_63018,EPG_R8_56383,EB,6,ER_L_MBUv,EPG_R8,MBUv,EPG,0.0,0.0012135922330097086,0.0,0.0,4944.0,0.0
63772,56351,PEN_b_L3_63772,PEG_R8_56351,EB,84,PEN_b_L3,PEG_R8,PEN_b,PEG,0.0,0.01837270341207349,0.0,0.0,4572.0,0.0
108339,56351,PEN_a_R9_108339,PEG_R8_56351,EB,77,PEN_a_R9,PEG_R8,PEN_a,PEG,0.0,0.0168416447944007,0.0,0.0,4572.0,0.0
108315,56351,PEN_b_R9_108315,PEG_R8_56351,EB,54,PEN_b_R9,PEG_R8,PEN_b,PEG,0.0,0.011811023622047244,0.0,0.0,4572.0,0.0
63776,56351,PEN_a_L3_63776,PEG_R8_56351,EB,50,PEN_a_L3,PEG_R8,PEN_a,PEG,0.0,0.010936132983377077,0.0,0.0,4572.0,0.0
64257,56351,PEN_b_R9_64257,PEG_R8_56351,EB,49,PEN_b_R9,PEG_R8,PEN_b,PEG,0.0,0.010717410323709537,0.0,0.0,4572.0,0.0
112713,56351,PEN_a_L2_112713,PEG_R8_56351,EB,38,PEN_a_L2,PEG_R8,PEN_a,PEG,0.0,0.008311461067366578,0.0,0.0,4572.0,0.0
55936,56351,EPG_R8_55936,PEG_R8_56351,EB,36,EPG_R8,PEG_R8,EPG,PEG,0.0,0.007874015748031496,0.0,0.0,4572.0,0.0
56383,56351,EPG_R8_56383,PEG_R8_56351,EB,32,EPG_R8,PEG_R8,EPG,PEG,0.0,0.00699912510936133,0.0,0.0,4572.0,0.0
118407,56351,PEN_a_R8_118407,PEG_R8_56351,EB,22,PEN_a_R8,PEG_R8,PEN_a,PEG,0.0,0.004811898512685914,0.0,0.0,4572.0,0.0
55944,56351,EPG_L2_55944,PEG_R8_56351,EB,18,EPG_L2,PEG_R8,EPG,PEG,0.0,0.003937007874015748,0.0,0.0,4572.0,0.0
56356,56351,EPG_R8_56356,PEG_R8_56351,EB,17,EPG_R8,PEG_R8,EPG,PEG,0.0,0.0037182852143482063,0.0,0.0,4572.0,0.0
55952,56351,EPG_L2_55952,PEG_R8_56351,EB,15,EPG_L2,PEG_R8,EPG,PEG,0.0,0.0032808398950131233,0.0,0.0,4572.0,0.0
64276,56351,EPG_R8_64276,PEG_R8_56351,EB,14,EPG_R8,PEG_R8,EPG,PEG,0.0,0.0030621172353455816,0.0,0.0,4572.0,0.0
141357,56351,ER_L_LBU_141357,PEG_R8_56351,EB,9,ER_L_LBU,PEG_R8,LBU,PEG,0.0,0.001968503937007874,0.0,0.0,4572.0,0.0
143099,56351,ER_L_LBU_143099,PEG_R8_56351,EB,8,ER_L_LBU,PEG_R8,LBU,PEG,0.0,0.0017497812773403325,0.0,0.0,4572.0,0.0
64154,56351,ER_L_MBUv_64154,PEG_R8_56351,EB,7,ER_L_MBUv,PEG_R8,MBUv,PEG,0.0,0.0015310586176727908,0.0,0.0,4572.0,0.0
146249,56351,ER_L_LBU_146249,PEG_R8_56351,EB,6,ER_L_LBU,PEG_R8,LBU,PEG,0.0,0.0013123359580052493,0.0,0.0,4572.0,0.0
139934,56351,ER_L_LBU_139934,PEG_R8_56351,EB,6,ER_L_LBU,PEG_R8,LBU,PEG,0.0,0.0013123359580052493,0.0,0.0,4572.0,0.0
62562,56351,ER_L_LBU_62562,PEG_R8_56351,EB,6,ER_L_LBU,PEG_R8,LBU,PEG,0.0,0.0013123359580052493,0.0,0.0,4572.0,0.0
108339,55952,PEN_a_R9_108339,EPG_L2_55952,EB,85,PEN_a_R9,EPG_L2,PEN_a,EPG,0.0,0.01979045401629802,0.0,0.0,4295.0,0.0
63776,55952,PEN_a_L3_63776,EPG_L2_55952,EB,73,PEN_a_L3,EPG_L2,PEN_a,EPG,0.0,0.0169965075669383,0.0,0.0,4295.0,0.0
63772,55952,PEN_b_L3_63772,EPG_L2_55952,EB,57,PEN_b_L3,EPG_L2,PEN_b,EPG,0.0,0.013271245634458672,0.0,0.0,4295.0,0.0
56351,55952,PEG_R8_56351,EPG_L2_55952,EB,36,PEG_R8,EPG_L2,PEG,EPG,0.0,0.008381839348079161,0.0,0.0,4295.0,0.0
64257,55952,PEN_b_R9_64257,EPG_L2_55952,EB,34,PEN_b_R9,EPG_L2,PEN_b,EPG,0.0,0.007916181606519208,0.0,0.0,4295.0,0.0
108315,55952,PEN_b_R9_108315,EPG_L2_55952,EB,33,PEN_b_R9,EPG_L2,PEN_b,EPG,0.0,0.007683352735739232,0.0,0.0,4295.0,0.0
112713,55952,PEN_a_L2_112713,EPG_L2_55952,EB,33,PEN_a_L2,EPG_L2,PEN_a,EPG,0.0,0.007683352735739232,0.0,0.0,4295.0,0.0
56356,55952,EPG_R8_56356,EPG_L2_55952,EB,18,EPG_R8,EPG_L2,EPG,EPG,0.0,0.004190919674039581,0.0,0.0,4295.0,0.0
64276,55952,EPG_R8_64276,EPG_L2_55952,EB,16,EPG_R8,EPG_L2,EPG,EPG,0.0,0.0037252619324796275,0.0,0.0,4295.0,0.0
57041,55952,ER_R_LAL_57041,EPG_L2_55952,EB,14,ER_R_LAL,EPG_L2,LAL,EPG,0.0,0.003259604190919674,0.0,0.0,4295.0,0.0
63126,55952,ER_R_MBUv_63126,EPG_L2_55952,EB,14,ER_R_MBUv,EPG_L2,MBUv,EPG,0.0,0.003259604190919674,0.0,0.0,4295.0,0.0
125035,55952,ER_L_MBUv_125035,EPG_L2_55952,EB,13,ER_L_MBUv,EPG_L2,MBUv,EPG,0.0,0.0030267753201396975,0.0,0.0,4295.0,0.0
47185,55952,ER_R_MBUv_47185,EPG_L2_55952,EB,12,ER_R_MBUv,EPG_L2,MBUv,EPG,0.0,0.0027939464493597207,0.0,0.0,4295.0,0.0
55930,55952,PEG_L2_55930,EPG_L2_55952,EB,10,PEG_L2,EPG_L2,PEG,EPG,0.0,0.002328288707799767,0.0,0.0,4295.0,0.0
47232,55952,ER_R_LAL_47232,EPG_L2_55952,EB,10,ER_R_LAL,EPG_L2,LAL,EPG,0.0,0.002328288707799767,0.0,0.0,4295.0,0.0
65369,55952,ER_L_MBUv_65369,EPG_L2_55952,EB,9,ER_L_MBUv,EPG_L2,MBUv,EPG,0.0,0.0020954598370197903,0.0,0.0,4295.0,0.0
125041,55952,ER_L_MBUv_125041,EPG_L2_55952,EB,9,ER_L_MBUv,EPG_L2,MBUv,EPG,0.0,0.0020954598370197903,0.0,0.0,4295.0,0.0
64133,55952,ER_R_MBUv_64133,EPG_L2_55952,EB,9,ER_R_MBUv,EPG_L2,MBUv,EPG,0.0,0.0020954598370197903,0.0,0.0,4295.0,0.0
125099,55952,ER_L_MBUv_125099,EPG_L2_55952,EB,9,ER_L_MBUv,EPG_L2,MBUv,EPG,0.0,0.0020954598370197903,0.0,0.0,4295.0,0.0
56383,55952,EPG_R8_56383,EPG_L2_55952,EB,9,EPG_R8,EPG_L2,EPG,EPG,0.0,0.0020954598370197903,0.0,0.0,4295.0,0.0
118407,55952,PEN_a_R8_118407,EPG_L2_55952,EB,8,PEN_a_R8,EPG_L2,PEN_a,EPG,0.0,0.0018626309662398137,0.0,0.0,4295.0,0.0
55936,55952,EPG_R8_55936,EPG_L2_55952,EB,8,EPG_R8,EPG_L2,EPG,EPG,0.0,0.0018626309662398137,0.0,0.0,4295.0,0.0
189306,55952,ER_R_MBUd_189306,EPG_L2_55952,EB,7,ER_R_MBUd,EPG_L2,MBUd,EPG,0.0,0.001629802095459837,0.0,0.0,4295.0,0.0
141357,55952,ER_L_LBU_141357,EPG_L2_55952,EB,7,ER_L_LBU,EPG_L2,LBU,EPG,0.0,0.001629802095459837,0.0,0.0,4295.0,0.0
64154,55952,ER_L_MBUv_64154,EPG_L2_55952,EB,7,ER_L_MBUv,EPG_L2,MBUv,EPG,0.0,0.001629802095459837,0.0,0.0,4295.0,0.0
125560,55952,ER_L_LBU_125560,EPG_L2_55952,EB,6,ER_L_LBU,EPG_L2,LBU,EPG,0.0,0.0013969732246798604,0.0,0.0,4295.0,0.0
141300,55952,ER_L_MBUv_141300,EPG_L2_55952,EB,6,ER_L_MBUv,EPG_L2,MBUv,EPG,0.0,0.0013969732246798604,0.0,0.0,4295.0,0.0
55944,55952,EPG_L2_55944,EPG_L2_55952,EB,6,EPG_L2,EPG_L2,EPG,EPG,0.0,0.0013969732246798604,0.0,0.0,4295.0,0.0
125199,55952,ER_L_MBUv_125199,EPG_L2_55952,EB,6,ER_L_MBUv,EPG_L2,MBUv,EPG,0.0,0.0013969732246798604,0.0,0.0,4295.0,0.0
63018,55952,ER_L_MBUv_63018,EPG_L2_55952,EB,6,ER_L_MBUv,EPG_L2,MBUv,EPG,0.0,0.0013969732246798604,0.0,0.0,4295.0,0.0
65375,55952,ER_L_MBUv_65375,EPG_L2_55952,EB,6,ER_L_MBUv,EPG_L2,MBUv,EPG,0.0,0.0013969732246798604,0.0,0.0,4295.0,0.0
118376,54939,PEN_b_R8_118376,EPG_L3_54939,EB,42,PEN_b_R8,EPG_L3,PEN_b,EPG,0.0,0.012142237640936688,0.0,0.0,3459.0,0.0
118407,54939,PEN_a_R8_118407,EPG_L3_54939,EB,29,PEN_a_R8,EPG_L3,PEN_a,EPG,0.0,0.00838392599017057,0.0,0.0,3459.0,0.0
63776,54939,PEN_a_L3_63776,EPG_L3_54939,EB,27,PEN_a_L3,EPG_L3,PEN_a,EPG,0.0,0.007805724197745013,0.0,0.0,3459.0,0.0
108339,54939,PEN_a_R9_108339,EPG_L3_54939,EB,18,PEN_a_R9,EPG_L3,PEN_a,EPG,0.0,0.005203816131830009,0.0,0.0,3459.0,0.0
47185,54939,ER_R_MBUv_47185,EPG_L3_54939,EB,16,ER_R_MBUv,EPG_L3,MBUv,EPG,0.0,0.004625614339404453,0.0,0.0,3459.0,0.0
47232,54939,ER_R_LAL_47232,EPG_L3_54939,EB,11,ER_R_LAL,EPG_L3,LAL,EPG,0.0,0.003180109858340561,0.0,0.0,3459.0,0.0
63046,54939,ER_R_MBUd_63046,EPG_L3_54939,EB,10,ER_R_MBUd,EPG_L3,MBUd,EPG,0.0,0.0028910089621277824,0.0,0.0,3459.0,0.0
125041,54939,ER_L_MBUv_125041,EPG_L3_54939,EB,9,ER_L_MBUv,EPG_L3,MBUv,EPG,0.0,0.0026019080659150044,0.0,0.0,3459.0,0.0
141367,54939,ER_L_LBU_141367,EPG_L3_54939,EB,7,ER_L_LBU,EPG_L3,LBU,EPG,0.0,0.002023706273489448,0.0,0.0,3459.0,0.0
57041,54939,ER_R_LAL_57041,EPG_L3_54939,EB,6,ER_R_LAL,EPG_L3,LAL,EPG,0.0,0.0017346053772766695,0.0,0.0,3459.0,0.0
125025,54939,ER_L_MBUv_125025,EPG_L3_54939,EB,6,ER_L_MBUv,EPG_L3,MBUv,EPG,0.0,0.0017346053772766695,0.0,0.0,3459.0,0.0
64257,64276,PEN_b_R9_64257,EPG_R8_64276,EB,49,PEN_b_R9,EPG_R8,PEN_b,EPG,0.0,0.014012010294538175,0.0,0.0,3497.0,0.0
63772,64276,PEN_b_L3_63772,EPG_R8_64276,EB,48,PEN_b_L3,EPG_R8,PEN_b,EPG,0.0,0.01372605090077209,0.0,0.0,3497.0,0.0
63776,64276,PEN_a_L3_63776,EPG_R8_64276,EB,42,PEN_a_L3,EPG_R8,PEN_a,EPG,0.0,0.012010294538175578,0.0,0.0,3497.0,0.0
108315,64276,PEN_b_R9_108315,EPG_R8_64276,EB,38,PEN_b_R9,EPG_R8,PEN_b,EPG,0.0,0.010866456963111238,0.0,0.0,3497.0,0.0
112713,64276,PEN_a_L2_112713,EPG_R8_64276,EB,37,PEN_a_L2,EPG_R8,PEN_a,EPG,0.0,0.010580497569345154,0.0,0.0,3497.0,0.0
56351,64276,PEG_R8_56351,EPG_R8_64276,EB,34,PEG_R8,EPG_R8,PEG,EPG,0.0,0.009722619388046897,0.0,0.0,3497.0,0.0
108339,64276,PEN_a_R9_108339,EPG_R8_64276,EB,31,PEN_a_R9,EPG_R8,PEN_a,EPG,0.0,0.008864741206748641,0.0,0.0,3497.0,0.0
56356,64276,EPG_R8_56356,EPG_R8_64276,EB,20,EPG_R8,EPG_R8,EPG,EPG,0.0,0.005719187875321705,0.0,0.0,3497.0,0.0
141300,64276,ER_L_MBUv_141300,EPG_R8_64276,EB,16,ER_L_MBUv,EPG_R8,MBUv,EPG,0.0,0.004575350300257364,0.0,0.0,3497.0,0.0
118407,64276,PEN_a_R8_118407,EPG_R8_64276,EB,15,PEN_a_R8,EPG_R8,PEN_a,EPG,0.0,0.0042893909064912784,0.0,0.0,3497.0,0.0
55952,64276,EPG_L2_55952,EPG_R8_64276,EB,13,EPG_L2,EPG_R8,EPG,EPG,0.0,0.0037174721189591076,0.0,0.0,3497.0,0.0
55936,64276,EPG_R8_55936,EPG_R8_64276,EB,12,EPG_R8,EPG_R8,EPG,EPG,0.0,0.0034315127251930227,0.0,0.0,3497.0,0.0
64154,64276,ER_L_MBUv_64154,EPG_R8_64276,EB,10,ER_L_MBUv,EPG_R8,MBUv,EPG,0.0,0.0028595939376608523,0.0,0.0,3497.0,0.0
125189,64276,ER_L_MBUv_125189,EPG_R8_64276,EB,10,ER_L_MBUv,EPG_R8,MBUv,EPG,0.0,0.0028595939376608523,0.0,0.0,3497.0,0.0
65369,64276,ER_L_MBUv_65369,EPG_R8_64276,EB,9,ER_L_MBUv,EPG_R8,MBUv,EPG,0.0,0.002573634543894767,0.0,0.0,3497.0,0.0
63126,64276,ER_R_MBUv_63126,EPG_R8_64276,EB,9,ER_R_MBUv,EPG_R8,MBUv,EPG,0.0,0.002573634543894767,0.0,0.0,3497.0,0.0
125035,64276,ER_L_MBUv_125035,EPG_R8_64276,EB,9,ER_L_MBUv,EPG_R8,MBUv,EPG,0.0,0.002573634543894767,0.0,0.0,3497.0,0.0
65375,64276,ER_L_MBUv_65375,EPG_R8_64276,EB,9,ER_L_MBUv,EPG_R8,MBUv,EPG,0.0,0.002573634543894767,0.0,0.0,3497.0,0.0
56383,64276,EPG_R8_56383,EPG_R8_64276,EB,9,EPG_R8,EPG_R8,EPG,EPG,0.0,0.002573634543894767,0.0,0.0,3497.0,0.0
47185,64276,ER_R_MBUv_47185,EPG_R8_64276,EB,8,ER_R_MBUv,EPG_R8,MBUv,EPG,0.0,0.002287675150128682,0.0,0.0,3497.0,0.0
55944,64276,EPG_L2_55944,EPG_R8_64276,EB,8,EPG_L2,EPG_R8,EPG,EPG,0.0,0.002287675150128682,0.0,0.0,3497.0,0.0
125261,64276,ER_L_MBUv_125261,EPG_R8_64276,EB,7,ER_L_MBUv,EPG_R8,MBUv,EPG,0.0,0.0020017157563625965,0.0,0.0,3497.0,0.0
57041,64276,ER_R_LAL_57041,EPG_R8_64276,EB,7,ER_R_LAL,EPG_R8,LAL,EPG,0.0,0.0020017157563625965,0.0,0.0,3497.0,0.0
112687,64276,PEN_b_L2_112687,EPG_R8_64276,EB,7,PEN_b_L2,EPG_R8,PEN_b,EPG,0.0,0.0020017157563625965,0.0,0.0,3497.0,0.0
184355,64276,ER_R_MBUd_184355,EPG_R8_64276,EB,6,ER_R_MBUd,EPG_R8,MBUd,EPG,0.0,0.0017157563625965113,0.0,0.0,3497.0,0.0
112687,64077,PEN_b_L2_112687,EPG_L_R1L1_64077,EB,83,PEN_b_L2,EPG_L_R1L1,PEN_b,EPG,0.0,0.024064946361264133,0.0,0.0,3449.0,0.0
112713,64077,PEN_a_L2_112713,EPG_L_R1L1_64077,EB,77,PEN_a_L2,EPG_L_R1L1,PEN_a,EPG,0.0,0.022325311684546247,0.0,0.0,3449.0,0.0
108339,64077,PEN_a_R9_108339,EPG_L_R1L1_64077,EB,56,PEN_a_R9,EPG_L_R1L1,PEN_a,EPG,0.0,0.016236590316033632,0.0,0.0,3449.0,0.0
64084,64077,EPG_L_R1L1_64084,EPG_L_R1L1_64077,EB,40,EPG_L_R1L1,EPG_L_R1L1,EPG,EPG,0.0,0.011597564511452595,0.0,0.0,3449.0,0.0
63988,64077,PEG_L1_63988,EPG_L_R1L1_64077,EB,26,PEG_L1,EPG_L_R1L1,PEG,EPG,0.0,0.007538416932444187,0.0,0.0,3449.0,0.0
63776,64077,PEN_a_L3_63776,EPG_L_R1L1_64077,EB,22,PEN_a_L3,EPG_L_R1L1,PEN_a,EPG,0.0,0.006378660481298927,0.0,0.0,3449.0,0.0
108315,64077,PEN_b_R9_108315,EPG_L_R1L1_64077,EB,14,PEN_b_R9,EPG_L_R1L1,PEN_b,EPG,0.0,0.004059147579008408,0.0,0.0,3449.0,0.0
118328,64077,EPG_R9_118328,EPG_L_R1L1_64077,EB,13,EPG_R9,EPG_L_R1L1,EPG,EPG,0.0,0.0037692084662220935,0.0,0.0,3449.0,0.0
64133,64077,ER_R_MBUv_64133,EPG_L_R1L1_64077,EB,12,ER_R_MBUv,EPG_L_R1L1,MBUv,EPG,0.0,0.0034792693534357786,0.0,0.0,3449.0,0.0
125035,64077,ER_L_MBUv_125035,EPG_L_R1L1_64077,EB,11,ER_L_MBUv,EPG_L_R1L1,MBUv,EPG,0.0,0.0031893302406494637,0.0,0.0,3449.0,0.0
47232,64077,ER_R_LAL_47232,EPG_L_R1L1_64077,EB,10,ER_R_LAL,EPG_L_R1L1,LAL,EPG,0.0,0.0028993911278631487,0.0,0.0,3449.0,0.0
64257,64077,PEN_b_R9_64257,EPG_L_R1L1_64077,EB,9,PEN_b_R9,EPG_L_R1L1,PEN_b,EPG,0.0,0.002609452015076834,0.0,0.0,3449.0,0.0
118347,64077,EPG_R9_118347,EPG_L_R1L1_64077,EB,8,EPG_R9,EPG_L_R1L1,EPG,EPG,0.0,0.002319512902290519,0.0,0.0,3449.0,0.0
125189,64077,ER_L_MBUv_125189,EPG_L_R1L1_64077,EB,8,ER_L_MBUv,EPG_L_R1L1,MBUv,EPG,0.0,0.002319512902290519,0.0,0.0,3449.0,0.0
125199,64077,ER_L_MBUv_125199,EPG_L_R1L1_64077,EB,7,ER_L_MBUv,EPG_L_R1L1,MBUv,EPG,0.0,0.002029573789504204,0.0,0.0,3449.0,0.0
65375,64077,ER_L_MBUv_65375,EPG_L_R1L1_64077,EB,7,ER_L_MBUv,EPG_L_R1L1,MBUv,EPG,0.0,0.002029573789504204,0.0,0.0,3449.0,0.0
57041,64077,ER_R_LAL_57041,EPG_L_R1L1_64077,EB,6,ER_R_LAL,EPG_L_R1L1,LAL,EPG,0.0,0.0017396346767178893,0.0,0.0,3449.0,0.0
47185,64077,ER_R_MBUv_47185,EPG_L_R1L1_64077,EB,6,ER_R_MBUv,EPG_L_R1L1,MBUv,EPG,0.0,0.0017396346767178893,0.0,0.0,3449.0,0.0
108339,55944,PEN_a_R9_108339,EPG_L2_55944,EB,39,PEN_a_R9,EPG_L2,PEN_a,EPG,0.0,0.014369933677229182,0.0,0.0,2714.0,0.0
108315,55944,PEN_b_R9_108315,EPG_L2_55944,EB,31,PEN_b_R9,EPG_L2,PEN_b,EPG,0.0,0.011422254974207811,0.0,0.0,2714.0,0.0
63772,55944,PEN_b_L3_63772,EPG_L2_55944,EB,29,PEN_b_L3,EPG_L2,PEN_b,EPG,0.0,0.010685335298452468,0.0,0.0,2714.0,0.0
63776,55944,PEN_a_L3_63776,EPG_L2_55944,EB,27,PEN_a_L3,EPG_L2,PEN_a,EPG,0.0,0.009948415622697125,0.0,0.0,2714.0,0.0
64257,55944,PEN_b_R9_64257,EPG_L2_55944,EB,25,PEN_b_R9,EPG_L2,PEN_b,EPG,0.0,0.009211495946941784,0.0,0.0,2714.0,0.0
112713,55944,PEN_a_L2_112713,EPG_L2_55944,EB,23,PEN_a_L2,EPG_L2,PEN_a,EPG,0.0,0.00847457627118644,0.0,0.0,2714.0,0.0
56351,55944,PEG_R8_56351,EPG_L2_55944,EB,20,PEG_R8,EPG_L2,PEG,EPG,0.0,0.007369196757553427,0.0,0.0,2714.0,0.0
65375,55944,ER_L_MBUv_65375,EPG_L2_55944,EB,18,ER_L_MBUv,EPG_L2,MBUv,EPG,0.0,0.006632277081798084,0.0,0.0,2714.0,0.0
56383,55944,EPG_R8_56383,EPG_L2_55944,EB,16,EPG_R8,EPG_L2,EPG,EPG,0.0,0.0058953574060427415,0.0,0.0,2714.0,0.0
55952,55944,EPG_L2_55952,EPG_L2_55944,EB,16,EPG_L2,EPG_L2,EPG,EPG,0.0,0.0058953574060427415,0.0,0.0,2714.0,0.0
55936,55944,EPG_R8_55936,EPG_L2_55944,EB,15,EPG_R8,EPG_L2,EPG,EPG,0.0,0.00552689756816507,0.0,0.0,2714.0,0.0
125199,55944,ER_L_MBUv_125199,EPG_L2_55944,EB,11,ER_L_MBUv,EPG_L2,MBUv,EPG,0.0,0.0040530582166543845,0.0,0.0,2714.0,0.0
56356,55944,EPG_R8_56356,EPG_L2_55944,EB,10,EPG_R8,EPG_L2,EPG,EPG,0.0,0.0036845983787767134,0.0,0.0,2714.0,0.0
47232,55944,ER_R_LAL_47232,EPG_L2_55944,EB,10,ER_R_LAL,EPG_L2,LAL,EPG,0.0,0.0036845983787767134,0.0,0.0,2714.0,0.0
57041,55944,ER_R_LAL_57041,EPG_L2_55944,EB,9,ER_R_LAL,EPG_L2,LAL,EPG,0.0,0.003316138540899042,0.0,0.0,2714.0,0.0
125189,55944,ER_L_MBUv_125189,EPG_L2_55944,EB,8,ER_L_MBUv,EPG_L2,MBUv,EPG,0.0,0.0029476787030213707,0.0,0.0,2714.0,0.0
47185,55944,ER_R_MBUv_47185,EPG_L2_55944,EB,7,ER_R_MBUv,EPG_L2,MBUv,EPG,0.0,0.002579218865143699,0.0,0.0,2714.0,0.0
55930,55944,PEG_L2_55930,EPG_L2_55944,EB,6,PEG_L2,EPG_L2,PEG,EPG,0.0,0.002210759027266028,0.0,0.0,2714.0,0.0
125041,55944,ER_L_MBUv_125041,EPG_L2_55944,EB,6,ER_L_MBUv,EPG_L2,MBUv,EPG,0.0,0.002210759027266028,0.0,0.0,2714.0,0.0
84466,42175,Delta7_L5R4_84466,PEG_L5_42175,PB,246,Delta7_L5R4,PEG_L5,Delta7,PEG,0.06549520766773163,0.0,0.0,3756.0,0.0,0.0
75302,42175,Delta7_L5R4_75302,PEG_L5_42175,PB,190,Delta7_L5R4,PEG_L5,Delta7,PEG,0.05058572949946752,0.0,0.0,3756.0,0.0,0.0
75297,42175,Delta7_L5R4_75297,PEG_L5_42175,PB,187,Delta7_L5R4,PEG_L5,Delta7,PEG,0.04978700745473908,0.0,0.0,3756.0,0.0,0.0
84500,42175,Delta7_L5R4_84500,PEG_L5_42175,PB,177,Delta7_L5R4,PEG_L5,Delta7,PEG,0.04712460063897764,0.0,0.0,3756.0,0.0,0.0
75326,42175,Delta7_L5R4_75326,PEG_L5_42175,PB,143,Delta7_L5R4,PEG_L5,Delta7,PEG,0.03807241746538871,0.0,0.0,3756.0,0.0,0.0
83239,42175,Delta7_L4R5_83239,PEG_L5_42175,PB,124,Delta7_L4R5,PEG_L5,Delta7,PEG,0.03301384451544196,0.0,0.0,3756.0,0.0,0.0
84303,42175,Delta7_L4R5_84303,PEG_L5_42175,PB,88,Delta7_L4R5,PEG_L5,Delta7,PEG,0.023429179978700747,0.0,0.0,3756.0,0.0,0.0
110806,42175,Delta7_L4R5_110806,PEG_L5_42175,PB,82,Delta7_L4R5,PEG_L5,Delta7,PEG,0.021831735889243878,0.0,0.0,3756.0,0.0,0.0
34187,42175,EPG_L5_34187,PEG_L5_42175,PB,72,EPG_L5,PEG_L5,EPG,PEG,0.019169329073482427,0.0,0.0,3756.0,0.0,0.0
34199,42175,EPG_L5_34199,PEG_L5_42175,PB,54,EPG_L5,PEG_L5,EPG,PEG,0.01437699680511182,0.0,0.0,3756.0,0.0,0.0
35471,42175,EPG_L5_35471,PEG_L5_42175,PB,49,EPG_L5,PEG_L5,EPG,PEG,0.013045793397231097,0.0,0.0,3756.0,0.0,0.0
83112,42175,Delta7_L4R5_83112,PEG_L5_42175,PB,25,Delta7_L4R5,PEG_L5,Delta7,PEG,0.006656017039403621,0.0,0.0,3756.0,0.0,0.0
81522,42175,Delta7_L4R5_81522,PEG_L5_42175,PB,17,Delta7_L4R5,PEG_L5,Delta7,PEG,0.004526091586794462,0.0,0.0,3756.0,0.0,0.0
65369,125035,ER_L_MBUv_65369,ER_L_MBUv_125035,EB,31,ER_L_MBUv,ER_L_MBUv,MBUv,MBUv,0.0,0.012699713232281851,0.0,0.0,2441.0,0.0
65375,125035,ER_L_MBUv_65375,ER_L_MBUv_125035,EB,21,ER_L_MBUv,ER_L_MBUv,MBUv,MBUv,0.0,0.008603031544448997,0.0,0.0,2441.0,0.0
125189,125035,ER_L_MBUv_125189,ER_L_MBUv_125035,EB,19,ER_L_MBUv,ER_L_MBUv,MBUv,MBUv,0.0,0.0077836952068824255,0.0,0.0,2441.0,0.0
56356,125035,EPG_R8_56356,ER_L_MBUv_125035,EB,15,EPG_R8,ER_L_MBUv,EPG,MBUv,0.0,0.0061450225317492835,0.0,0.0,2441.0,0.0
64133,125035,ER_R_MBUv_64133,ER_L_MBUv_125035,EB,14,ER_R_MBUv,ER_L_MBUv,MBUv,MBUv,0.0,0.005735354362965997,0.0,0.0,2441.0,0.0
55952,125035,EPG_L2_55952,ER_L_MBUv_125035,EB,14,EPG_L2,ER_L_MBUv,EPG,MBUv,0.0,0.005735354362965997,0.0,0.0,2441.0,0.0
64257,125035,PEN_b_R9_64257,ER_L_MBUv_125035,EB,13,PEN_b_R9,ER_L_MBUv,PEN_b,MBUv,0.0,0.005325686194182712,0.0,0.0,2441.0,0.0
64154,125035,ER_L_MBUv_64154,ER_L_MBUv_125035,EB,12,ER_L_MBUv,ER_L_MBUv,MBUv,MBUv,0.0,0.004916018025399427,0.0,0.0,2441.0,0.0
125199,125035,ER_L_MBUv_125199,ER_L_MBUv_125035,EB,12,ER_L_MBUv,ER_L_MBUv,MBUv,MBUv,0.0,0.004916018025399427,0.0,0.0,2441.0,0.0
56351,125035,PEG_R8_56351,ER_L_MBUv_125035,EB,12,PEG_R8,ER_L_MBUv,PEG,MBUv,0.0,0.004916018025399427,0.0,0.0,2441.0,0.0
55936,125035,EPG_R8_55936,ER_L_MBUv_125035,EB,9,EPG_R8,ER_L_MBUv,EPG,MBUv,0.0,0.0036870135190495697,0.0,0.0,2441.0,0.0
125261,125035,ER_L_MBUv_125261,ER_L_MBUv_125035,EB,9,ER_L_MBUv,ER_L_MBUv,MBUv,MBUv,0.0,0.0036870135190495697,0.0,0.0,2441.0,0.0
125099,125035,ER_L_MBUv_125099,ER_L_MBUv_125035,EB,8,ER_L_MBUv,ER_L_MBUv,MBUv,MBUv,0.0,0.0032773453502662844,0.0,0.0,2441.0,0.0
125041,125035,ER_L_MBUv_125041,ER_L_MBUv_125035,EB,8,ER_L_MBUv,ER_L_MBUv,MBUv,MBUv,0.0,0.0032773453502662844,0.0,0.0,2441.0,0.0
64276,125035,EPG_R8_64276,ER_L_MBUv_125035,EB,8,EPG_R8,ER_L_MBUv,EPG,MBUv,0.0,0.0032773453502662844,0.0,0.0,2441.0,0.0
108339,125035,PEN_a_R9_108339,ER_L_MBUv_125035,EB,7,PEN_a_R9,ER_L_MBUv,PEN_a,MBUv,0.0,0.0028676771814829987,0.0,0.0,2441.0,0.0
47185,125035,ER_R_MBUv_47185,ER_L_MBUv_125035,EB,7,ER_R_MBUv,ER_L_MBUv,MBUv,MBUv,0.0,0.0028676771814829987,0.0,0.0,2441.0,0.0
118376,125035,PEN_b_R8_118376,ER_L_MBUv_125035,EB,6,PEN_b_R8,ER_L_MBUv,PEN_b,MBUv,0.0,0.0024580090126997134,0.0,0.0,2441.0,0.0
118347,125035,EPG_R9_118347,ER_L_MBUv_125035,EB,6,EPG_R9,ER_L_MBUv,EPG,MBUv,0.0,0.0024580090126997134,0.0,0.0,2441.0,0.0
118328,125035,EPG_R9_118328,ER_L_MBUv_125035,EB,6,EPG_R9,ER_L_MBUv,EPG,MBUv,0.0,0.0024580090126997134,0.0,0.0,2441.0,0.0
55936,47185,EPG_R8_55936,ER_R_MBUv_47185,EB,35,EPG_R8,ER_R_MBUv,EPG,MBUv,0.0,0.013888888888888888,0.0,0.0,2520.0,0.0
64133,47185,ER_R_MBUv_64133,ER_R_MBUv_47185,EB,25,ER_R_MBUv,ER_R_MBUv,MBUv,MBUv,0.0,0.00992063492063492,0.0,0.0,2520.0,0.0
65369,47185,ER_L_MBUv_65369,ER_R_MBUv_47185,EB,23,ER_L_MBUv,ER_R_MBUv,MBUv,MBUv,0.0,0.009126984126984128,0.0,0.0,2520.0,0.0
65375,47185,ER_L_MBUv_65375,ER_R_MBUv_47185,EB,21,ER_L_MBUv,ER_R_MBUv,MBUv,MBUv,0.0,0.008333333333333333,0.0,0.0,2520.0,0.0
125189,47185,ER_L_MBUv_125189,ER_R_MBUv_47185,EB,20,ER_L_MBUv,ER_R_MBUv,MBUv,MBUv,0.0,0.007936507936507936,0.0,0.0,2520.0,0.0
125041,47185,ER_L_MBUv_125041,ER_R_MBUv_47185,EB,20,ER_L_MBUv,ER_R_MBUv,MBUv,MBUv,0.0,0.007936507936507936,0.0,0.0,2520.0,0.0
125194,47185,ER_L_MBUv_125194,ER_R_MBUv_47185,EB,18,ER_L_MBUv,ER_R_MBUv,MBUv,MBUv,0.0,0.007142857142857143,0.0,0.0,2520.0,0.0
112713,47185,PEN_a_L2_112713,ER_R_MBUv_47185,EB,17,PEN_a_L2,ER_R_MBUv,PEN_a,MBUv,0.0,0.006746031746031746,0.0,0.0,2520.0,0.0
64084,47185,EPG_L_R1L1_64084,ER_R_MBUv_47185,EB,16,EPG_L_R1L1,ER_R_MBUv,EPG,MBUv,0.0,0.006349206349206349,0.0,0.0,2520.0,0.0
55952,47185,EPG_L2_55952,ER_R_MBUv_47185,EB,16,EPG_L2,ER_R_MBUv,EPG,MBUv,0.0,0.006349206349206349,0.0,0.0,2520.0,0.0
125035,47185,ER_L_MBUv_125035,ER_R_MBUv_47185,EB,16,ER_L_MBUv,ER_R_MBUv,MBUv,MBUv,0.0,0.006349206349206349,0.0,0.0,2520.0,0.0
56356,47185,EPG_R8_56356,ER_R_MBUv_47185,EB,15,EPG_R8,ER_R_MBUv,EPG,MBUv,0.0,0.005952380952380952,0.0,0.0,2520.0,0.0
125261,47185,ER_L_MBUv_125261,ER_R_MBUv_47185,EB,15,ER_L_MBUv,ER_R_MBUv,MBUv,MBUv,0.0,0.005952380952380952,0.0,0.0,2520.0,0.0
63126,47185,ER_R_MBUv_63126,ER_R_MBUv_47185,EB,14,ER_R_MBUv,ER_R_MBUv,MBUv,MBUv,0.0,0.005555555555555556,0.0,0.0,2520.0,0.0
108339,47185,PEN_a_R9_108339,ER_R_MBUv_47185,EB,12,PEN_a_R9,ER_R_MBUv,PEN_a,MBUv,0.0,0.004761904761904762,0.0,0.0,2520.0,0.0
56351,47185,PEG_R8_56351,ER_R_MBUv_47185,EB,11,PEG_R8,ER_R_MBUv,PEG,MBUv,0.0,0.004365079365079365,0.0,0.0,2520.0,0.0
125199,47185,ER_L_MBUv_125199,ER_R_MBUv_47185,EB,9,ER_L_MBUv,ER_R_MBUv,MBUv,MBUv,0.0,0.0035714285714285713,0.0,0.0,2520.0,0.0
64154,47185,ER_L_MBUv_64154,ER_R_MBUv_47185,EB,9,ER_L_MBUv,ER_R_MBUv,MBUv,MBUv,0.0,0.0035714285714285713,0.0,0.0,2520.0,0.0
63776,47185,PEN_a_L3_63776,ER_R_MBUv_47185,EB,9,PEN_a_L3,ER_R_MBUv,PEN_a,MBUv,0.0,0.0035714285714285713,0.0,0.0,2520.0,0.0
125025,47185,ER_L_MBUv_125025,ER_R_MBUv_47185,EB,8,ER_L_MBUv,ER_R_MBUv,MBUv,MBUv,0.0,0.0031746031746031746,0.0,0.0,2520.0,0.0
55930,47185,PEG_L2_55930,ER_R_MBUv_47185,EB,7,PEG_L2,ER_R_MBUv,PEG,MBUv,0.0,0.002777777777777778,0.0,0.0,2520.0,0.0
56383,47185,EPG_R8_56383,ER_R_MBUv_47185,EB,7,EPG_R8,ER_R_MBUv,EPG,MBUv,0.0,0.002777777777777778,0.0,0.0,2520.0,0.0
64257,47185,PEN_b_R9_64257,ER_R_MBUv_47185,EB,7,PEN_b_R9,ER_R_MBUv,PEN_b,MBUv,0.0,0.002777777777777778,0.0,0.0,2520.0,0.0
125099,47185,ER_L_MBUv_125099,ER_R_MBUv_47185,EB,7,ER_L_MBUv,ER_R_MBUv,MBUv,MBUv,0.0,0.002777777777777778,0.0,0.0,2520.0,0.0
55944,47185,EPG_L2_55944,ER_R_MBUv_47185,EB,6,EPG_L2,ER_R_MBUv,EPG,MBUv,0.0,0.002380952380952381,0.0,0.0,2520.0,0.0
108315,47185,PEN_b_R9_108315,ER_R_MBUv_47185,EB,6,PEN_b_R9,ER_R_MBUv,PEN_b,MBUv,0.0,0.002380952380952381,0.0,0.0,2520.0,0.0
47185,125189,ER_R_MBUv_47185,ER_L_MBUv_125189,EB,28,ER_R_MBUv,ER_L_MBUv,MBUv,MBUv,0.0,0.011579818031430935,0.0,0.0,2418.0,0.0
64133,125189,ER_R_MBUv_64133,ER_L_MBUv_125189,EB,28,ER_R_MBUv,ER_L_MBUv,MBUv,MBUv,0.0,0.011579818031430935,0.0,0.0,2418.0,0.0
125035,125189,ER_L_MBUv_125035,ER_L_MBUv_125189,EB,16,ER_L_MBUv,ER_L_MBUv,MBUv,MBUv,0.0,0.006617038875103391,0.0,0.0,2418.0,0.0
65369,125189,ER_L_MBUv_65369,ER_L_MBUv_125189,EB,16,ER_L_MBUv,ER_L_MBUv,MBUv,MBUv,0.0,0.006617038875103391,0.0,0.0,2418.0,0.0
55944,125189,EPG_L2_55944,ER_L_MBUv_125189,EB,13,EPG_L2,ER_L_MBUv,EPG,MBUv,0.0,0.005376344086021506,0.0,0.0,2418.0,0.0
125025,125189,ER_L_MBUv_125025,ER_L_MBUv_125189,EB,13,ER_L_MBUv,ER_L_MBUv,MBUv,MBUv,0.0,0.005376344086021506,0.0,0.0,2418.0,0.0
55952,125189,EPG_L2_55952,ER_L_MBUv_125189,EB,12,EPG_L2,ER_L_MBUv,EPG,MBUv,0.0,0.004962779156327543,0.0,0.0,2418.0,0.0
55936,125189,EPG_R8_55936,ER_L_MBUv_125189,EB,12,EPG_R8,ER_L_MBUv,EPG,MBUv,0.0,0.004962779156327543,0.0,0.0,2418.0,0.0
125199,125189,ER_L_MBUv_125199,ER_L_MBUv_125189,EB,11,ER_L_MBUv,ER_L_MBUv,MBUv,MBUv,0.0,0.004549214226633582,0.0,0.0,2418.0,0.0
54939,125189,EPG_L3_54939,ER_L_MBUv_125189,EB,10,EPG_L3,ER_L_MBUv,EPG,MBUv,0.0,0.0041356492969396195,0.0,0.0,2418.0,0.0
65375,125189,ER_L_MBUv_65375,ER_L_MBUv_125189,EB,10,ER_L_MBUv,ER_L_MBUv,MBUv,MBUv,0.0,0.0041356492969396195,0.0,0.0,2418.0,0.0
125261,125189,ER_L_MBUv_125261,ER_L_MBUv_125189,EB,10,ER_L_MBUv,ER_L_MBUv,MBUv,MBUv,0.0,0.0041356492969396195,0.0,0.0,2418.0,0.0
64154,125189,ER_L_MBUv_64154,ER_L_MBUv_125189,EB,9,ER_L_MBUv,ER_L_MBUv,MBUv,MBUv,0.0,0.0037220843672456576,0.0,0.0,2418.0,0.0
63776,125189,PEN_a_L3_63776,ER_L_MBUv_125189,EB,8,PEN_a_L3,ER_L_MBUv,PEN_a,MBUv,0.0,0.0033085194375516956,0.0,0.0,2418.0,0.0
125194,125189,ER_L_MBUv_125194,ER_L_MBUv_125189,EB,8,ER_L_MBUv,ER_L_MBUv,MBUv,MBUv,0.0,0.0033085194375516956,0.0,0.0,2418.0,0.0
108339,125189,PEN_a_R9_108339,ER_L_MBUv_125189,EB,8,PEN_a_R9,ER_L_MBUv,PEN_a,MBUv,0.0,0.0033085194375516956,0.0,0.0,2418.0,0.0
56356,125189,EPG_R8_56356,ER_L_MBUv_125189,EB,7,EPG_R8,ER_L_MBUv,EPG,MBUv,0.0,0.0028949545078577337,0.0,0.0,2418.0,0.0
112687,125189,PEN_b_L2_112687,ER_L_MBUv_125189,EB,7,PEN_b_L2,ER_L_MBUv,PEN_b,MBUv,0.0,0.0028949545078577337,0.0,0.0,2418.0,0.0
63018,125189,ER_L_MBUv_63018,ER_L_MBUv_125189,EB,7,ER_L_MBUv,ER_L_MBUv,MBUv,MBUv,0.0,0.0028949545078577337,0.0,0.0,2418.0,0.0
64084,125189,EPG_L_R1L1_64084,ER_L_MBUv_125189,EB,7,EPG_L_R1L1,ER_L_MBUv,EPG,MBUv,0.0,0.0028949545078577337,0.0,0.0,2418.0,0.0
189608,125189,ER_R_MBUd_189608,ER_L_MBUv_125189,EB,6,ER_R_MBUd,ER_L_MBUv,MBUd,MBUv,0.0,0.0024813895781637717,0.0,0.0,2418.0,0.0
118347,125189,EPG_R9_118347,ER_L_MBUv_125189,EB,6,EPG_R9,ER_L_MBUv,EPG,MBUv,0.0,0.0024813895781637717,0.0,0.0,2418.0,0.0
108339,65369,PEN_a_R9_108339,ER_L_MBUv_65369,EB,25,PEN_a_R9,ER_L_MBUv,PEN_a,MBUv,0.0,0.010530749789385004,0.0,0.0,2374.0,0.0
47185,65369,ER_R_MBUv_47185,ER_L_MBUv_65369,EB,22,ER_R_MBUv,ER_L_MBUv,MBUv,MBUv,0.0,0.009267059814658803,0.0,0.0,2374.0,0.0
125035,65369,ER_L_MBUv_125035,ER_L_MBUv_65369,EB,20,ER_L_MBUv,ER_L_MBUv,MBUv,MBUv,0.0,0.008424599831508003,0.0,0.0,2374.0,0.0
125189,65369,ER_L_MBUv_125189,ER_L_MBUv_65369,EB,17,ER_L_MBUv,ER_L_MBUv,MBUv,MBUv,0.0,0.007160909856781803,0.0,0.0,2374.0,0.0
65375,65369,ER_L_MBUv_65375,ER_L_MBUv_65369,EB,16,ER_L_MBUv,ER_L_MBUv,MBUv,MBUv,0.0,0.006739679865206402,0.0,0.0,2374.0,0.0
125025,65369,ER_L_MBUv_125025,ER_L_MBUv_65369,EB,16,ER_L_MBUv,ER_L_MBUv,MBUv,MBUv,0.0,0.006739679865206402,0.0,0.0,2374.0,0.0
56383,65369,EPG_R8_56383,ER_L_MBUv_65369,EB,15,EPG_R8,ER_L_MBUv,EPG,MBUv,0.0,0.006318449873631003,0.0,0.0,2374.0,0.0
125041,65369,ER_L_MBUv_125041,ER_L_MBUv_65369,EB,15,ER_L_MBUv,ER_L_MBUv,MBUv,MBUv,0.0,0.006318449873631003,0.0,0.0,2374.0,0.0
125199,65369,ER_L_MBUv_125199,ER_L_MBUv_65369,EB,12,ER_L_MBUv,ER_L_MBUv,MBUv,MBUv,0.0,0.005054759898904802,0.0,0.0,2374.0,0.0
63126,65369,ER_R_MBUv_63126,ER_L_MBUv_65369,EB,11,ER_R_MBUv,ER_L_MBUv,MBUv,MBUv,0.0,0.004633529907329402,0.0,0.0,2374.0,0.0
64077,65369,EPG_L_R1L1_64077,ER_L_MBUv_65369,EB,11,EPG_L_R1L1,ER_L_MBUv,EPG,MBUv,0.0,0.004633529907329402,0.0,0.0,2374.0,0.0
64133,65369,ER_R_MBUv_64133,ER_L_MBUv_65369,EB,10,ER_R_MBUv,ER_L_MBUv,MBUv,MBUv,0.0,0.004212299915754001,0.0,0.0,2374.0,0.0
56356,65369,EPG_R8_56356,ER_L_MBUv_65369,EB,10,EPG_R8,ER_L_MBUv,EPG,MBUv,0.0,0.004212299915754001,0.0,0.0,2374.0,0.0
55944,65369,EPG_L2_55944,ER_L_MBUv_65369,EB,9,EPG_L2,ER_L_MBUv,EPG,MBUv,0.0,0.0037910699241786015,0.0,0.0,2374.0,0.0
55952,65369,EPG_L2_55952,ER_L_MBUv_65369,EB,9,EPG_L2,ER_L_MBUv,EPG,MBUv,0.0,0.0037910699241786015,0.0,0.0,2374.0,0.0
56351,65369,PEG_R8_56351,ER_L_MBUv_65369,EB,9,PEG_R8,ER_L_MBUv,PEG,MBUv,0.0,0.0037910699241786015,0.0,0.0,2374.0,0.0
125261,65369,ER_L_MBUv_125261,ER_L_MBUv_65369,EB,9,ER_L_MBUv,ER_L_MBUv,MBUv,MBUv,0.0,0.0037910699241786015,0.0,0.0,2374.0,0.0
118376,65369,PEN_b_R8_118376,ER_L_MBUv_65369,EB,8,PEN_b_R8,ER_L_MBUv,PEN_b,MBUv,0.0,0.003369839932603201,0.0,0.0,2374.0,0.0
125194,65369,ER_L_MBUv_125194,ER_L_MBUv_65369,EB,7,ER_L_MBUv,ER_L_MBUv,MBUv,MBUv,0.0,0.0029486099410278013,0.0,0.0,2374.0,0.0
118407,65369,PEN_a_R8_118407,ER_L_MBUv_65369,EB,7,PEN_a_R8,ER_L_MBUv,PEN_a,MBUv,0.0,0.0029486099410278013,0.0,0.0,2374.0,0.0
112713,65369,PEN_a_L2_112713,ER_L_MBUv_65369,EB,7,PEN_a_L2,ER_L_MBUv,PEN_a,MBUv,0.0,0.0029486099410278013,0.0,0.0,2374.0,0.0
125099,65369,ER_L_MBUv_125099,ER_L_MBUv_65369,EB,6,ER_L_MBUv,ER_L_MBUv,MBUv,MBUv,0.0,0.002527379949452401,0.0,0.0,2374.0,0.0
63776,65369,PEN_a_L3_63776,ER_L_MBUv_65369,EB,6,PEN_a_L3,ER_L_MBUv,PEN_a,MBUv,0.0,0.002527379949452401,0.0,0.0,2374.0,0.0
64154,65369,ER_L_MBUv_64154,ER_L_MBUv_65369,EB,6,ER_L_MBUv,ER_L_MBUv,MBUv,MBUv,0.0,0.002527379949452401,0.0,0.0,2374.0,0.0
112687,64084,PEN_b_L2_112687,EPG_L_R1L1_64084,EB,71,PEN_b_L2,EPG_L_R1L1,PEN_b,EPG,0.0,0.030896431679721496,0.0,0.0,2298.0,0.0
112713,64084,PEN_a_L2_112713,EPG_L_R1L1_64084,EB,53,PEN_a_L2,EPG_L_R1L1,PEN_a,EPG,0.0,0.023063533507397736,0.0,0.0,2298.0,0.0
108315,64084,PEN_b_R9_108315,EPG_L_R1L1_64084,EB,27,PEN_b_R9,EPG_L_R1L1,PEN_b,EPG,0.0,0.01174934725848564,0.0,0.0,2298.0,0.0
108339,64084,PEN_a_R9_108339,EPG_L_R1L1_64084,EB,26,PEN_a_R9,EPG_L_R1L1,PEN_a,EPG,0.0,0.011314186248912098,0.0,0.0,2298.0,0.0
64077,64084,EPG_L_R1L1_64077,EPG_L_R1L1_64084,EB,22,EPG_L_R1L1,EPG_L_R1L1,EPG,EPG,0.0,0.009573542210617928,0.0,0.0,2298.0,0.0
57041,64084,ER_R_LAL_57041,EPG_L_R1L1_64084,EB,14,ER_R_LAL,EPG_L_R1L1,LAL,EPG,0.0,0.006092254134029591,0.0,0.0,2298.0,0.0
125194,64084,ER_L_MBUv_125194,EPG_L_R1L1_64084,EB,11,ER_L_MBUv,EPG_L_R1L1,MBUv,EPG,0.0,0.004786771105308964,0.0,0.0,2298.0,0.0
64257,64084,PEN_b_R9_64257,EPG_L_R1L1_64084,EB,8,PEN_b_R9,EPG_L_R1L1,PEN_b,EPG,0.0,0.0034812880765883376,0.0,0.0,2298.0,0.0
63988,64084,PEG_L1_63988,EPG_L_R1L1_64084,EB,6,PEG_L1,EPG_L_R1L1,PEG,EPG,0.0,0.0026109660574412533,0.0,0.0,2298.0,0.0
125035,64084,ER_L_MBUv_125035,EPG_L_R1L1_64084,EB,6,ER_L_MBUv,EPG_L_R1L1,MBUv,EPG,0.0,0.0026109660574412533,0.0,0.0,2298.0,0.0
112713,118328,PEN_a_L2_112713,EPG_R9_118328,EB,69,PEN_a_L2,EPG_R9,PEN_a,EPG,0.0,0.0319001386962552,0.0,0.0,2163.0,0.0
108339,118328,PEN_a_R9_108339,EPG_R9_118328,EB,54,PEN_a_R9,EPG_R9,PEN_a,EPG,0.0,0.024965325936199722,0.0,0.0,2163.0,0.0
112687,118328,PEN_b_L2_112687,EPG_R9_118328,EB,39,PEN_b_L2,EPG_R9,PEN_b,EPG,0.0,0.018030513176144243,0.0,0.0,2163.0,0.0
63988,118328,PEG_L1_63988,EPG_R9_118328,EB,15,PEG_L1,EPG_R9,PEG,EPG,0.0,0.006934812760055479,0.0,0.0,2163.0,0.0
64133,118328,ER_R_MBUv_64133,EPG_R9_118328,EB,10,ER_R_MBUv,EPG_R9,MBUv,EPG,0.0,0.004623208506703652,0.0,0.0,2163.0,0.0
65369,118328,ER_L_MBUv_65369,EPG_R9_118328,EB,9,ER_L_MBUv,EPG_R9,MBUv,EPG,0.0,0.004160887656033287,0.0,0.0,2163.0,0.0
125199,118328,ER_L_MBUv_125199,EPG_R9_118328,EB,9,ER_L_MBUv,EPG_R9,MBUv,EPG,0.0,0.004160887656033287,0.0,0.0,2163.0,0.0
64084,118328,EPG_L_R1L1_64084,EPG_R9_118328,EB,7,EPG_L_R1L1,EPG_R9,EPG,EPG,0.0,0.003236245954692557,0.0,0.0,2163.0,0.0
63126,118328,ER_R_MBUv_63126,EPG_R9_118328,EB,7,ER_R_MBUv,EPG_R9,MBUv,EPG,0.0,0.003236245954692557,0.0,0.0,2163.0,0.0
125189,118328,ER_L_MBUv_125189,EPG_R9_118328,EB,6,ER_L_MBUv,EPG_R9,MBUv,EPG,0.0,0.0027739251040221915,0.0,0.0,2163.0,0.0
108315,118328,PEN_b_R9_108315,EPG_R9_118328,EB,6,PEN_b_R9,EPG_R9,PEN_b,EPG,0.0,0.0027739251040221915,0.0,0.0,2163.0,0.0
65375,118328,ER_L_MBUv_65375,EPG_R9_118328,EB,6,ER_L_MBUv,EPG_R9,MBUv,EPG,0.0,0.0027739251040221915,0.0,0.0,2163.0,0.0
63776,118328,PEN_a_L3_63776,EPG_R9_118328,EB,6,PEN_a_L3,EPG_R9,PEN_a,EPG,0.0,0.0027739251040221915,0.0,0.0,2163.0,0.0
112713,118347,PEN_a_L2_112713,EPG_R9_118347,EB,44,PEN_a_L2,EPG_R9,PEN_a,EPG,0.0,0.02187966185977126,0.0,0.0,2011.0,0.0
112687,118347,PEN_b_L2_112687,EPG_R9_118347,EB,43,PEN_b_L2,EPG_R9,PEN_b,EPG,0.0,0.02138239681750373,0.0,0.0,2011.0,0.0
108339,118347,PEN_a_R9_108339,EPG_R9_118347,EB,41,PEN_a_R9,EPG_R9,PEN_a,EPG,0.0,0.020387866732968673,0.0,0.0,2011.0,0.0
63776,118347,PEN_a_L3_63776,EPG_R9_118347,EB,23,PEN_a_L3,EPG_R9,PEN_a,EPG,0.0,0.011437095972153158,0.0,0.0,2011.0,0.0
64077,118347,EPG_L_R1L1_64077,EPG_R9_118347,EB,13,EPG_L_R1L1,EPG_R9,EPG,EPG,0.0,0.006464445549477871,0.0,0.0,2011.0,0.0
63988,118347,PEG_L1_63988,EPG_R9_118347,EB,12,PEG_L1,EPG_R9,PEG,EPG,0.0,0.005967180507210343,0.0,0.0,2011.0,0.0
65375,118347,ER_L_MBUv_65375,EPG_R9_118347,EB,7,ER_L_MBUv,EPG_R9,MBUv,EPG,0.0,0.0034808552958727,0.0,0.0,2011.0,0.0
63126,118347,ER_R_MBUv_63126,EPG_R9_118347,EB,7,ER_R_MBUv,EPG_R9,MBUv,EPG,0.0,0.0034808552958727,0.0,0.0,2011.0,0.0
64154,118347,ER_L_MBUv_64154,EPG_R9_118347,EB,7,ER_L_MBUv,EPG_R9,MBUv,EPG,0.0,0.0034808552958727,0.0,0.0,2011.0,0.0
129326,118347,ER_L_MBUd_129326,EPG_R9_118347,EB,6,ER_L_MBUd,EPG_R9,MBUd,EPG,0.0,0.0029835902536051715,0.0,0.0,2011.0,0.0
125261,118347,ER_L_MBUv_125261,EPG_R9_118347,EB,6,ER_L_MBUv,EPG_R9,MBUv,EPG,0.0,0.0029835902536051715,0.0,0.0,2011.0,0.0
65369,118347,ER_L_MBUv_65369,EPG_R9_118347,EB,6,ER_L_MBUv,EPG_R9,MBUv,EPG,0.0,0.0029835902536051715,0.0,0.0,2011.0,0.0
108315,118347,PEN_b_R9_108315,EPG_R9_118347,EB,6,PEN_b_R9,EPG_R9,PEN_b,EPG,0.0,0.0029835902536051715,0.0,0.0,2011.0,0.0
84500,35102,Delta7_L5R4_84500,PEN_b_L5_35102,PB,374,Delta7_L5R4,PEN_b_L5,Delta7,PEN_b,0.09584828293182983,0.0,0.0,3902.0,0.0,0.0
84466,35102,Delta7_L5R4_84466,PEN_b_L5_35102,PB,363,Delta7_L5R4,PEN_b_L5,Delta7,PEN_b,0.09302921578677602,0.0,0.0,3902.0,0.0,0.0
75297,35102,Delta7_L5R4_75297,PEN_b_L5_35102,PB,321,Delta7_L5R4,PEN_b_L5,Delta7,PEN_b,0.08226550486929779,0.0,0.0,3902.0,0.0,0.0
75326,35102,Delta7_L5R4_75326,PEN_b_L5_35102,PB,272,Delta7_L5R4,PEN_b_L5,Delta7,PEN_b,0.06970784213223988,0.0,0.0,3902.0,0.0,0.0
75302,35102,Delta7_L5R4_75302,PEN_b_L5_35102,PB,246,Delta7_L5R4,PEN_b_L5,Delta7,PEN_b,0.06304459251665813,0.0,0.0,3902.0,0.0,0.0
83239,35102,Delta7_L4R5_83239,PEN_b_L5_35102,PB,158,Delta7_L4R5,PEN_b_L5,Delta7,PEN_b,0.040492055356227574,0.0,0.0,3902.0,0.0,0.0
34187,35102,EPG_L5_34187,PEN_b_L5_35102,PB,112,EPG_L5,PEN_b_L5,EPG,PEN_b,0.028703229113275244,0.0,0.0,3902.0,0.0,0.0
35471,35102,EPG_L5_35471,PEN_b_L5_35102,PB,86,EPG_L5,PEN_b_L5,EPG,PEN_b,0.022039979497693492,0.0,0.0,3902.0,0.0,0.0
34199,35102,EPG_L5_34199,PEN_b_L5_35102,PB,78,EPG_L5,PEN_b_L5,EPG,PEN_b,0.01998974884674526,0.0,0.0,3902.0,0.0,0.0
110806,35102,Delta7_L4R5_110806,PEN_b_L5_35102,PB,72,Delta7_L4R5,PEN_b_L5,Delta7,PEN_b,0.018452075858534086,0.0,0.0,3902.0,0.0,0.0
84303,35102,Delta7_L4R5_84303,PEN_b_L5_35102,PB,58,Delta7_L4R5,PEN_b_L5,Delta7,PEN_b,0.01486417221937468,0.0,0.0,3902.0,0.0,0.0
81522,35102,Delta7_L4R5_81522,PEN_b_L5_35102,PB,14,Delta7_L4R5,PEN_b_L5,Delta7,PEN_b,0.0035879036391594054,0.0,0.0,3902.0,0.0,0.0
83744,35102,Delta7_L6R3_83744,PEN_b_L5_35102,PB,6,Delta7_L6R3,PEN_b_L5,Delta7,PEN_b,0.0015376729882111738,0.0,0.0,3902.0,0.0,0.0
64077,112687,EPG_L_R1L1_64077,PEN_b_L2_112687,EB,46,EPG_L_R1L1,PEN_b_L2,EPG,PEN_b,0.0,0.02569832402234637,0.0,0.0,1790.0,0.0
112713,112687,PEN_a_L2_112713,PEN_b_L2_112687,EB,41,PEN_a_L2,PEN_b_L2,PEN_a,PEN_b,0.0,0.022905027932960894,0.0,0.0,1790.0,0.0
64084,112687,EPG_L_R1L1_64084,PEN_b_L2_112687,EB,40,EPG_L_R1L1,PEN_b_L2,EPG,PEN_b,0.0,0.0223463687150838,0.0,0.0,1790.0,0.0
118347,112687,EPG_R9_118347,PEN_b_L2_112687,EB,15,EPG_R9,PEN_b_L2,EPG,PEN_b,0.0,0.008379888268156424,0.0,0.0,1790.0,0.0
108339,112687,PEN_a_R9_108339,PEN_b_L2_112687,EB,14,PEN_a_R9,PEN_b_L2,PEN_a,PEN_b,0.0,0.00782122905027933,0.0,0.0,1790.0,0.0
84466,34931,Delta7_L5R4_84466,PEN_a_L5_34931,PB,77,Delta7_L5R4,PEN_a_L5,Delta7,PEN_a,0.03906646372399797,0.0,0.0,1971.0,0.0,0.0
75297,34931,Delta7_L5R4_75297,PEN_a_L5_34931,PB,69,Delta7_L5R4,PEN_a_L5,Delta7,PEN_a,0.0350076103500761,0.0,0.0,1971.0,0.0,0.0
84500,34931,Delta7_L5R4_84500,PEN_a_L5_34931,PB,60,Delta7_L5R4,PEN_a_L5,Delta7,PEN_a,0.030441400304414,0.0,0.0,1971.0,0.0,0.0
75302,34931,Delta7_L5R4_75302,PEN_a_L5_34931,PB,53,Delta7_L5R4,PEN_a_L5,Delta7,PEN_a,0.026889903602232368,0.0,0.0,1971.0,0.0,0.0
75326,34931,Delta7_L5R4_75326,PEN_a_L5_34931,PB,52,Delta7_L5R4,PEN_a_L5,Delta7,PEN_a,0.026382546930492135,0.0,0.0,1971.0,0.0,0.0
83239,34931,Delta7_L4R5_83239,PEN_a_L5_34931,PB,38,Delta7_L4R5,PEN_a_L5,Delta7,PEN_a,0.019279553526128868,0.0,0.0,1971.0,0.0,0.0
35471,34931,EPG_L5_35471,PEN_a_L5_34931,PB,18,EPG_L5,PEN_a_L5,EPG,PEN_a,0.0091324200913242,0.0,0.0,1971.0,0.0,0.0
110806,34931,Delta7_L4R5_110806,PEN_a_L5_34931,PB,16,Delta7_L4R5,PEN_a_L5,Delta7,PEN_a,0.008117706747843734,0.0,0.0,1971.0,0.0,0.0
34187,34931,EPG_L5_34187,PEN_a_L5_34931,PB,12,EPG_L5,PEN_a_L5,EPG,PEN_a,0.0060882800608828,0.0,0.0,1971.0,0.0,0.0
34199,34931,EPG_L5_34199,PEN_a_L5_34931,PB,11,EPG_L5,PEN_a_L5,EPG,PEN_a,0.005580923389142567,0.0,0.0,1971.0,0.0,0.0
84303,34931,Delta7_L4R5_84303,PEN_a_L5_34931,PB,9,Delta7_L4R5,PEN_a_L5,Delta7,PEN_a,0.0045662100456621,0.0,0.0,1971.0,0.0,0.0
82590,99063,Delta7_L3R6_82590,PEG_L3_99063,PB,207,Delta7_L3R6,PEG_L3,Delta7,PEG,0.07227653631284917,0.0,0.0,2864.0,0.0,0.0
84631,99063,Delta7_L3R6_84631,PEG_L3_99063,PB,194,Delta7_L3R6,PEG_L3,Delta7,PEG,0.06773743016759777,0.0,0.0,2864.0,0.0,0.0
84354,99063,Delta7_L3R6_84354,PEG_L3_99063,PB,149,Delta7_L3R6,PEG_L3,Delta7,PEG,0.052025139664804466,0.0,0.0,2864.0,0.0,0.0
81541,99063,Delta7_L3R6_81541,PEG_L3_99063,PB,143,Delta7_L3R6,PEG_L3,Delta7,PEG,0.04993016759776536,0.0,0.0,2864.0,0.0,0.0
81527,99063,Delta7_L3R6_81527,PEG_L3_99063,PB,135,Delta7_L3R6,PEG_L3,Delta7,PEG,0.04713687150837989,0.0,0.0,2864.0,0.0,0.0
79852,99063,Delta7_L3R6_79852,PEG_L3_99063,PB,120,Delta7_L3R6,PEG_L3,Delta7,PEG,0.04189944134078212,0.0,0.0,2864.0,0.0,0.0
83722,99063,Delta7_L2L1_83722,PEG_L3_99063,PB,96,Delta7_L2L1,PEG_L3,Delta7,PEG,0.0335195530726257,0.0,0.0,2864.0,0.0,0.0
54939,99063,EPG_L3_54939,PEG_L3_99063,PB,57,EPG_L3,PEG_L3,EPG,PEG,0.019902234636871508,0.0,0.0,2864.0,0.0,0.0
84473,99063,Delta7_L2L1_84473,PEG_L3_99063,PB,47,Delta7_L2L1,PEG_L3,Delta7,PEG,0.016410614525139665,0.0,0.0,2864.0,0.0,0.0
57529,99063,EPG_L3_57529,PEG_L3_99063,PB,41,EPG_L3,PEG_L3,EPG,PEG,0.01431564245810056,0.0,0.0,2864.0,0.0,0.0
57518,99063,EPG_L3_57518,PEG_L3_99063,PB,38,EPG_L3,PEG_L3,EPG,PEG,0.013268156424581005,0.0,0.0,2864.0,0.0,0.0
42181,99063,Delta7_L2L1_42181,PEG_L3_99063,PB,28,Delta7_L2L1,PEG_L3,Delta7,PEG,0.009776536312849162,0.0,0.0,2864.0,0.0,0.0
83213,99063,Delta7_L2L1_83213,PEG_L3_99063,PB,26,Delta7_L2L1,PEG_L3,Delta7,PEG,0.009078212290502794,0.0,0.0,2864.0,0.0,0.0
84178,99063,Delta7_L2L1_84178,PEG_L3_99063,PB,19,Delta7_L2L1,PEG_L3,Delta7,PEG,0.006634078212290503,0.0,0.0,2864.0,0.0,0.0
125035,65375,ER_L_MBUv_125035,ER_L_MBUv_65375,EB,25,ER_L_MBUv,ER_L_MBUv,MBUv,MBUv,0.0,0.014196479273140262,0.0,0.0,1761.0,0.0
65369,65375,ER_L_MBUv_65369,ER_L_MBUv_65375,EB,18,ER_L_MBUv,ER_L_MBUv,MBUv,MBUv,0.0,0.010221465076660987,0.0,0.0,1761.0,0.0
47185,65375,ER_R_MBUv_47185,ER_L_MBUv_65375,EB,17,ER_R_MBUv,ER_L_MBUv,MBUv,MBUv,0.0,0.009653605905735378,0.0,0.0,1761.0,0.0
125025,65375,ER_L_MBUv_125025,ER_L_MBUv_65375,EB,15,ER_L_MBUv,ER_L_MBUv,MBUv,MBUv,0.0,0.008517887563884156,0.0,0.0,1761.0,0.0
64077,65375,EPG_L_R1L1_64077,ER_L_MBUv_65375,EB,14,EPG_L_R1L1,ER_L_MBUv,EPG,MBUv,0.0,0.007950028392958546,0.0,0.0,1761.0,0.0
55952,65375,EPG_L2_55952,ER_L_MBUv_65375,EB,12,EPG_L2,ER_L_MBUv,EPG,MBUv,0.0,0.0068143100511073255,0.0,0.0,1761.0,0.0
54939,65375,EPG_L3_54939,ER_L_MBUv_65375,EB,11,EPG_L3,ER_L_MBUv,EPG,MBUv,0.0,0.006246450880181715,0.0,0.0,1761.0,0.0
64133,65375,ER_R_MBUv_64133,ER_L_MBUv_65375,EB,9,ER_R_MBUv,ER_L_MBUv,MBUv,MBUv,0.0,0.005110732538330494,0.0,0.0,1761.0,0.0
125099,65375,ER_L_MBUv_125099,ER_L_MBUv_65375,EB,9,ER_L_MBUv,ER_L_MBUv,MBUv,MBUv,0.0,0.005110732538330494,0.0,0.0,1761.0,0.0
55936,65375,EPG_R8_55936,ER_L_MBUv_65375,EB,9,EPG_R8,ER_L_MBUv,EPG,MBUv,0.0,0.005110732538330494,0.0,0.0,1761.0,0.0
56356,65375,EPG_R8_56356,ER_L_MBUv_65375,EB,9,EPG_R8,ER_L_MBUv,EPG,MBUv,0.0,0.005110732538330494,0.0,0.0,1761.0,0.0
112687,65375,PEN_b_L2_112687,ER_L_MBUv_65375,EB,7,PEN_b_L2,ER_L_MBUv,PEN_b,MBUv,0.0,0.003975014196479273,0.0,0.0,1761.0,0.0
125189,65375,ER_L_MBUv_125189,ER_L_MBUv_65375,EB,6,ER_L_MBUv,ER_L_MBUv,MBUv,MBUv,0.0,0.0034071550255536627,0.0,0.0,1761.0,0.0
55944,65375,EPG_L2_55944,ER_L_MBUv_65375,EB,6,EPG_L2,ER_L_MBUv,EPG,MBUv,0.0,0.0034071550255536627,0.0,0.0,1761.0,0.0
82632,60208,Delta7_L6R3_82632,PEG_L6_60208,PB,173,Delta7_L6R3,PEG_L6,Delta7,PEG,0.06840648477659154,0.0,0.0,2529.0,0.0,0.0
80994,60208,Delta7_L6R3_80994,PEG_L6_60208,PB,135,Delta7_L6R3,PEG_L6,Delta7,PEG,0.05338078291814947,0.0,0.0,2529.0,0.0,0.0
83744,60208,Delta7_L6R3_83744,PEG_L6_60208,PB,132,Delta7_L6R3,PEG_L6,Delta7,PEG,0.05219454329774614,0.0,0.0,2529.0,0.0,0.0
83232,60208,Delta7_L6R3_83232,PEG_L6_60208,PB,100,Delta7_L6R3,PEG_L6,Delta7,PEG,0.039541320680110716,0.0,0.0,2529.0,0.0,0.0
86277,60208,Delta7_L6R3_86277,PEG_L6_60208,PB,89,Delta7_L6R3,PEG_L6,Delta7,PEG,0.03519177540529854,0.0,0.0,2529.0,0.0,0.0
84617,60208,Delta7_L6R3_84617,PEG_L6_60208,PB,86,Delta7_L6R3,PEG_L6,Delta7,PEG,0.034005535784895215,0.0,0.0,2529.0,0.0,0.0
84500,60208,Delta7_L5R4_84500,PEG_L6_60208,PB,62,Delta7_L5R4,PEG_L6,Delta7,PEG,0.024515618821668642,0.0,0.0,2529.0,0.0,0.0
84466,60208,Delta7_L5R4_84466,PEG_L6_60208,PB,47,Delta7_L5R4,PEG_L6,Delta7,PEG,0.018584420719652037,0.0,0.0,2529.0,0.0,0.0
75326,60208,Delta7_L5R4_75326,PEG_L6_60208,PB,46,Delta7_L5R4,PEG_L6,Delta7,PEG,0.01818900751285093,0.0,0.0,2529.0,0.0,0.0
75302,60208,Delta7_L5R4_75302,PEG_L6_60208,PB,39,Delta7_L5R4,PEG_L6,Delta7,PEG,0.01542111506524318,0.0,0.0,2529.0,0.0,0.0
57712,60208,EPG_L6_57712,PEG_L6_60208,PB,39,EPG_L6,PEG_L6,EPG,PEG,0.01542111506524318,0.0,0.0,2529.0,0.0,0.0
59381,60208,EPG_L6_59381,PEG_L6_60208,PB,38,EPG_L6,PEG_L6,EPG,PEG,0.015025701858442072,0.0,0.0,2529.0,0.0,0.0
60458,60208,EPG_L6_60458,PEG_L6_60208,PB,34,EPG_L6,PEG_L6,EPG,PEG,0.013444049031237644,0.0,0.0,2529.0,0.0,0.0
75297,60208,Delta7_L5R4_75297,PEG_L6_60208,PB,26,Delta7_L5R4,PEG_L6,Delta7,PEG,0.010280743376828785,0.0,0.0,2529.0,0.0,0.0
47185,125041,ER_R_MBUv_47185,ER_L_MBUv_125041,EB,16,ER_R_MBUv,ER_L_MBUv,MBUv,MBUv,0.0,0.009714632665452338,0.0,0.0,1647.0,0.0
65369,125041,ER_L_MBUv_65369,ER_L_MBUv_125041,EB,14,ER_L_MBUv,ER_L_MBUv,MBUv,MBUv,0.0,0.008500303582270795,0.0,0.0,1647.0,0.0
55944,125041,EPG_L2_55944,ER_L_MBUv_125041,EB,13,EPG_L2,ER_L_MBUv,EPG,MBUv,0.0,0.007893139040680024,0.0,0.0,1647.0,0.0
63018,125041,ER_L_MBUv_63018,ER_L_MBUv_125041,EB,13,ER_L_MBUv,ER_L_MBUv,MBUv,MBUv,0.0,0.007893139040680024,0.0,0.0,1647.0,0.0
64133,125041,ER_R_MBUv_64133,ER_L_MBUv_125041,EB,12,ER_R_MBUv,ER_L_MBUv,MBUv,MBUv,0.0,0.007285974499089253,0.0,0.0,1647.0,0.0
63126,125041,ER_R_MBUv_63126,ER_L_MBUv_125041,EB,11,ER_R_MBUv,ER_L_MBUv,MBUv,MBUv,0.0,0.006678809957498482,0.0,0.0,1647.0,0.0
125025,125041,ER_L_MBUv_125025,ER_L_MBUv_125041,EB,10,ER_L_MBUv,ER_L_MBUv,MBUv,MBUv,0.0,0.006071645415907711,0.0,0.0,1647.0,0.0
125189,125041,ER_L_MBUv_125189,ER_L_MBUv_125041,EB,10,ER_L_MBUv,ER_L_MBUv,MBUv,MBUv,0.0,0.006071645415907711,0.0,0.0,1647.0,0.0
125261,125041,ER_L_MBUv_125261,ER_L_MBUv_125041,EB,9,ER_L_MBUv,ER_L_MBUv,MBUv,MBUv,0.0,0.00546448087431694,0.0,0.0,1647.0,0.0
56383,125041,EPG_R8_56383,ER_L_MBUv_125041,EB,8,EPG_R8,ER_L_MBUv,EPG,MBUv,0.0,0.004857316332726169,0.0,0.0,1647.0,0.0
55936,125041,EPG_R8_55936,ER_L_MBUv_125041,EB,8,EPG_R8,ER_L_MBUv,EPG,MBUv,0.0,0.004857316332726169,0.0,0.0,1647.0,0.0
108315,125041,PEN_b_R9_108315,ER_L_MBUv_125041,EB,7,PEN_b_R9,ER_L_MBUv,PEN_b,MBUv,0.0,0.004250151791135397,0.0,0.0,1647.0,0.0
118376,125041,PEN_b_R8_118376,ER_L_MBUv_125041,EB,6,PEN_b_R8,ER_L_MBUv,PEN_b,MBUv,0.0,0.0036429872495446266,0.0,0.0,1647.0,0.0
55952,125041,EPG_L2_55952,ER_L_MBUv_125041,EB,6,EPG_L2,ER_L_MBUv,EPG,MBUv,0.0,0.0036429872495446266,0.0,0.0,1647.0,0.0
112713,125041,PEN_a_L2_112713,ER_L_MBUv_125041,EB,6,PEN_a_L2,ER_L_MBUv,PEN_a,MBUv,0.0,0.0036429872495446266,0.0,0.0,1647.0,0.0
84466,34187,Delta7_L5R4_84466,EPG_L5_34187,PB,202,Delta7_L5R4,EPG_L5,Delta7,EPG,0.08128772635814889,0.0,0.0,2485.0,0.0,0.0
84500,34187,Delta7_L5R4_84500,EPG_L5_34187,PB,171,Delta7_L5R4,EPG_L5,Delta7,EPG,0.06881287726358148,0.0,0.0,2485.0,0.0,0.0
75297,34187,Delta7_L5R4_75297,EPG_L5_34187,PB,151,Delta7_L5R4,EPG_L5,Delta7,EPG,0.060764587525150904,0.0,0.0,2485.0,0.0,0.0
75302,34187,Delta7_L5R4_75302,EPG_L5_34187,PB,146,Delta7_L5R4,EPG_L5,Delta7,EPG,0.05875251509054326,0.0,0.0,2485.0,0.0,0.0
75326,34187,Delta7_L5R4_75326,EPG_L5_34187,PB,116,Delta7_L5R4,EPG_L5,Delta7,EPG,0.04668008048289739,0.0,0.0,2485.0,0.0,0.0
83239,34187,Delta7_L4R5_83239,EPG_L5_34187,PB,106,Delta7_L4R5,EPG_L5,Delta7,EPG,0.04265593561368209,0.0,0.0,2485.0,0.0,0.0
110806,34187,Delta7_L4R5_110806,EPG_L5_34187,PB,64,Delta7_L4R5,EPG_L5,Delta7,EPG,0.025754527162977867,0.0,0.0,2485.0,0.0,0.0
84303,34187,Delta7_L4R5_84303,EPG_L5_34187,PB,55,Delta7_L4R5,EPG_L5,Delta7,EPG,0.022132796780684104,0.0,0.0,2485.0,0.0,0.0
81522,34187,Delta7_L4R5_81522,EPG_L5_34187,PB,18,Delta7_L4R5,EPG_L5,Delta7,EPG,0.007243460764587525,0.0,0.0,2485.0,0.0,0.0
83112,34187,Delta7_L4R5_83112,EPG_L5_34187,PB,13,Delta7_L4R5,EPG_L5,Delta7,EPG,0.005231388329979879,0.0,0.0,2485.0,0.0,0.0
83744,34187,Delta7_L6R3_83744,EPG_L5_34187,PB,12,Delta7_L6R3,EPG_L5,Delta7,EPG,0.00482897384305835,0.0,0.0,2485.0,0.0,0.0
62562,125560,ER_L_LBU_62562,ER_L_LBU_125560,EB,8,ER_L_LBU,ER_L_LBU,LBU,LBU,0.0,0.005681818181818182,0.0,0.0,1408.0,0.0
139934,125560,ER_L_LBU_139934,ER_L_LBU_125560,EB,7,ER_L_LBU,ER_L_LBU,LBU,LBU,0.0,0.004971590909090909,0.0,0.0,1408.0,0.0
141559,125560,ER_L_LBU_141559,ER_L_LBU_125560,EB,7,ER_L_LBU,ER_L_LBU,LBU,LBU,0.0,0.004971590909090909,0.0,0.0,1408.0,0.0
129538,125560,ER_L_MBUd_129538,ER_L_LBU_125560,EB,6,ER_L_MBUd,ER_L_LBU,MBUd,LBU,0.0,0.004261363636363636,0.0,0.0,1408.0,0.0
142952,125560,ER_L_LBU_142952,ER_L_LBU_125560,EB,6,ER_L_LBU,ER_L_LBU,LBU,LBU,0.0,0.004261363636363636,0.0,0.0,1408.0,0.0
55936,125560,EPG_R8_55936,ER_L_LBU_125560,EB,6,EPG_R8,ER_L_LBU,EPG,LBU,0.0,0.004261363636363636,0.0,0.0,1408.0,0.0
112713,184355,PEN_a_L2_112713,ER_R_MBUd_184355,EB,11,PEN_a_L2,ER_R_MBUd,PEN_a,MBUd,0.0,0.007676203768318213,0.0,0.0,1433.0,0.0
56351,184355,PEG_R8_56351,ER_R_MBUd_184355,EB,9,PEG_R8,ER_R_MBUd,PEG,MBUd,0.0,0.00628053035589672,0.0,0.0,1433.0,0.0
118407,184355,PEN_a_R8_118407,ER_R_MBUd_184355,EB,8,PEN_a_R8,ER_R_MBUd,PEN_a,MBUd,0.0,0.005582693649685973,0.0,0.0,1433.0,0.0
64154,184355,ER_L_MBUv_64154,ER_R_MBUd_184355,EB,8,ER_L_MBUv,ER_R_MBUd,MBUv,MBUd,0.0,0.005582693649685973,0.0,0.0,1433.0,0.0
64084,184355,EPG_L_R1L1_64084,ER_R_MBUd_184355,EB,6,EPG_L_R1L1,ER_R_MBUd,EPG,MBUd,0.0,0.00418702023726448,0.0,0.0,1433.0,0.0
125189,184355,ER_L_MBUv_125189,ER_R_MBUd_184355,EB,6,ER_L_MBUv,ER_R_MBUd,MBUv,MBUd,0.0,0.00418702023726448,0.0,0.0,1433.0,0.0
82632,57712,Delta7_L6R3_82632,EPG_L6_57712,PB,193,Delta7_L6R3,EPG_L6,Delta7,EPG,0.07861507128309572,0.0,0.0,2455.0,0.0,0.0
83744,57712,Delta7_L6R3_83744,EPG_L6_57712,PB,169,Delta7_L6R3,EPG_L6,Delta7,EPG,0.06883910386965376,0.0,0.0,2455.0,0.0,0.0
80994,57712,Delta7_L6R3_80994,EPG_L6_57712,PB,168,Delta7_L6R3,EPG_L6,Delta7,EPG,0.06843177189409369,0.0,0.0,2455.0,0.0,0.0
84617,57712,Delta7_L6R3_84617,EPG_L6_57712,PB,150,Delta7_L6R3,EPG_L6,Delta7,EPG,0.06109979633401222,0.0,0.0,2455.0,0.0,0.0
86277,57712,Delta7_L6R3_86277,EPG_L6_57712,PB,127,Delta7_L6R3,EPG_L6,Delta7,EPG,0.05173116089613035,0.0,0.0,2455.0,0.0,0.0
83232,57712,Delta7_L6R3_83232,EPG_L6_57712,PB,102,Delta7_L6R3,EPG_L6,Delta7,EPG,0.04154786150712831,0.0,0.0,2455.0,0.0,0.0
84466,57712,Delta7_L5R4_84466,EPG_L6_57712,PB,66,Delta7_L5R4,EPG_L6,Delta7,EPG,0.026883910386965377,0.0,0.0,2455.0,0.0,0.0
84500,57712,Delta7_L5R4_84500,EPG_L6_57712,PB,58,Delta7_L5R4,EPG_L6,Delta7,EPG,0.023625254582484725,0.0,0.0,2455.0,0.0,0.0
75297,57712,Delta7_L5R4_75297,EPG_L6_57712,PB,34,Delta7_L5R4,EPG_L6,Delta7,EPG,0.01384928716904277,0.0,0.0,2455.0,0.0,0.0
75326,57712,Delta7_L5R4_75326,EPG_L6_57712,PB,32,Delta7_L5R4,EPG_L6,Delta7,EPG,0.013034623217922607,0.0,0.0,2455.0,0.0,0.0
75302,57712,Delta7_L5R4_75302,EPG_L6_57712,PB,32,Delta7_L5R4,EPG_L6,Delta7,EPG,0.013034623217922607,0.0,0.0,2455.0,0.0,0.0
65375,64133,ER_L_MBUv_65375,ER_R_MBUv_64133,EB,24,ER_L_MBUv,ER_R_MBUv,MBUv,MBUv,0.0,0.015584415584415584,0.0,0.0,1540.0,0.0
47185,64133,ER_R_MBUv_47185,ER_R_MBUv_64133,EB,22,ER_R_MBUv,ER_R_MBUv,MBUv,MBUv,0.0,0.014285714285714285,0.0,0.0,1540.0,0.0
65369,64133,ER_L_MBUv_65369,ER_R_MBUv_64133,EB,17,ER_L_MBUv,ER_R_MBUv,MBUv,MBUv,0.0,0.01103896103896104,0.0,0.0,1540.0,0.0
125189,64133,ER_L_MBUv_125189,ER_R_MBUv_64133,EB,13,ER_L_MBUv,ER_R_MBUv,MBUv,MBUv,0.0,0.008441558441558441,0.0,0.0,1540.0,0.0
125261,64133,ER_L_MBUv_125261,ER_R_MBUv_64133,EB,11,ER_L_MBUv,ER_R_MBUv,MBUv,MBUv,0.0,0.007142857142857143,0.0,0.0,1540.0,0.0
55936,64133,EPG_R8_55936,ER_R_MBUv_64133,EB,10,EPG_R8,ER_R_MBUv,EPG,MBUv,0.0,0.006493506493506494,0.0,0.0,1540.0,0.0
125035,64133,ER_L_MBUv_125035,ER_R_MBUv_64133,EB,9,ER_L_MBUv,ER_R_MBUv,MBUv,MBUv,0.0,0.005844155844155844,0.0,0.0,1540.0,0.0
56356,64133,EPG_R8_56356,ER_R_MBUv_64133,EB,9,EPG_R8,ER_R_MBUv,EPG,MBUv,0.0,0.005844155844155844,0.0,0.0,1540.0,0.0
108339,64133,PEN_a_R9_108339,ER_R_MBUv_64133,EB,8,PEN_a_R9,ER_R_MBUv,PEN_a,MBUv,0.0,0.005194805194805195,0.0,0.0,1540.0,0.0
56383,64133,EPG_R8_56383,ER_R_MBUv_64133,EB,8,EPG_R8,ER_R_MBUv,EPG,MBUv,0.0,0.005194805194805195,0.0,0.0,1540.0,0.0
112713,64133,PEN_a_L2_112713,ER_R_MBUv_64133,EB,8,PEN_a_L2,ER_R_MBUv,PEN_a,MBUv,0.0,0.005194805194805195,0.0,0.0,1540.0,0.0
125194,64133,ER_L_MBUv_125194,ER_R_MBUv_64133,EB,7,ER_L_MBUv,ER_R_MBUv,MBUv,MBUv,0.0,0.004545454545454545,0.0,0.0,1540.0,0.0
56351,64133,PEG_R8_56351,ER_R_MBUv_64133,EB,7,PEG_R8,ER_R_MBUv,PEG,MBUv,0.0,0.004545454545454545,0.0,0.0,1540.0,0.0
118328,64133,EPG_R9_118328,ER_R_MBUv_64133,EB,7,EPG_R9,ER_R_MBUv,EPG,MBUv,0.0,0.004545454545454545,0.0,0.0,1540.0,0.0
63126,64133,ER_R_MBUv_63126,ER_R_MBUv_64133,EB,7,ER_R_MBUv,ER_R_MBUv,MBUv,MBUv,0.0,0.004545454545454545,0.0,0.0,1540.0,0.0
64154,64133,ER_L_MBUv_64154,ER_R_MBUv_64133,EB,7,ER_L_MBUv,ER_R_MBUv,MBUv,MBUv,0.0,0.004545454545454545,0.0,0.0,1540.0,0.0
183953,64133,ER_R_MBUv_183953,ER_R_MBUv_64133,EB,6,ER_R_MBUv,ER_R_MBUv,MBUv,MBUv,0.0,0.003896103896103896,0.0,0.0,1540.0,0.0
125099,64133,ER_L_MBUv_125099,ER_R_MBUv_64133,EB,6,ER_L_MBUv,ER_R_MBUv,MBUv,MBUv,0.0,0.003896103896103896,0.0,0.0,1540.0,0.0
64257,64133,PEN_b_R9_64257,ER_R_MBUv_64133,EB,6,PEN_b_R9,ER_R_MBUv,PEN_b,MBUv,0.0,0.003896103896103896,0.0,0.0,1540.0,0.0
108315,64133,PEN_b_R9_108315,ER_R_MBUv_64133,EB,6,PEN_b_R9,ER_R_MBUv,PEN_b,MBUv,0.0,0.003896103896103896,0.0,0.0,1540.0,0.0
112687,125199,PEN_b_L2_112687,ER_L_MBUv_125199,EB,18,PEN_b_L2,ER_L_MBUv,PEN_b,MBUv,0.0,0.011865524060646011,0.0,0.0,1517.0,0.0
64154,125199,ER_L_MBUv_64154,ER_L_MBUv_125199,EB,13,ER_L_MBUv,ER_L_MBUv,MBUv,MBUv,0.0,0.008569545154911009,0.0,0.0,1517.0,0.0
125041,125199,ER_L_MBUv_125041,ER_L_MBUv_125199,EB,11,ER_L_MBUv,ER_L_MBUv,MBUv,MBUv,0.0,0.007251153592617007,0.0,0.0,1517.0,0.0
125025,125199,ER_L_MBUv_125025,ER_L_MBUv_125199,EB,11,ER_L_MBUv,ER_L_MBUv,MBUv,MBUv,0.0,0.007251153592617007,0.0,0.0,1517.0,0.0
65369,125199,ER_L_MBUv_65369,ER_L_MBUv_125199,EB,10,ER_L_MBUv,ER_L_MBUv,MBUv,MBUv,0.0,0.0065919578114700065,0.0,0.0,1517.0,0.0
55944,125199,EPG_L2_55944,ER_L_MBUv_125199,EB,10,EPG_L2,ER_L_MBUv,EPG,MBUv,0.0,0.0065919578114700065,0.0,0.0,1517.0,0.0
55952,125199,EPG_L2_55952,ER_L_MBUv_125199,EB,10,EPG_L2,ER_L_MBUv,EPG,MBUv,0.0,0.0065919578114700065,0.0,0.0,1517.0,0.0
125035,125199,ER_L_MBUv_125035,ER_L_MBUv_125199,EB,10,ER_L_MBUv,ER_L_MBUv,MBUv,MBUv,0.0,0.0065919578114700065,0.0,0.0,1517.0,0.0
56356,125199,EPG_R8_56356,ER_L_MBUv_125199,EB,10,EPG_R8,ER_L_MBUv,EPG,MBUv,0.0,0.0065919578114700065,0.0,0.0,1517.0,0.0
47185,125199,ER_R_MBUv_47185,ER_L_MBUv_125199,EB,9,ER_R_MBUv,ER_L_MBUv,MBUv,MBUv,0.0,0.005932762030323006,0.0,0.0,1517.0,0.0
55936,125199,EPG_R8_55936,ER_L_MBUv_125199,EB,9,EPG_R8,ER_L_MBUv,EPG,MBUv,0.0,0.005932762030323006,0.0,0.0,1517.0,0.0
63776,125199,PEN_a_L3_63776,ER_L_MBUv_125199,EB,8,PEN_a_L3,ER_L_MBUv,PEN_a,MBUv,0.0,0.005273566249176005,0.0,0.0,1517.0,0.0
65375,125199,ER_L_MBUv_65375,ER_L_MBUv_125199,EB,8,ER_L_MBUv,ER_L_MBUv,MBUv,MBUv,0.0,0.005273566249176005,0.0,0.0,1517.0,0.0
54939,125199,EPG_L3_54939,ER_L_MBUv_125199,EB,7,EPG_L3,ER_L_MBUv,EPG,MBUv,0.0,0.004614370468029005,0.0,0.0,1517.0,0.0
64077,125199,EPG_L_R1L1_64077,ER_L_MBUv_125199,EB,7,EPG_L_R1L1,ER_L_MBUv,EPG,MBUv,0.0,0.004614370468029005,0.0,0.0,1517.0,0.0
64084,125199,EPG_L_R1L1_64084,ER_L_MBUv_125199,EB,7,EPG_L_R1L1,ER_L_MBUv,EPG,MBUv,0.0,0.004614370468029005,0.0,0.0,1517.0,0.0
64133,125199,ER_R_MBUv_64133,ER_L_MBUv_125199,EB,6,ER_R_MBUv,ER_L_MBUv,MBUv,MBUv,0.0,0.003955174686882004,0.0,0.0,1517.0,0.0
125194,125199,ER_L_MBUv_125194,ER_L_MBUv_125199,EB,6,ER_L_MBUv,ER_L_MBUv,MBUv,MBUv,0.0,0.003955174686882004,0.0,0.0,1517.0,0.0
63126,125199,ER_R_MBUv_63126,ER_L_MBUv_125199,EB,6,ER_R_MBUv,ER_L_MBUv,MBUv,MBUv,0.0,0.003955174686882004,0.0,0.0,1517.0,0.0
84466,35471,Delta7_L5R4_84466,EPG_L5_35471,PB,202,Delta7_L5R4,EPG_L5,Delta7,EPG,0.09058295964125561,0.0,0.0,2230.0,0.0,0.0
83239,35471,Delta7_L4R5_83239,EPG_L5_35471,PB,145,Delta7_L4R5,EPG_L5,Delta7,EPG,0.06502242152466367,0.0,0.0,2230.0,0.0,0.0
84500,35471,Delta7_L5R4_84500,EPG_L5_35471,PB,134,Delta7_L5R4,EPG_L5,Delta7,EPG,0.060089686098654706,0.0,0.0,2230.0,0.0,0.0
75302,35471,Delta7_L5R4_75302,EPG_L5_35471,PB,119,Delta7_L5R4,EPG_L5,Delta7,EPG,0.05336322869955157,0.0,0.0,2230.0,0.0,0.0
75297,35471,Delta7_L5R4_75297,EPG_L5_35471,PB,109,Delta7_L5R4,EPG_L5,Delta7,EPG,0.04887892376681614,0.0,0.0,2230.0,0.0,0.0
75326,35471,Delta7_L5R4_75326,EPG_L5_35471,PB,69,Delta7_L5R4,EPG_L5,Delta7,EPG,0.03094170403587444,0.0,0.0,2230.0,0.0,0.0
84303,35471,Delta7_L4R5_84303,EPG_L5_35471,PB,62,Delta7_L4R5,EPG_L5,Delta7,EPG,0.02780269058295964,0.0,0.0,2230.0,0.0,0.0
81522,35471,Delta7_L4R5_81522,EPG_L5_35471,PB,45,Delta7_L4R5,EPG_L5,Delta7,EPG,0.020179372197309416,0.0,0.0,2230.0,0.0,0.0
110806,35471,Delta7_L4R5_110806,EPG_L5_35471,PB,37,Delta7_L4R5,EPG_L5,Delta7,EPG,0.016591928251121078,0.0,0.0,2230.0,0.0,0.0
83112,35471,Delta7_L4R5_83112,EPG_L5_35471,PB,34,Delta7_L4R5,EPG_L5,Delta7,EPG,0.015246636771300448,0.0,0.0,2230.0,0.0,0.0
83744,35471,Delta7_L6R3_83744,EPG_L5_35471,PB,7,Delta7_L6R3,EPG_L5,Delta7,EPG,0.003139013452914798,0.0,0.0,2230.0,0.0,0.0
55952,64257,EPG_L2_55952,PEN_b_R9_64257,EB,17,EPG_L2,PEN_b_R9,EPG,PEN_b,0.0,0.012592592592592593,0.0,0.0,1350.0,0.0
55936,64257,EPG_R8_55936,PEN_b_R9_64257,EB,16,EPG_R8,PEN_b_R9,EPG,PEN_b,0.0,0.011851851851851851,0.0,0.0,1350.0,0.0
56356,64257,EPG_R8_56356,PEN_b_R9_64257,EB,14,EPG_R8,PEN_b_R9,EPG,PEN_b,0.0,0.01037037037037037,0.0,0.0,1350.0,0.0
108339,64257,PEN_a_R9_108339,PEN_b_R9_64257,EB,11,PEN_a_R9,PEN_b_R9,PEN_a,PEN_b,0.0,0.008148148148148147,0.0,0.0,1350.0,0.0
125261,64257,ER_L_MBUv_125261,PEN_b_R9_64257,EB,10,ER_L_MBUv,PEN_b_R9,MBUv,PEN_b,0.0,0.007407407407407408,0.0,0.0,1350.0,0.0
55944,64257,EPG_L2_55944,PEN_b_R9_64257,EB,9,EPG_L2,PEN_b_R9,EPG,PEN_b,0.0,0.006666666666666667,0.0,0.0,1350.0,0.0
112713,64257,PEN_a_L2_112713,PEN_b_R9_64257,EB,9,PEN_a_L2,PEN_b_R9,PEN_a,PEN_b,0.0,0.006666666666666667,0.0,0.0,1350.0,0.0
63776,64257,PEN_a_L3_63776,PEN_b_R9_64257,EB,7,PEN_a_L3,PEN_b_R9,PEN_a,PEN_b,0.0,0.005185185185185185,0.0,0.0,1350.0,0.0
64077,64257,EPG_L_R1L1_64077,PEN_b_R9_64257,EB,7,EPG_L_R1L1,PEN_b_R9,EPG,PEN_b,0.0,0.005185185185185185,0.0,0.0,1350.0,0.0
80994,59381,Delta7_L6R3_80994,EPG_L6_59381,PB,135,Delta7_L6R3,EPG_L6,Delta7,EPG,0.06770310932798396,0.0,0.0,1994.0,0.0,0.0
82632,59381,Delta7_L6R3_82632,EPG_L6_59381,PB,122,Delta7_L6R3,EPG_L6,Delta7,EPG,0.06118355065195587,0.0,0.0,1994.0,0.0,0.0
84617,59381,Delta7_L6R3_84617,EPG_L6_59381,PB,119,Delta7_L6R3,EPG_L6,Delta7,EPG,0.059679037111334,0.0,0.0,1994.0,0.0,0.0
83232,59381,Delta7_L6R3_83232,EPG_L6_59381,PB,119,Delta7_L6R3,EPG_L6,Delta7,EPG,0.059679037111334,0.0,0.0,1994.0,0.0,0.0
83744,59381,Delta7_L6R3_83744,EPG_L6_59381,PB,104,Delta7_L6R3,EPG_L6,Delta7,EPG,0.05215646940822467,0.0,0.0,1994.0,0.0,0.0
86277,59381,Delta7_L6R3_86277,EPG_L6_59381,PB,98,Delta7_L6R3,EPG_L6,Delta7,EPG,0.04914744232698094,0.0,0.0,1994.0,0.0,0.0
84500,59381,Delta7_L5R4_84500,EPG_L6_59381,PB,40,Delta7_L5R4,EPG_L6,Delta7,EPG,0.020060180541624874,0.0,0.0,1994.0,0.0,0.0
84466,59381,Delta7_L5R4_84466,EPG_L6_59381,PB,39,Delta7_L5R4,EPG_L6,Delta7,EPG,0.019558676028084254,0.0,0.0,1994.0,0.0,0.0
75302,59381,Delta7_L5R4_75302,EPG_L6_59381,PB,24,Delta7_L5R4,EPG_L6,Delta7,EPG,0.012036108324974924,0.0,0.0,1994.0,0.0,0.0
75297,59381,Delta7_L5R4_75297,EPG_L6_59381,PB,12,Delta7_L5R4,EPG_L6,Delta7,EPG,0.006018054162487462,0.0,0.0,1994.0,0.0,0.0
75326,59381,Delta7_L5R4_75326,EPG_L6_59381,PB,9,Delta7_L5R4,EPG_L6,Delta7,EPG,0.004513540621865597,0.0,0.0,1994.0,0.0,0.0
84466,34199,Delta7_L5R4_84466,EPG_L5_34199,PB,205,Delta7_L5R4,EPG_L5,Delta7,EPG,0.09794553272814142,0.0,0.0,2093.0,0.0,0.0
84500,34199,Delta7_L5R4_84500,EPG_L5_34199,PB,127,Delta7_L5R4,EPG_L5,Delta7,EPG,0.06067845198279981,0.0,0.0,2093.0,0.0,0.0
75297,34199,Delta7_L5R4_75297,EPG_L5_34199,PB,126,Delta7_L5R4,EPG_L5,Delta7,EPG,0.06020066889632107,0.0,0.0,2093.0,0.0,0.0
75302,34199,Delta7_L5R4_75302,EPG_L5_34199,PB,120,Delta7_L5R4,EPG_L5,Delta7,EPG,0.05733397037744864,0.0,0.0,2093.0,0.0,0.0
75326,34199,Delta7_L5R4_75326,EPG_L5_34199,PB,88,Delta7_L5R4,EPG_L5,Delta7,EPG,0.042044911610129,0.0,0.0,2093.0,0.0,0.0
83239,34199,Delta7_L4R5_83239,EPG_L5_34199,PB,87,Delta7_L4R5,EPG_L5,Delta7,EPG,0.041567128523650264,0.0,0.0,2093.0,0.0,0.0
83112,34199,Delta7_L4R5_83112,EPG_L5_34199,PB,38,Delta7_L4R5,EPG_L5,Delta7,EPG,0.018155757286192068,0.0,0.0,2093.0,0.0,0.0
84303,34199,Delta7_L4R5_84303,EPG_L5_34199,PB,37,Delta7_L4R5,EPG_L5,Delta7,EPG,0.017677974199713332,0.0,0.0,2093.0,0.0,0.0
110806,34199,Delta7_L4R5_110806,EPG_L5_34199,PB,35,Delta7_L4R5,EPG_L5,Delta7,EPG,0.016722408026755852,0.0,0.0,2093.0,0.0,0.0
81522,34199,Delta7_L4R5_81522,EPG_L5_34199,PB,35,Delta7_L4R5,EPG_L5,Delta7,EPG,0.016722408026755852,0.0,0.0,2093.0,0.0,0.0
83744,34199,Delta7_L6R3_83744,EPG_L5_34199,PB,7,Delta7_L6R3,EPG_L5,Delta7,EPG,0.0033444816053511705,0.0,0.0,2093.0,0.0,0.0
54939,118376,EPG_L3_54939,PEN_b_R8_118376,EB,11,EPG_L3,PEN_b_R8,EPG,PEN_b,0.0,0.009361702127659575,0.0,0.0,1175.0,0.0
118407,118376,PEN_a_R8_118407,PEN_b_R8_118376,EB,7,PEN_a_R8,PEN_b_R8,PEN_a,PEN_b,0.0,0.005957446808510639,0.0,0.0,1175.0,0.0
84631,54939,Delta7_L3R6_84631,EPG_L3_54939,PB,215,Delta7_L3R6,EPG_L3,Delta7,EPG,0.09355961705831158,0.0,0.0,2298.0,0.0,0.0
82590,54939,Delta7_L3R6_82590,EPG_L3_54939,PB,195,Delta7_L3R6,EPG_L3,Delta7,EPG,0.08485639686684072,0.0,0.0,2298.0,0.0,0.0
84354,54939,Delta7_L3R6_84354,EPG_L3_54939,PB,150,Delta7_L3R6,EPG_L3,Delta7,EPG,0.06527415143603134,0.0,0.0,2298.0,0.0,0.0
81541,54939,Delta7_L3R6_81541,EPG_L3_54939,PB,149,Delta7_L3R6,EPG_L3,Delta7,EPG,0.06483899042645778,0.0,0.0,2298.0,0.0,0.0
81527,54939,Delta7_L3R6_81527,EPG_L3_54939,PB,148,Delta7_L3R6,EPG_L3,Delta7,EPG,0.06440382941688425,0.0,0.0,2298.0,0.0,0.0
79852,54939,Delta7_L3R6_79852,EPG_L3_54939,PB,113,Delta7_L3R6,EPG_L3,Delta7,EPG,0.04917319408181027,0.0,0.0,2298.0,0.0,0.0
83722,54939,Delta7_L2L1_83722,EPG_L3_54939,PB,90,Delta7_L2L1,EPG_L3,Delta7,EPG,0.0391644908616188,0.0,0.0,2298.0,0.0,0.0
84473,54939,Delta7_L2L1_84473,EPG_L3_54939,PB,31,Delta7_L2L1,EPG_L3,Delta7,EPG,0.013489991296779809,0.0,0.0,2298.0,0.0,0.0
83213,54939,Delta7_L2L1_83213,EPG_L3_54939,PB,30,Delta7_L2L1,EPG_L3,Delta7,EPG,0.013054830287206266,0.0,0.0,2298.0,0.0,0.0
42181,54939,Delta7_L2L1_42181,EPG_L3_54939,PB,16,Delta7_L2L1,EPG_L3,Delta7,EPG,0.006962576153176675,0.0,0.0,2298.0,0.0,0.0
84178,54939,Delta7_L2L1_84178,EPG_L3_54939,PB,12,Delta7_L2L1,EPG_L3,Delta7,EPG,0.005221932114882507,0.0,0.0,2298.0,0.0,0.0
83112,54939,Delta7_L4R5_83112,EPG_L3_54939,PB,8,Delta7_L4R5,EPG_L3,Delta7,EPG,0.0034812880765883376,0.0,0.0,2298.0,0.0,0.0
112687,112713,PEN_b_L2_112687,PEN_a_L2_112713,EB,58,PEN_b_L2,PEN_a_L2,PEN_b,PEN_a,0.0,0.04437643458301454,0.0,0.0,1307.0,0.0
108339,112713,PEN_a_R9_108339,PEN_a_L2_112713,EB,31,PEN_a_R9,PEN_a_L2,PEN_a,PEN_a,0.0,0.023718439173680182,0.0,0.0,1307.0,0.0
47232,112713,ER_R_LAL_47232,PEN_a_L2_112713,EB,16,ER_R_LAL,PEN_a_L2,LAL,PEN_a,0.0,0.01224177505738332,0.0,0.0,1307.0,0.0
57041,112713,ER_R_LAL_57041,PEN_a_L2_112713,EB,11,ER_R_LAL,PEN_a_L2,LAL,PEN_a,0.0,0.008416220351951033,0.0,0.0,1307.0,0.0
63772,112713,PEN_b_L3_63772,PEN_a_L2_112713,EB,11,PEN_b_L3,PEN_a_L2,PEN_b,PEN_a,0.0,0.008416220351951033,0.0,0.0,1307.0,0.0
63776,112713,PEN_a_L3_63776,PEN_a_L2_112713,EB,7,PEN_a_L3,PEN_a_L2,PEN_a,PEN_a,0.0,0.005355776587605203,0.0,0.0,1307.0,0.0
64084,112713,EPG_L_R1L1_64084,PEN_a_L2_112713,EB,6,EPG_L_R1L1,PEN_a_L2,EPG,PEN_a,0.0,0.0045906656465187455,0.0,0.0,1307.0,0.0
64257,112713,PEN_b_R9_64257,PEN_a_L2_112713,EB,6,PEN_b_R9,PEN_a_L2,PEN_b,PEN_a,0.0,0.0045906656465187455,0.0,0.0,1307.0,0.0
108315,112713,PEN_b_R9_108315,PEN_a_L2_112713,EB,6,PEN_b_R9,PEN_a_L2,PEN_b,PEN_a,0.0,0.0045906656465187455,0.0,0.0,1307.0,0.0
63772,55930,PEN_b_L3_63772,PEG_L2_55930,EB,29,PEN_b_L3,PEG_L2,PEN_b,PEG,0.0,0.021919879062736205,0.0,0.0,1323.0,0.0
108339,55930,PEN_a_R9_108339,PEG_L2_55930,EB,27,PEN_a_R9,PEG_L2,PEN_a,PEG,0.0,0.02040816326530612,0.0,0.0,1323.0,0.0
63776,55930,PEN_a_L3_63776,PEG_L2_55930,EB,23,PEN_a_L3,PEG_L2,PEN_a,PEG,0.0,0.017384731670445956,0.0,0.0,1323.0,0.0
64257,55930,PEN_b_R9_64257,PEG_L2_55930,EB,17,PEN_b_R9,PEG_L2,PEN_b,PEG,0.0,0.012849584278155708,0.0,0.0,1323.0,0.0
55936,55930,EPG_R8_55936,PEG_L2_55930,EB,15,EPG_R8,PEG_L2,EPG,PEG,0.0,0.011337868480725623,0.0,0.0,1323.0,0.0
112713,55930,PEN_a_L2_112713,PEG_L2_55930,EB,13,PEN_a_L2,PEG_L2,PEN_a,PEG,0.0,0.009826152683295541,0.0,0.0,1323.0,0.0
56356,55930,EPG_R8_56356,PEG_L2_55930,EB,11,EPG_R8,PEG_L2,EPG,PEG,0.0,0.008314436885865457,0.0,0.0,1323.0,0.0
108315,55930,PEN_b_R9_108315,PEG_L2_55930,EB,9,PEN_b_R9,PEG_L2,PEN_b,PEG,0.0,0.006802721088435374,0.0,0.0,1323.0,0.0
55952,55930,EPG_L2_55952,PEG_L2_55930,EB,7,EPG_L2,PEG_L2,EPG,PEG,0.0,0.005291005291005291,0.0,0.0,1323.0,0.0
55944,55930,EPG_L2_55944,PEG_L2_55930,EB,7,EPG_L2,PEG_L2,EPG,PEG,0.0,0.005291005291005291,0.0,0.0,1323.0,0.0
118407,55930,PEN_a_R8_118407,PEG_L2_55930,EB,6,PEN_a_R8,PEG_L2,PEN_a,PEG,0.0,0.0045351473922902496,0.0,0.0,1323.0,0.0
112687,55930,PEN_b_L2_112687,PEG_L2_55930,EB,6,PEN_b_L2,PEG_L2,PEN_b,PEG,0.0,0.0045351473922902496,0.0,0.0,1323.0,0.0
47185,64154,ER_R_MBUv_47185,ER_L_MBUv_64154,EB,19,ER_R_MBUv,ER_L_MBUv,MBUv,MBUv,0.0,0.014774494556765163,0.0,0.0,1286.0,0.0
63772,64154,PEN_b_L3_63772,ER_L_MBUv_64154,EB,15,PEN_b_L3,ER_L_MBUv,PEN_b,MBUv,0.0,0.01166407465007776,0.0,0.0,1286.0,0.0
125199,64154,ER_L_MBUv_125199,ER_L_MBUv_64154,EB,14,ER_L_MBUv,ER_L_MBUv,MBUv,MBUv,0.0,0.01088646967340591,0.0,0.0,1286.0,0.0
118347,64154,EPG_R9_118347,ER_L_MBUv_64154,EB,11,EPG_R9,ER_L_MBUv,EPG,MBUv,0.0,0.008553654743390357,0.0,0.0,1286.0,0.0
108339,64154,PEN_a_R9_108339,ER_L_MBUv_64154,EB,11,PEN_a_R9,ER_L_MBUv,PEN_a,MBUv,0.0,0.008553654743390357,0.0,0.0,1286.0,0.0
125025,64154,ER_L_MBUv_125025,ER_L_MBUv_64154,EB,10,ER_L_MBUv,ER_L_MBUv,MBUv,MBUv,0.0,0.007776049766718507,0.0,0.0,1286.0,0.0
125035,64154,ER_L_MBUv_125035,ER_L_MBUv_64154,EB,9,ER_L_MBUv,ER_L_MBUv,MBUv,MBUv,0.0,0.006998444790046656,0.0,0.0,1286.0,0.0
64077,64154,EPG_L_R1L1_64077,ER_L_MBUv_64154,EB,9,EPG_L_R1L1,ER_L_MBUv,EPG,MBUv,0.0,0.006998444790046656,0.0,0.0,1286.0,0.0
55952,64154,EPG_L2_55952,ER_L_MBUv_64154,EB,9,EPG_L2,ER_L_MBUv,EPG,MBUv,0.0,0.006998444790046656,0.0,0.0,1286.0,0.0
55936,64154,EPG_R8_55936,ER_L_MBUv_64154,EB,8,EPG_R8,ER_L_MBUv,EPG,MBUv,0.0,0.006220839813374806,0.0,0.0,1286.0,0.0
64276,64154,EPG_R8_64276,ER_L_MBUv_64154,EB,8,EPG_R8,ER_L_MBUv,EPG,MBUv,0.0,0.006220839813374806,0.0,0.0,1286.0,0.0
112713,64154,PEN_a_L2_112713,ER_L_MBUv_64154,EB,7,PEN_a_L2,ER_L_MBUv,PEN_a,MBUv,0.0,0.005443234836702955,0.0,0.0,1286.0,0.0
64257,64154,PEN_b_R9_64257,ER_L_MBUv_64154,EB,6,PEN_b_R9,ER_L_MBUv,PEN_b,MBUv,0.0,0.004665629860031105,0.0,0.0,1286.0,0.0
108315,64154,PEN_b_R9_108315,ER_L_MBUv_64154,EB,6,PEN_b_R9,ER_L_MBUv,PEN_b,MBUv,0.0,0.004665629860031105,0.0,0.0,1286.0,0.0
110806,35097,Delta7_L4R5_110806,PEG_L4_35097,PB,105,Delta7_L4R5,PEG_L4,Delta7,PEG,0.05725190839694656,0.0,0.0,1834.0,0.0,0.0
83112,35097,Delta7_L4R5_83112,PEG_L4_35097,PB,98,Delta7_L4R5,PEG_L4,Delta7,PEG,0.05343511450381679,0.0,0.0,1834.0,0.0,0.0
79852,35097,Delta7_L3R6_79852,PEG_L4_35097,PB,76,Delta7_L3R6,PEG_L4,Delta7,PEG,0.04143947655398037,0.0,0.0,1834.0,0.0,0.0
81522,35097,Delta7_L4R5_81522,PEG_L4_35097,PB,75,Delta7_L4R5,PEG_L4,Delta7,PEG,0.04089422028353326,0.0,0.0,1834.0,0.0,0.0
84303,35097,Delta7_L4R5_84303,PEG_L4_35097,PB,73,Delta7_L4R5,PEG_L4,Delta7,PEG,0.03980370774263904,0.0,0.0,1834.0,0.0,0.0
83239,35097,Delta7_L4R5_83239,PEG_L4_35097,PB,64,Delta7_L4R5,PEG_L4,Delta7,PEG,0.03489640130861505,0.0,0.0,1834.0,0.0,0.0
81527,35097,Delta7_L3R6_81527,PEG_L4_35097,PB,52,Delta7_L3R6,PEG_L4,Delta7,PEG,0.028353326063249727,0.0,0.0,1834.0,0.0,0.0
81541,35097,Delta7_L3R6_81541,PEG_L4_35097,PB,47,Delta7_L3R6,PEG_L4,Delta7,PEG,0.025627044711014176,0.0,0.0,1834.0,0.0,0.0
82590,35097,Delta7_L3R6_82590,PEG_L4_35097,PB,36,Delta7_L3R6,PEG_L4,Delta7,PEG,0.019629225736095966,0.0,0.0,1834.0,0.0,0.0
35304,35097,EPG_L4_35304,PEG_L4_35097,PB,30,EPG_L4,PEG_L4,EPG,PEG,0.016357688113413305,0.0,0.0,1834.0,0.0,0.0
34228,35097,EPG_L4_34228,PEG_L4_35097,PB,27,EPG_L4,PEG_L4,EPG,PEG,0.014721919302071973,0.0,0.0,1834.0,0.0,0.0
84631,35097,Delta7_L3R6_84631,PEG_L4_35097,PB,24,Delta7_L3R6,PEG_L4,Delta7,PEG,0.013086150490730643,0.0,0.0,1834.0,0.0,0.0
34955,35097,EPG_L4_34955,PEG_L4_35097,PB,23,EPG_L4,PEG_L4,EPG,PEG,0.012540894220283533,0.0,0.0,1834.0,0.0,0.0
84354,35097,Delta7_L3R6_84354,PEG_L4_35097,PB,21,Delta7_L3R6,PEG_L4,Delta7,PEG,0.011450381679389313,0.0,0.0,1834.0,0.0,0.0
64084,125261,EPG_L_R1L1_64084,ER_L_MBUv_125261,EB,10,EPG_L_R1L1,ER_L_MBUv,EPG,MBUv,0.0,0.008176614881439084,0.0,0.0,1223.0,0.0
64257,125261,PEN_b_R9_64257,ER_L_MBUv_125261,EB,10,PEN_b_R9,ER_L_MBUv,PEN_b,MBUv,0.0,0.008176614881439084,0.0,0.0,1223.0,0.0
112687,125261,PEN_b_L2_112687,ER_L_MBUv_125261,EB,10,PEN_b_L2,ER_L_MBUv,PEN_b,MBUv,0.0,0.008176614881439084,0.0,0.0,1223.0,0.0
47185,125261,ER_R_MBUv_47185,ER_L_MBUv_125261,EB,9,ER_R_MBUv,ER_L_MBUv,MBUv,MBUv,0.0,0.007358953393295176,0.0,0.0,1223.0,0.0
125035,125261,ER_L_MBUv_125035,ER_L_MBUv_125261,EB,9,ER_L_MBUv,ER_L_MBUv,MBUv,MBUv,0.0,0.007358953393295176,0.0,0.0,1223.0,0.0
108339,125261,PEN_a_R9_108339,ER_L_MBUv_125261,EB,8,PEN_a_R9,ER_L_MBUv,PEN_a,MBUv,0.0,0.006541291905151268,0.0,0.0,1223.0,0.0
64154,125261,ER_L_MBUv_64154,ER_L_MBUv_125261,EB,8,ER_L_MBUv,ER_L_MBUv,MBUv,MBUv,0.0,0.006541291905151268,0.0,0.0,1223.0,0.0
64133,125261,ER_R_MBUv_64133,ER_L_MBUv_125261,EB,8,ER_R_MBUv,ER_L_MBUv,MBUv,MBUv,0.0,0.006541291905151268,0.0,0.0,1223.0,0.0
65375,125261,ER_L_MBUv_65375,ER_L_MBUv_125261,EB,8,ER_L_MBUv,ER_L_MBUv,MBUv,MBUv,0.0,0.006541291905151268,0.0,0.0,1223.0,0.0
112713,125261,PEN_a_L2_112713,ER_L_MBUv_125261,EB,7,PEN_a_L2,ER_L_MBUv,PEN_a,MBUv,0.0,0.005723630417007359,0.0,0.0,1223.0,0.0
56351,125261,PEG_R8_56351,ER_L_MBUv_125261,EB,6,PEG_R8,ER_L_MBUv,PEG,MBUv,0.0,0.004905968928863451,0.0,0.0,1223.0,0.0
118407,125261,PEN_a_R8_118407,ER_L_MBUv_125261,EB,6,PEN_a_R8,ER_L_MBUv,PEN_a,MBUv,0.0,0.004905968928863451,0.0,0.0,1223.0,0.0
64077,125261,EPG_L_R1L1_64077,ER_L_MBUv_125261,EB,6,EPG_L_R1L1,ER_L_MBUv,EPG,MBUv,0.0,0.004905968928863451,0.0,0.0,1223.0,0.0
125199,125261,ER_L_MBUv_125199,ER_L_MBUv_125261,EB,6,ER_L_MBUv,ER_L_MBUv,MBUv,MBUv,0.0,0.004905968928863451,0.0,0.0,1223.0,0.0
112687,63988,PEN_b_L2_112687,PEG_L1_63988,EB,43,PEN_b_L2,PEG_L1,PEN_b,PEG,0.0,0.03856502242152467,0.0,0.0,1115.0,0.0
108339,63988,PEN_a_R9_108339,PEG_L1_63988,EB,15,PEN_a_R9,PEG_L1,PEN_a,PEG,0.0,0.013452914798206279,0.0,0.0,1115.0,0.0
112713,63988,PEN_a_L2_112713,PEG_L1_63988,EB,9,PEN_a_L2,PEG_L1,PEN_a,PEG,0.0,0.008071748878923767,0.0,0.0,1115.0,0.0
64077,63988,EPG_L_R1L1_64077,PEG_L1_63988,EB,8,EPG_L_R1L1,PEG_L1,EPG,PEG,0.0,0.007174887892376682,0.0,0.0,1115.0,0.0
80994,60458,Delta7_L6R3_80994,EPG_L6_60458,PB,131,Delta7_L6R3,EPG_L6,Delta7,EPG,0.07221609702315325,0.0,0.0,1814.0,0.0,0.0
83744,60458,Delta7_L6R3_83744,EPG_L6_60458,PB,123,Delta7_L6R3,EPG_L6,Delta7,EPG,0.06780595369349504,0.0,0.0,1814.0,0.0,0.0
83232,60458,Delta7_L6R3_83232,EPG_L6_60458,PB,118,Delta7_L6R3,EPG_L6,Delta7,EPG,0.06504961411245866,0.0,0.0,1814.0,0.0,0.0
82632,60458,Delta7_L6R3_82632,EPG_L6_60458,PB,115,Delta7_L6R3,EPG_L6,Delta7,EPG,0.06339581036383682,0.0,0.0,1814.0,0.0,0.0
86277,60458,Delta7_L6R3_86277,EPG_L6_60458,PB,110,Delta7_L6R3,EPG_L6,Delta7,EPG,0.06063947078280044,0.0,0.0,1814.0,0.0,0.0
84617,60458,Delta7_L6R3_84617,EPG_L6_60458,PB,95,Delta7_L6R3,EPG_L6,Delta7,EPG,0.05237045203969129,0.0,0.0,1814.0,0.0,0.0
84500,60458,Delta7_L5R4_84500,EPG_L6_60458,PB,38,Delta7_L5R4,EPG_L6,Delta7,EPG,0.020948180815876516,0.0,0.0,1814.0,0.0,0.0
84466,60458,Delta7_L5R4_84466,EPG_L6_60458,PB,26,Delta7_L5R4,EPG_L6,Delta7,EPG,0.014332965821389196,0.0,0.0,1814.0,0.0,0.0
75326,60458,Delta7_L5R4_75326,EPG_L6_60458,PB,25,Delta7_L5R4,EPG_L6,Delta7,EPG,0.013781697905181918,0.0,0.0,1814.0,0.0,0.0
75297,60458,Delta7_L5R4_75297,EPG_L6_60458,PB,12,Delta7_L5R4,EPG_L6,Delta7,EPG,0.006615214994487321,0.0,0.0,1814.0,0.0,0.0
75302,60458,Delta7_L5R4_75302,EPG_L6_60458,PB,9,Delta7_L5R4,EPG_L6,Delta7,EPG,0.004961411245865491,0.0,0.0,1814.0,0.0,0.0
60208,60458,PEG_L6_60208,EPG_L6_60458,PB,7,PEG_L6,EPG_L6,PEG,EPG,0.003858875413450937,0.0,0.0,1814.0,0.0,0.0
57041,108339,ER_R_LAL_57041,PEN_a_R9_108339,EB,23,ER_R_LAL,PEN_a_R9,LAL,PEN_a,0.0,0.02,0.0,0.0,1150.0,0.0
112713,108339,PEN_a_L2_112713,PEN_a_R9_108339,EB,18,PEN_a_L2,PEN_a_R9,PEN_a,PEN_a,0.0,0.01565217391304348,0.0,0.0,1150.0,0.0
112687,108339,PEN_b_L2_112687,PEN_a_R9_108339,EB,17,PEN_b_L2,PEN_a_R9,PEN_b,PEN_a,0.0,0.014782608695652174,0.0,0.0,1150.0,0.0
108315,108339,PEN_b_R9_108315,PEN_a_R9_108339,EB,11,PEN_b_R9,PEN_a_R9,PEN_b,PEN_a,0.0,0.009565217391304347,0.0,0.0,1150.0,0.0
64257,108339,PEN_b_R9_64257,PEN_a_R9_108339,EB,10,PEN_b_R9,PEN_a_R9,PEN_b,PEN_a,0.0,0.008695652173913044,0.0,0.0,1150.0,0.0
47232,108339,ER_R_LAL_47232,PEN_a_R9_108339,EB,10,ER_R_LAL,PEN_a_R9,LAL,PEN_a,0.0,0.008695652173913044,0.0,0.0,1150.0,0.0
63772,108339,PEN_b_L3_63772,PEN_a_R9_108339,EB,10,PEN_b_L3,PEN_a_R9,PEN_b,PEN_a,0.0,0.008695652173913044,0.0,0.0,1150.0,0.0
141300,108339,ER_L_MBUv_141300,PEN_a_R9_108339,EB,8,ER_L_MBUv,PEN_a_R9,MBUv,PEN_a,0.0,0.006956521739130435,0.0,0.0,1150.0,0.0
118376,108339,PEN_b_R8_118376,PEN_a_R9_108339,EB,8,PEN_b_R8,PEN_a_R9,PEN_b,PEN_a,0.0,0.006956521739130435,0.0,0.0,1150.0,0.0
118407,108339,PEN_a_R8_118407,PEN_a_R9_108339,EB,8,PEN_a_R8,PEN_a_R9,PEN_a,PEN_a,0.0,0.006956521739130435,0.0,0.0,1150.0,0.0
63776,108339,PEN_a_L3_63776,PEN_a_R9_108339,EB,7,PEN_a_L3,PEN_a_R9,PEN_a,PEN_a,0.0,0.00608695652173913,0.0,0.0,1150.0,0.0
65375,125025,ER_L_MBUv_65375,ER_L_MBUv_125025,EB,10,ER_L_MBUv,ER_L_MBUv,MBUv,MBUv,0.0,0.008968609865470852,0.0,0.0,1115.0,0.0
55944,125025,EPG_L2_55944,ER_L_MBUv_125025,EB,10,EPG_L2,ER_L_MBUv,EPG,MBUv,0.0,0.008968609865470852,0.0,0.0,1115.0,0.0
125035,125025,ER_L_MBUv_125035,ER_L_MBUv_125025,EB,10,ER_L_MBUv,ER_L_MBUv,MBUv,MBUv,0.0,0.008968609865470852,0.0,0.0,1115.0,0.0
125189,125025,ER_L_MBUv_125189,ER_L_MBUv_125025,EB,10,ER_L_MBUv,ER_L_MBUv,MBUv,MBUv,0.0,0.008968609865470852,0.0,0.0,1115.0,0.0
125199,125025,ER_L_MBUv_125199,ER_L_MBUv_125025,EB,9,ER_L_MBUv,ER_L_MBUv,MBUv,MBUv,0.0,0.008071748878923767,0.0,0.0,1115.0,0.0
56356,125025,EPG_R8_56356,ER_L_MBUv_125025,EB,8,EPG_R8,ER_L_MBUv,EPG,MBUv,0.0,0.007174887892376682,0.0,0.0,1115.0,0.0
56383,125025,EPG_R8_56383,ER_L_MBUv_125025,EB,8,EPG_R8,ER_L_MBUv,EPG,MBUv,0.0,0.007174887892376682,0.0,0.0,1115.0,0.0
55952,125025,EPG_L2_55952,ER_L_MBUv_125025,EB,7,EPG_L2,ER_L_MBUv,EPG,MBUv,0.0,0.006278026905829596,0.0,0.0,1115.0,0.0
64154,125025,ER_L_MBUv_64154,ER_L_MBUv_125025,EB,7,ER_L_MBUv,ER_L_MBUv,MBUv,MBUv,0.0,0.006278026905829596,0.0,0.0,1115.0,0.0
65369,125025,ER_L_MBUv_65369,ER_L_MBUv_125025,EB,7,ER_L_MBUv,ER_L_MBUv,MBUv,MBUv,0.0,0.006278026905829596,0.0,0.0,1115.0,0.0
64133,125025,ER_R_MBUv_64133,ER_L_MBUv_125025,EB,7,ER_R_MBUv,ER_L_MBUv,MBUv,MBUv,0.0,0.006278026905829596,0.0,0.0,1115.0,0.0
112713,108315,PEN_a_L2_112713,PEN_b_R9_108315,EB,13,PEN_a_L2,PEN_b_R9,PEN_a,PEN_b,0.0,0.011904761904761904,0.0,0.0,1092.0,0.0
55944,108315,EPG_L2_55944,PEN_b_R9_108315,EB,12,EPG_L2,PEN_b_R9,EPG,PEN_b,0.0,0.01098901098901099,0.0,0.0,1092.0,0.0
108339,108315,PEN_a_R9_108339,PEN_b_R9_108315,EB,12,PEN_a_R9,PEN_b_R9,PEN_a,PEN_b,0.0,0.01098901098901099,0.0,0.0,1092.0,0.0
63776,108315,PEN_a_L3_63776,PEN_b_R9_108315,EB,10,PEN_a_L3,PEN_b_R9,PEN_a,PEN_b,0.0,0.009157509157509158,0.0,0.0,1092.0,0.0
55936,108315,EPG_R8_55936,PEN_b_R9_108315,EB,9,EPG_R8,PEN_b_R9,EPG,PEN_b,0.0,0.008241758241758242,0.0,0.0,1092.0,0.0
56356,108315,EPG_R8_56356,PEN_b_R9_108315,EB,8,EPG_R8,PEN_b_R9,EPG,PEN_b,0.0,0.007326007326007326,0.0,0.0,1092.0,0.0
64077,108315,EPG_L_R1L1_64077,PEN_b_R9_108315,EB,8,EPG_L_R1L1,PEN_b_R9,EPG,PEN_b,0.0,0.007326007326007326,0.0,0.0,1092.0,0.0
56383,108315,EPG_R8_56383,PEN_b_R9_108315,EB,8,EPG_R8,PEN_b_R9,EPG,PEN_b,0.0,0.007326007326007326,0.0,0.0,1092.0,0.0
64084,108315,EPG_L_R1L1_64084,PEN_b_R9_108315,EB,6,EPG_L_R1L1,PEN_b_R9,EPG,PEN_b,0.0,0.005494505494505495,0.0,0.0,1092.0,0.0
80994,34212,Delta7_L6R3_80994,PEN_a_L6_34212,PB,60,Delta7_L6R3,PEN_a_L6,Delta7,PEN_a,0.04819277108433735,0.0,0.0,1245.0,0.0,0.0
82632,34212,Delta7_L6R3_82632,PEN_a_L6_34212,PB,41,Delta7_L6R3,PEN_a_L6,Delta7,PEN_a,0.03293172690763052,0.0,0.0,1245.0,0.0,0.0
86277,34212,Delta7_L6R3_86277,PEN_a_L6_34212,PB,41,Delta7_L6R3,PEN_a_L6,Delta7,PEN_a,0.03293172690763052,0.0,0.0,1245.0,0.0,0.0
83744,34212,Delta7_L6R3_83744,PEN_a_L6_34212,PB,36,Delta7_L6R3,PEN_a_L6,Delta7,PEN_a,0.02891566265060241,0.0,0.0,1245.0,0.0,0.0
83232,34212,Delta7_L6R3_83232,PEN_a_L6_34212,PB,31,Delta7_L6R3,PEN_a_L6,Delta7,PEN_a,0.024899598393574297,0.0,0.0,1245.0,0.0,0.0
84617,34212,Delta7_L6R3_84617,PEN_a_L6_34212,PB,27,Delta7_L6R3,PEN_a_L6,Delta7,PEN_a,0.021686746987951807,0.0,0.0,1245.0,0.0,0.0
84500,34212,Delta7_L5R4_84500,PEN_a_L6_34212,PB,20,Delta7_L5R4,PEN_a_L6,Delta7,PEN_a,0.01606425702811245,0.0,0.0,1245.0,0.0,0.0
75297,34212,Delta7_L5R4_75297,PEN_a_L6_34212,PB,12,Delta7_L5R4,PEN_a_L6,Delta7,PEN_a,0.00963855421686747,0.0,0.0,1245.0,0.0,0.0
59381,34212,EPG_L6_59381,PEN_a_L6_34212,PB,9,EPG_L6,PEN_a_L6,EPG,PEN_a,0.007228915662650603,0.0,0.0,1245.0,0.0,0.0
60458,34212,EPG_L6_60458,PEN_a_L6_34212,PB,9,EPG_L6,PEN_a_L6,EPG,PEN_a,0.007228915662650603,0.0,0.0,1245.0,0.0,0.0
57712,34212,EPG_L6_57712,PEN_a_L6_34212,PB,8,EPG_L6,PEN_a_L6,EPG,PEN_a,0.00642570281124498,0.0,0.0,1245.0,0.0,0.0
84466,34212,Delta7_L5R4_84466,PEN_a_L6_34212,PB,7,Delta7_L5R4,PEN_a_L6,Delta7,PEN_a,0.005622489959839358,0.0,0.0,1245.0,0.0,0.0
139934,125523,ER_L_LBU_139934,ER_L_MBUd_125523,EB,9,ER_L_LBU,ER_L_MBUd,LBU,MBUd,0.0,0.009202453987730062,0.0,0.0,978.0,0.0
56351,125523,PEG_R8_56351,ER_L_MBUd_125523,EB,8,PEG_R8,ER_L_MBUd,PEG,MBUd,0.0,0.0081799591002045,0.0,0.0,978.0,0.0
125560,125523,ER_L_LBU_125560,ER_L_MBUd_125523,EB,6,ER_L_LBU,ER_L_MBUd,LBU,MBUd,0.0,0.006134969325153374,0.0,0.0,978.0,0.0
84631,57529,Delta7_L3R6_84631,EPG_L3_57529,PB,148,Delta7_L3R6,EPG_L3,Delta7,EPG,0.08105147864184009,0.0,0.0,1826.0,0.0,0.0
82590,57529,Delta7_L3R6_82590,EPG_L3_57529,PB,133,Delta7_L3R6,EPG_L3,Delta7,EPG,0.0728368017524644,0.0,0.0,1826.0,0.0,0.0
81541,57529,Delta7_L3R6_81541,EPG_L3_57529,PB,119,Delta7_L3R6,EPG_L3,Delta7,EPG,0.0651697699890471,0.0,0.0,1826.0,0.0,0.0
84354,57529,Delta7_L3R6_84354,EPG_L3_57529,PB,103,Delta7_L3R6,EPG_L3,Delta7,EPG,0.05640744797371303,0.0,0.0,1826.0,0.0,0.0
81527,57529,Delta7_L3R6_81527,EPG_L3_57529,PB,100,Delta7_L3R6,EPG_L3,Delta7,EPG,0.054764512595837894,0.0,0.0,1826.0,0.0,0.0
83722,57529,Delta7_L2L1_83722,EPG_L3_57529,PB,81,Delta7_L2L1,EPG_L3,Delta7,EPG,0.0443592552026287,0.0,0.0,1826.0,0.0,0.0
79852,57529,Delta7_L3R6_79852,EPG_L3_57529,PB,74,Delta7_L3R6,EPG_L3,Delta7,EPG,0.040525739320920046,0.0,0.0,1826.0,0.0,0.0
84473,57529,Delta7_L2L1_84473,EPG_L3_57529,PB,49,Delta7_L2L1,EPG_L3,Delta7,EPG,0.02683461117196057,0.0,0.0,1826.0,0.0,0.0
83213,57529,Delta7_L2L1_83213,EPG_L3_57529,PB,35,Delta7_L2L1,EPG_L3,Delta7,EPG,0.019167579408543262,0.0,0.0,1826.0,0.0,0.0
42181,57529,Delta7_L2L1_42181,EPG_L3_57529,PB,32,Delta7_L2L1,EPG_L3,Delta7,EPG,0.017524644030668127,0.0,0.0,1826.0,0.0,0.0
84178,57529,Delta7_L2L1_84178,EPG_L3_57529,PB,17,Delta7_L2L1,EPG_L3,Delta7,EPG,0.009309967141292442,0.0,0.0,1826.0,0.0,0.0
99063,57529,PEG_L3_99063,EPG_L3_57529,PB,6,PEG_L3,EPG_L3,PEG,EPG,0.0032858707557502738,0.0,0.0,1826.0,0.0,0.0
84303,34228,Delta7_L4R5_84303,EPG_L4_34228,PB,116,Delta7_L4R5,EPG_L4,Delta7,EPG,0.06598407281001138,0.0,0.0,1758.0,0.0,0.0
83112,34228,Delta7_L4R5_83112,EPG_L4_34228,PB,105,Delta7_L4R5,EPG_L4,Delta7,EPG,0.059726962457337884,0.0,0.0,1758.0,0.0,0.0
81522,34228,Delta7_L4R5_81522,EPG_L4_34228,PB,103,Delta7_L4R5,EPG_L4,Delta7,EPG,0.05858930602957907,0.0,0.0,1758.0,0.0,0.0
79852,34228,Delta7_L3R6_79852,EPG_L4_34228,PB,100,Delta7_L3R6,EPG_L4,Delta7,EPG,0.05688282138794084,0.0,0.0,1758.0,0.0,0.0
110806,34228,Delta7_L4R5_110806,EPG_L4_34228,PB,89,Delta7_L4R5,EPG_L4,Delta7,EPG,0.05062571103526735,0.0,0.0,1758.0,0.0,0.0
83239,34228,Delta7_L4R5_83239,EPG_L4_34228,PB,69,Delta7_L4R5,EPG_L4,Delta7,EPG,0.03924914675767918,0.0,0.0,1758.0,0.0,0.0
81527,34228,Delta7_L3R6_81527,EPG_L4_34228,PB,66,Delta7_L3R6,EPG_L4,Delta7,EPG,0.03754266211604096,0.0,0.0,1758.0,0.0,0.0
82590,34228,Delta7_L3R6_82590,EPG_L4_34228,PB,63,Delta7_L3R6,EPG_L4,Delta7,EPG,0.03583617747440273,0.0,0.0,1758.0,0.0,0.0
81541,34228,Delta7_L3R6_81541,EPG_L4_34228,PB,58,Delta7_L3R6,EPG_L4,Delta7,EPG,0.03299203640500569,0.0,0.0,1758.0,0.0,0.0
84354,34228,Delta7_L3R6_84354,EPG_L4_34228,PB,24,Delta7_L3R6,EPG_L4,Delta7,EPG,0.013651877133105802,0.0,0.0,1758.0,0.0,0.0
84631,34228,Delta7_L3R6_84631,EPG_L4_34228,PB,23,Delta7_L3R6,EPG_L4,Delta7,EPG,0.013083048919226393,0.0,0.0,1758.0,0.0,0.0
75297,34228,Delta7_L5R4_75297,EPG_L4_34228,PB,8,Delta7_L5R4,EPG_L4,Delta7,EPG,0.004550625711035267,0.0,0.0,1758.0,0.0,0.0
82590,63776,Delta7_L3R6_82590,PEN_a_L3_63776,PB,40,Delta7_L3R6,PEN_a_L3,Delta7,PEN_a,0.03496503496503497,0.0,0.0,1144.0,0.0,0.0
84631,63776,Delta7_L3R6_84631,PEN_a_L3_63776,PB,38,Delta7_L3R6,PEN_a_L3,Delta7,PEN_a,0.033216783216783216,0.0,0.0,1144.0,0.0,0.0
81541,63776,Delta7_L3R6_81541,PEN_a_L3_63776,PB,30,Delta7_L3R6,PEN_a_L3,Delta7,PEN_a,0.026223776223776224,0.0,0.0,1144.0,0.0,0.0
81527,63776,Delta7_L3R6_81527,PEN_a_L3_63776,PB,23,Delta7_L3R6,PEN_a_L3,Delta7,PEN_a,0.020104895104895104,0.0,0.0,1144.0,0.0,0.0
84354,63776,Delta7_L3R6_84354,PEN_a_L3_63776,PB,21,Delta7_L3R6,PEN_a_L3,Delta7,PEN_a,0.018356643356643356,0.0,0.0,1144.0,0.0,0.0
54939,63776,EPG_L3_54939,PEN_a_L3_63776,PB,21,EPG_L3,PEN_a_L3,EPG,PEN_a,0.018356643356643356,0.0,0.0,1144.0,0.0,0.0
79852,63776,Delta7_L3R6_79852,PEN_a_L3_63776,PB,18,Delta7_L3R6,PEN_a_L3,Delta7,PEN_a,0.015734265734265736,0.0,0.0,1144.0,0.0,0.0
57518,63776,EPG_L3_57518,PEN_a_L3_63776,PB,11,EPG_L3,PEN_a_L3,EPG,PEN_a,0.009615384615384616,0.0,0.0,1144.0,0.0,0.0
57529,63776,EPG_L3_57529,PEN_a_L3_63776,PB,9,EPG_L3,PEN_a_L3,EPG,PEN_a,0.007867132867132868,0.0,0.0,1144.0,0.0,0.0
84473,63776,Delta7_L2L1_84473,PEN_a_L3_63776,PB,7,Delta7_L2L1,PEN_a_L3,Delta7,PEN_a,0.006118881118881119,0.0,0.0,1144.0,0.0,0.0
125199,63126,ER_L_MBUv_125199,ER_R_MBUv_63126,EB,12,ER_L_MBUv,ER_R_MBUv,MBUv,MBUv,0.0,0.011342155009451797,0.0,0.0,1058.0,0.0
55952,63126,EPG_L2_55952,ER_R_MBUv_63126,EB,12,EPG_L2,ER_R_MBUv,EPG,MBUv,0.0,0.011342155009451797,0.0,0.0,1058.0,0.0
65369,63126,ER_L_MBUv_65369,ER_R_MBUv_63126,EB,12,ER_L_MBUv,ER_R_MBUv,MBUv,MBUv,0.0,0.011342155009451797,0.0,0.0,1058.0,0.0
108339,63126,PEN_a_R9_108339,ER_R_MBUv_63126,EB,10,PEN_a_R9,ER_R_MBUv,PEN_a,MBUv,0.0,0.00945179584120983,0.0,0.0,1058.0,0.0
64084,63126,EPG_L_R1L1_64084,ER_R_MBUv_63126,EB,9,EPG_L_R1L1,ER_R_MBUv,EPG,MBUv,0.0,0.008506616257088847,0.0,0.0,1058.0,0.0
64276,63126,EPG_R8_64276,ER_R_MBUv_63126,EB,9,EPG_R8,ER_R_MBUv,EPG,MBUv,0.0,0.008506616257088847,0.0,0.0,1058.0,0.0
63772,63126,PEN_b_L3_63772,ER_R_MBUv_63126,EB,8,PEN_b_L3,ER_R_MBUv,PEN_b,MBUv,0.0,0.007561436672967864,0.0,0.0,1058.0,0.0
125041,63126,ER_L_MBUv_125041,ER_R_MBUv_63126,EB,8,ER_L_MBUv,ER_R_MBUv,MBUv,MBUv,0.0,0.007561436672967864,0.0,0.0,1058.0,0.0
125261,63126,ER_L_MBUv_125261,ER_R_MBUv_63126,EB,8,ER_L_MBUv,ER_R_MBUv,MBUv,MBUv,0.0,0.007561436672967864,0.0,0.0,1058.0,0.0
125025,63126,ER_L_MBUv_125025,ER_R_MBUv_63126,EB,8,ER_L_MBUv,ER_R_MBUv,MBUv,MBUv,0.0,0.007561436672967864,0.0,0.0,1058.0,0.0
47185,63126,ER_R_MBUv_47185,ER_R_MBUv_63126,EB,7,ER_R_MBUv,ER_R_MBUv,MBUv,MBUv,0.0,0.006616257088846881,0.0,0.0,1058.0,0.0
56356,63126,EPG_R8_56356,ER_R_MBUv_63126,EB,6,EPG_R8,ER_R_MBUv,EPG,MBUv,0.0,0.005671077504725898,0.0,0.0,1058.0,0.0
125189,63126,ER_L_MBUv_125189,ER_R_MBUv_63126,EB,6,ER_L_MBUv,ER_R_MBUv,MBUv,MBUv,0.0,0.005671077504725898,0.0,0.0,1058.0,0.0
55936,63126,EPG_R8_55936,ER_R_MBUv_63126,EB,6,EPG_R8,ER_R_MBUv,EPG,MBUv,0.0,0.005671077504725898,0.0,0.0,1058.0,0.0
80994,34205,Delta7_L6R3_80994,PEN_b_L6_34205,PB,178,Delta7_L6R3,PEN_b_L6,Delta7,PEN_b,0.09398099260823653,0.0,0.0,1894.0,0.0,0.0
82632,34205,Delta7_L6R3_82632,PEN_b_L6_34205,PB,152,Delta7_L6R3,PEN_b_L6,Delta7,PEN_b,0.08025343189017951,0.0,0.0,1894.0,0.0,0.0
83232,34205,Delta7_L6R3_83232,PEN_b_L6_34205,PB,149,Delta7_L6R3,PEN_b_L6,Delta7,PEN_b,0.07866948257655755,0.0,0.0,1894.0,0.0,0.0
86277,34205,Delta7_L6R3_86277,PEN_b_L6_34205,PB,131,Delta7_L6R3,PEN_b_L6,Delta7,PEN_b,0.06916578669482576,0.0,0.0,1894.0,0.0,0.0
83744,34205,Delta7_L6R3_83744,PEN_b_L6_34205,PB,114,Delta7_L6R3,PEN_b_L6,Delta7,PEN_b,0.06019007391763464,0.0,0.0,1894.0,0.0,0.0
84617,34205,Delta7_L6R3_84617,PEN_b_L6_34205,PB,112,Delta7_L6R3,PEN_b_L6,Delta7,PEN_b,0.059134107708553325,0.0,0.0,1894.0,0.0,0.0
60458,34205,EPG_L6_60458,PEN_b_L6_34205,PB,59,EPG_L6,PEN_b_L6,EPG,PEN_b,0.031151003167898626,0.0,0.0,1894.0,0.0,0.0
57712,34205,EPG_L6_57712,PEN_b_L6_34205,PB,48,EPG_L6,PEN_b_L6,EPG,PEN_b,0.025343189017951427,0.0,0.0,1894.0,0.0,0.0
59381,34205,EPG_L6_59381,PEN_b_L6_34205,PB,36,EPG_L6,PEN_b_L6,EPG,PEN_b,0.01900739176346357,0.0,0.0,1894.0,0.0,0.0
84500,34205,Delta7_L5R4_84500,PEN_b_L6_34205,PB,28,Delta7_L5R4,PEN_b_L6,Delta7,PEN_b,0.014783526927138331,0.0,0.0,1894.0,0.0,0.0
75302,34205,Delta7_L5R4_75302,PEN_b_L6_34205,PB,22,Delta7_L5R4,PEN_b_L6,Delta7,PEN_b,0.011615628299894404,0.0,0.0,1894.0,0.0,0.0
84466,34205,Delta7_L5R4_84466,PEN_b_L6_34205,PB,18,Delta7_L5R4,PEN_b_L6,Delta7,PEN_b,0.009503695881731784,0.0,0.0,1894.0,0.0,0.0
75326,34205,Delta7_L5R4_75326,PEN_b_L6_34205,PB,14,Delta7_L5R4,PEN_b_L6,Delta7,PEN_b,0.007391763463569166,0.0,0.0,1894.0,0.0,0.0
84303,34955,Delta7_L4R5_84303,EPG_L4_34955,PB,107,Delta7_L4R5,EPG_L4,Delta7,EPG,0.06670822942643391,0.0,0.0,1604.0,0.0,0.0
81522,34955,Delta7_L4R5_81522,EPG_L4_34955,PB,103,Delta7_L4R5,EPG_L4,Delta7,EPG,0.064214463840399,0.0,0.0,1604.0,0.0,0.0
83112,34955,Delta7_L4R5_83112,EPG_L4_34955,PB,103,Delta7_L4R5,EPG_L4,Delta7,EPG,0.064214463840399,0.0,0.0,1604.0,0.0,0.0
83239,34955,Delta7_L4R5_83239,EPG_L4_34955,PB,87,Delta7_L4R5,EPG_L4,Delta7,EPG,0.05423940149625935,0.0,0.0,1604.0,0.0,0.0
110806,34955,Delta7_L4R5_110806,EPG_L4_34955,PB,85,Delta7_L4R5,EPG_L4,Delta7,EPG,0.0529925187032419,0.0,0.0,1604.0,0.0,0.0
79852,34955,Delta7_L3R6_79852,EPG_L4_34955,PB,73,Delta7_L3R6,EPG_L4,Delta7,EPG,0.04551122194513716,0.0,0.0,1604.0,0.0,0.0
81527,34955,Delta7_L3R6_81527,EPG_L4_34955,PB,62,Delta7_L3R6,EPG_L4,Delta7,EPG,0.03865336658354115,0.0,0.0,1604.0,0.0,0.0
82590,34955,Delta7_L3R6_82590,EPG_L4_34955,PB,44,Delta7_L3R6,EPG_L4,Delta7,EPG,0.02743142144638404,0.0,0.0,1604.0,0.0,0.0
81541,34955,Delta7_L3R6_81541,EPG_L4_34955,PB,44,Delta7_L3R6,EPG_L4,Delta7,EPG,0.02743142144638404,0.0,0.0,1604.0,0.0,0.0
84631,34955,Delta7_L3R6_84631,EPG_L4_34955,PB,31,Delta7_L3R6,EPG_L4,Delta7,EPG,0.019326683291770574,0.0,0.0,1604.0,0.0,0.0
84354,34955,Delta7_L3R6_84354,EPG_L4_34955,PB,25,Delta7_L3R6,EPG_L4,Delta7,EPG,0.015586034912718205,0.0,0.0,1604.0,0.0,0.0
129538,139934,ER_L_MBUd_129538,ER_L_LBU_139934,EB,7,ER_L_MBUd,ER_L_LBU,MBUd,LBU,0.0,0.008045977011494253,0.0,0.0,870.0,0.0
142952,139934,ER_L_LBU_142952,ER_L_LBU_139934,EB,6,ER_L_LBU,ER_L_LBU,LBU,LBU,0.0,0.006896551724137931,0.0,0.0,870.0,0.0
84631,63772,Delta7_L3R6_84631,PEN_b_L3_63772,PB,207,Delta7_L3R6,PEN_b_L3,Delta7,PEN_b,0.09727443609022557,0.0,0.0,2128.0,0.0,0.0
82590,63772,Delta7_L3R6_82590,PEN_b_L3_63772,PB,203,Delta7_L3R6,PEN_b_L3,Delta7,PEN_b,0.09539473684210527,0.0,0.0,2128.0,0.0,0.0
81541,63772,Delta7_L3R6_81541,PEN_b_L3_63772,PB,173,Delta7_L3R6,PEN_b_L3,Delta7,PEN_b,0.081296992481203,0.0,0.0,2128.0,0.0,0.0
84354,63772,Delta7_L3R6_84354,PEN_b_L3_63772,PB,160,Delta7_L3R6,PEN_b_L3,Delta7,PEN_b,0.07518796992481203,0.0,0.0,2128.0,0.0,0.0
81527,63772,Delta7_L3R6_81527,PEN_b_L3_63772,PB,138,Delta7_L3R6,PEN_b_L3,Delta7,PEN_b,0.06484962406015038,0.0,0.0,2128.0,0.0,0.0
79852,63772,Delta7_L3R6_79852,PEN_b_L3_63772,PB,125,Delta7_L3R6,PEN_b_L3,Delta7,PEN_b,0.0587406015037594,0.0,0.0,2128.0,0.0,0.0
83722,63772,Delta7_L2L1_83722,PEN_b_L3_63772,PB,84,Delta7_L2L1,PEN_b_L3,Delta7,PEN_b,0.039473684210526314,0.0,0.0,2128.0,0.0,0.0
54939,63772,EPG_L3_54939,PEN_b_L3_63772,PB,65,EPG_L3,PEN_b_L3,EPG,PEN_b,0.030545112781954886,0.0,0.0,2128.0,0.0,0.0
57529,63772,EPG_L3_57529,PEN_b_L3_63772,PB,53,EPG_L3,PEN_b_L3,EPG,PEN_b,0.024906015037593984,0.0,0.0,2128.0,0.0,0.0
57518,63772,EPG_L3_57518,PEN_b_L3_63772,PB,35,EPG_L3,PEN_b_L3,EPG,PEN_b,0.01644736842105263,0.0,0.0,2128.0,0.0,0.0
84473,63772,Delta7_L2L1_84473,PEN_b_L3_63772,PB,35,Delta7_L2L1,PEN_b_L3,Delta7,PEN_b,0.01644736842105263,0.0,0.0,2128.0,0.0,0.0
83213,63772,Delta7_L2L1_83213,PEN_b_L3_63772,PB,18,Delta7_L2L1,PEN_b_L3,Delta7,PEN_b,0.008458646616541353,0.0,0.0,2128.0,0.0,0.0
83112,63772,Delta7_L4R5_83112,PEN_b_L3_63772,PB,17,Delta7_L4R5,PEN_b_L3,Delta7,PEN_b,0.007988721804511278,0.0,0.0,2128.0,0.0,0.0
42181,63772,Delta7_L2L1_42181,PEN_b_L3_63772,PB,12,Delta7_L2L1,PEN_b_L3,Delta7,PEN_b,0.005639097744360902,0.0,0.0,2128.0,0.0,0.0
110806,35304,Delta7_L4R5_110806,EPG_L4_35304,PB,107,Delta7_L4R5,EPG_L4,Delta7,EPG,0.07224848075624578,0.0,0.0,1481.0,0.0,0.0
83112,35304,Delta7_L4R5_83112,EPG_L4_35304,PB,99,Delta7_L4R5,EPG_L4,Delta7,EPG,0.06684672518568535,0.0,0.0,1481.0,0.0,0.0
84303,35304,Delta7_L4R5_84303,EPG_L4_35304,PB,97,Delta7_L4R5,EPG_L4,Delta7,EPG,0.06549628629304524,0.0,0.0,1481.0,0.0,0.0
79852,35304,Delta7_L3R6_79852,EPG_L4_35304,PB,89,Delta7_L3R6,EPG_L4,Delta7,EPG,0.06009453072248481,0.0,0.0,1481.0,0.0,0.0
81522,35304,Delta7_L4R5_81522,EPG_L4_35304,PB,70,Delta7_L4R5,EPG_L4,Delta7,EPG,0.04726536124240378,0.0,0.0,1481.0,0.0,0.0
81527,35304,Delta7_L3R6_81527,EPG_L4_35304,PB,67,Delta7_L3R6,EPG_L4,Delta7,EPG,0.04523970290344362,0.0,0.0,1481.0,0.0,0.0
83239,35304,Delta7_L4R5_83239,EPG_L4_35304,PB,58,Delta7_L4R5,EPG_L4,Delta7,EPG,0.03916272788656313,0.0,0.0,1481.0,0.0,0.0
81541,35304,Delta7_L3R6_81541,EPG_L4_35304,PB,36,Delta7_L3R6,EPG_L4,Delta7,EPG,0.024307900067521943,0.0,0.0,1481.0,0.0,0.0
82590,35304,Delta7_L3R6_82590,EPG_L4_35304,PB,33,Delta7_L3R6,EPG_L4,Delta7,EPG,0.02228224172856178,0.0,0.0,1481.0,0.0,0.0
84631,35304,Delta7_L3R6_84631,EPG_L4_35304,PB,19,Delta7_L3R6,EPG_L4,Delta7,EPG,0.012829169480081027,0.0,0.0,1481.0,0.0,0.0
84354,35304,Delta7_L3R6_84354,EPG_L4_35304,PB,12,Delta7_L3R6,EPG_L4,Delta7,EPG,0.008102633355840648,0.0,0.0,1481.0,0.0,0.0
84631,57518,Delta7_L3R6_84631,EPG_L3_57518,PB,142,Delta7_L3R6,EPG_L3,Delta7,EPG,0.09214795587280987,0.0,0.0,1541.0,0.0,0.0
84354,57518,Delta7_L3R6_84354,EPG_L3_57518,PB,119,Delta7_L3R6,EPG_L3,Delta7,EPG,0.07722258273848151,0.0,0.0,1541.0,0.0,0.0
82590,57518,Delta7_L3R6_82590,EPG_L3_57518,PB,110,Delta7_L3R6,EPG_L3,Delta7,EPG,0.07138221933809215,0.0,0.0,1541.0,0.0,0.0
81541,57518,Delta7_L3R6_81541,EPG_L3_57518,PB,96,Delta7_L3R6,EPG_L3,Delta7,EPG,0.06229720960415315,0.0,0.0,1541.0,0.0,0.0
79852,57518,Delta7_L3R6_79852,EPG_L3_57518,PB,87,Delta7_L3R6,EPG_L3,Delta7,EPG,0.05645684620376379,0.0,0.0,1541.0,0.0,0.0
81527,57518,Delta7_L3R6_81527,EPG_L3_57518,PB,86,Delta7_L3R6,EPG_L3,Delta7,EPG,0.055807916937053864,0.0,0.0,1541.0,0.0,0.0
83722,57518,Delta7_L2L1_83722,EPG_L3_57518,PB,62,Delta7_L2L1,EPG_L3,Delta7,EPG,0.04023361453601557,0.0,0.0,1541.0,0.0,0.0
84473,57518,Delta7_L2L1_84473,EPG_L3_57518,PB,21,Delta7_L2L1,EPG_L3,Delta7,EPG,0.0136275146009085,0.0,0.0,1541.0,0.0,0.0
83213,57518,Delta7_L2L1_83213,EPG_L3_57518,PB,18,Delta7_L2L1,EPG_L3,Delta7,EPG,0.011680726800778715,0.0,0.0,1541.0,0.0,0.0
42181,57518,Delta7_L2L1_42181,EPG_L3_57518,PB,17,Delta7_L2L1,EPG_L3,Delta7,EPG,0.011031797534068787,0.0,0.0,1541.0,0.0,0.0
84178,57518,Delta7_L2L1_84178,EPG_L3_57518,PB,10,Delta7_L2L1,EPG_L3,Delta7,EPG,0.006489292667099286,0.0,0.0,1541.0,0.0,0.0
56351,125194,PEG_R8_56351,ER_L_MBUv_125194,EB,15,PEG_R8,ER_L_MBUv,PEG,MBUv,0.0,0.015940488841657812,0.0,0.0,941.0,0.0
112713,125194,PEN_a_L2_112713,ER_L_MBUv_125194,EB,14,PEN_a_L2,ER_L_MBUv,PEN_a,MBUv,0.0,0.01487778958554729,0.0,0.0,941.0,0.0
125189,125194,ER_L_MBUv_125189,ER_L_MBUv_125194,EB,10,ER_L_MBUv,ER_L_MBUv,MBUv,MBUv,0.0,0.010626992561105207,0.0,0.0,941.0,0.0
64133,125194,ER_R_MBUv_64133,ER_L_MBUv_125194,EB,9,ER_R_MBUv,ER_L_MBUv,MBUv,MBUv,0.0,0.009564293304994687,0.0,0.0,941.0,0.0
47185,125194,ER_R_MBUv_47185,ER_L_MBUv_125194,EB,9,ER_R_MBUv,ER_L_MBUv,MBUv,MBUv,0.0,0.009564293304994687,0.0,0.0,941.0,0.0
108339,125194,PEN_a_R9_108339,ER_L_MBUv_125194,EB,8,PEN_a_R9,ER_L_MBUv,PEN_a,MBUv,0.0,0.008501594048884165,0.0,0.0,941.0,0.0
64276,125194,EPG_R8_64276,ER_L_MBUv_125194,EB,8,EPG_R8,ER_L_MBUv,EPG,MBUv,0.0,0.008501594048884165,0.0,0.0,941.0,0.0
65375,125194,ER_L_MBUv_65375,ER_L_MBUv_125194,EB,8,ER_L_MBUv,ER_L_MBUv,MBUv,MBUv,0.0,0.008501594048884165,0.0,0.0,941.0,0.0
65369,125194,ER_L_MBUv_65369,ER_L_MBUv_125194,EB,8,ER_L_MBUv,ER_L_MBUv,MBUv,MBUv,0.0,0.008501594048884165,0.0,0.0,941.0,0.0
125035,125194,ER_L_MBUv_125035,ER_L_MBUv_125194,EB,7,ER_L_MBUv,ER_L_MBUv,MBUv,MBUv,0.0,0.007438894792773645,0.0,0.0,941.0,0.0
125041,125194,ER_L_MBUv_125041,ER_L_MBUv_125194,EB,7,ER_L_MBUv,ER_L_MBUv,MBUv,MBUv,0.0,0.007438894792773645,0.0,0.0,941.0,0.0
63126,125194,ER_R_MBUv_63126,ER_L_MBUv_125194,EB,7,ER_R_MBUv,ER_L_MBUv,MBUv,MBUv,0.0,0.007438894792773645,0.0,0.0,941.0,0.0
56356,125194,EPG_R8_56356,ER_L_MBUv_125194,EB,6,EPG_R8,ER_L_MBUv,EPG,MBUv,0.0,0.006376195536663124,0.0,0.0,941.0,0.0
55936,63772,EPG_R8_55936,PEN_b_L3_63772,EB,22,EPG_R8,PEN_b_L3,EPG,PEN_b,0.0,0.026378896882494004,0.0,0.0,834.0,0.0
56356,63772,EPG_R8_56356,PEN_b_L3_63772,EB,11,EPG_R8,PEN_b_L3,EPG,PEN_b,0.0,0.013189448441247002,0.0,0.0,834.0,0.0
55944,63772,EPG_L2_55944,PEN_b_L3_63772,EB,9,EPG_L2,PEN_b_L3,EPG,PEN_b,0.0,0.01079136690647482,0.0,0.0,834.0,0.0
55952,63772,EPG_L2_55952,PEN_b_L3_63772,EB,7,EPG_L2,PEN_b_L3,EPG,PEN_b,0.0,0.008393285371702638,0.0,0.0,834.0,0.0
64257,63772,PEN_b_R9_64257,PEN_b_L3_63772,EB,7,PEN_b_R9,PEN_b_L3,PEN_b,PEN_b,0.0,0.008393285371702638,0.0,0.0,834.0,0.0
139934,62562,ER_L_LBU_139934,ER_L_LBU_62562,EB,10,ER_L_LBU,ER_L_LBU,LBU,LBU,0.0,0.012706480304955527,0.0,0.0,787.0,0.0
125560,62562,ER_L_LBU_125560,ER_L_LBU_62562,EB,6,ER_L_LBU,ER_L_LBU,LBU,LBU,0.0,0.007623888182973317,0.0,0.0,787.0,0.0
129326,62562,ER_L_MBUd_129326,ER_L_LBU_62562,EB,6,ER_L_MBUd,ER_L_LBU,MBUd,LBU,0.0,0.007623888182973317,0.0,0.0,787.0,0.0
56351,62562,PEG_R8_56351,ER_L_LBU_62562,EB,6,PEG_R8,ER_L_LBU,PEG,LBU,0.0,0.007623888182973317,0.0,0.0,787.0,0.0
57041,118407,ER_R_LAL_57041,PEN_a_R8_118407,EB,20,ER_R_LAL,PEN_a_R8,LAL,PEN_a,0.0,0.02570694087403599,0.0,0.0,778.0,0.0
47232,118407,ER_R_LAL_47232,PEN_a_R8_118407,EB,14,ER_R_LAL,PEN_a_R8,LAL,PEN_a,0.0,0.017994858611825194,0.0,0.0,778.0,0.0
118376,118407,PEN_b_R8_118376,PEN_a_R8_118407,EB,8,PEN_b_R8,PEN_a_R8,PEN_b,PEN_a,0.0,0.010282776349614395,0.0,0.0,778.0,0.0
56351,141339,PEG_R8_56351,ER_L_LBU_141339,EB,7,PEG_R8,ER_L_LBU,PEG,LBU,0.0,0.009602194787379973,0.0,0.0,729.0,0.0
108339,125291,PEN_a_R9_108339,ER_L_MBUv_125291,EB,10,PEN_a_R9,ER_L_MBUv,PEN_a,MBUv,0.0,0.013315579227696404,0.0,0.0,751.0,0.0
184355,125291,ER_R_MBUd_184355,ER_L_MBUv_125291,EB,6,ER_R_MBUd,ER_L_MBUv,MBUd,MBUv,0.0,0.007989347536617843,0.0,0.0,751.0,0.0
63776,125291,PEN_a_L3_63776,ER_L_MBUv_125291,EB,6,PEN_a_L3,ER_L_MBUv,PEN_a,MBUv,0.0,0.007989347536617843,0.0,0.0,751.0,0.0
63126,125099,ER_R_MBUv_63126,ER_L_MBUv_125099,EB,13,ER_R_MBUv,ER_L_MBUv,MBUv,MBUv,0.0,0.015834348355663823,0.0,0.0,821.0,0.0
65375,125099,ER_L_MBUv_65375,ER_L_MBUv_125099,EB,12,ER_L_MBUv,ER_L_MBUv,MBUv,MBUv,0.0,0.014616321559074299,0.0,0.0,821.0,0.0
55952,125099,EPG_L2_55952,ER_L_MBUv_125099,EB,11,EPG_L2,ER_L_MBUv,EPG,MBUv,0.0,0.013398294762484775,0.0,0.0,821.0,0.0
55936,125099,EPG_R8_55936,ER_L_MBUv_125099,EB,11,EPG_R8,ER_L_MBUv,EPG,MBUv,0.0,0.013398294762484775,0.0,0.0,821.0,0.0
64154,125099,ER_L_MBUv_64154,ER_L_MBUv_125099,EB,8,ER_L_MBUv,ER_L_MBUv,MBUv,MBUv,0.0,0.0097442143727162,0.0,0.0,821.0,0.0
183953,125099,ER_R_MBUv_183953,ER_L_MBUv_125099,EB,7,ER_R_MBUv,ER_L_MBUv,MBUv,MBUv,0.0,0.008526187576126675,0.0,0.0,821.0,0.0
56356,125099,EPG_R8_56356,ER_L_MBUv_125099,EB,6,EPG_R8,ER_L_MBUv,EPG,MBUv,0.0,0.007308160779537149,0.0,0.0,821.0,0.0
125199,125099,ER_L_MBUv_125199,ER_L_MBUv_125099,EB,6,ER_L_MBUv,ER_L_MBUv,MBUv,MBUv,0.0,0.007308160779537149,0.0,0.0,821.0,0.0
63772,125099,PEN_b_L3_63772,ER_L_MBUv_125099,EB,6,PEN_b_L3,ER_L_MBUv,PEN_b,MBUv,0.0,0.007308160779537149,0.0,0.0,821.0,0.0
125189,125099,ER_L_MBUv_125189,ER_L_MBUv_125099,EB,6,ER_L_MBUv,ER_L_MBUv,MBUv,MBUv,0.0,0.007308160779537149,0.0,0.0,821.0,0.0
129538,142952,ER_L_MBUd_129538,ER_L_LBU_142952,EB,9,ER_L_MBUd,ER_L_LBU,MBUd,LBU,0.0,0.01300578034682081,0.0,0.0,692.0,0.0
125560,142952,ER_L_LBU_125560,ER_L_LBU_142952,EB,7,ER_L_LBU,ER_L_LBU,LBU,LBU,0.0,0.010115606936416185,0.0,0.0,692.0,0.0
125189,63046,ER_L_MBUv_125189,ER_R_MBUd_63046,EB,8,ER_L_MBUv,ER_R_MBUd,MBUv,MBUd,0.0,0.011799410029498525,0.0,0.0,678.0,0.0
189608,63046,ER_R_MBUd_189608,ER_R_MBUd_63046,EB,6,ER_R_MBUd,ER_R_MBUd,MBUd,MBUd,0.0,0.008849557522123894,0.0,0.0,678.0,0.0
125560,141559,ER_L_LBU_125560,ER_L_LBU_141559,EB,7,ER_L_LBU,ER_L_LBU,LBU,LBU,0.0,0.010355029585798817,0.0,0.0,676.0,0.0
56351,141559,PEG_R8_56351,ER_L_LBU_141559,EB,6,PEG_R8,ER_L_LBU,PEG,LBU,0.0,0.008875739644970414,0.0,0.0,676.0,0.0
125523,141559,ER_L_MBUd_125523,ER_L_LBU_141559,EB,6,ER_L_MBUd,ER_L_LBU,MBUd,LBU,0.0,0.008875739644970414,0.0,0.0,676.0,0.0
55936,57041,EPG_R8_55936,ER_R_LAL_57041,EB,42,EPG_R8,ER_R_LAL,EPG,LAL,0.0,0.05166051660516605,0.0,0.0,813.0,0.0
55944,57041,EPG_L2_55944,ER_R_LAL_57041,EB,33,EPG_L2,ER_R_LAL,EPG,LAL,0.0,0.04059040590405904,0.0,0.0,813.0,0.0
55952,57041,EPG_L2_55952,ER_R_LAL_57041,EB,25,EPG_L2,ER_R_LAL,EPG,LAL,0.0,0.03075030750307503,0.0,0.0,813.0,0.0
56356,57041,EPG_R8_56356,ER_R_LAL_57041,EB,22,EPG_R8,ER_R_LAL,EPG,LAL,0.0,0.02706027060270603,0.0,0.0,813.0,0.0
64084,57041,EPG_L_R1L1_64084,ER_R_LAL_57041,EB,13,EPG_L_R1L1,ER_R_LAL,EPG,LAL,0.0,0.015990159901599015,0.0,0.0,813.0,0.0
64276,57041,EPG_R8_64276,ER_R_LAL_57041,EB,13,EPG_R8,ER_R_LAL,EPG,LAL,0.0,0.015990159901599015,0.0,0.0,813.0,0.0
64077,57041,EPG_L_R1L1_64077,ER_R_LAL_57041,EB,10,EPG_L_R1L1,ER_R_LAL,EPG,LAL,0.0,0.012300123001230012,0.0,0.0,813.0,0.0
118328,57041,EPG_R9_118328,ER_R_LAL_57041,EB,8,EPG_R9,ER_R_LAL,EPG,LAL,0.0,0.00984009840098401,0.0,0.0,813.0,0.0
108339,57041,PEN_a_R9_108339,ER_R_LAL_57041,EB,7,PEN_a_R9,ER_R_LAL,PEN_a,LAL,0.0,0.008610086100861008,0.0,0.0,813.0,0.0
118347,57041,EPG_R9_118347,ER_R_LAL_57041,EB,7,EPG_R9,ER_R_LAL,EPG,LAL,0.0,0.008610086100861008,0.0,0.0,813.0,0.0
57529,86277,EPG_L3_57529,Delta7_L6R3_86277,PB,48,EPG_L3,Delta7_L6R3,EPG,Delta7,0.04229074889867841,0.0,0.0,1135.0,0.0,0.0
35304,86277,EPG_L4_35304,Delta7_L6R3_86277,PB,46,EPG_L4,Delta7_L6R3,EPG,Delta7,0.04052863436123348,0.0,0.0,1135.0,0.0,0.0
54939,86277,EPG_L3_54939,Delta7_L6R3_86277,PB,44,EPG_L3,Delta7_L6R3,EPG,Delta7,0.038766519823788544,0.0,0.0,1135.0,0.0,0.0
57518,86277,EPG_L3_57518,Delta7_L6R3_86277,PB,36,EPG_L3,Delta7_L6R3,EPG,Delta7,0.03171806167400881,0.0,0.0,1135.0,0.0,0.0
83722,86277,Delta7_L2L1_83722,Delta7_L6R3_86277,PB,27,Delta7_L2L1,Delta7_L6R3,Delta7,Delta7,0.02378854625550661,0.0,0.0,1135.0,0.0,0.0
82590,86277,Delta7_L3R6_82590,Delta7_L6R3_86277,PB,26,Delta7_L3R6,Delta7_L6R3,Delta7,Delta7,0.02290748898678414,0.0,0.0,1135.0,0.0,0.0
34228,86277,EPG_L4_34228,Delta7_L6R3_86277,PB,22,EPG_L4,Delta7_L6R3,EPG,Delta7,0.019383259911894272,0.0,0.0,1135.0,0.0,0.0
81527,86277,Delta7_L3R6_81527,Delta7_L6R3_86277,PB,22,Delta7_L3R6,Delta7_L6R3,Delta7,Delta7,0.019383259911894272,0.0,0.0,1135.0,0.0,0.0
34955,86277,EPG_L4_34955,Delta7_L6R3_86277,PB,21,EPG_L4,Delta7_L6R3,EPG,Delta7,0.018502202643171806,0.0,0.0,1135.0,0.0,0.0
81541,86277,Delta7_L3R6_81541,Delta7_L6R3_86277,PB,21,Delta7_L3R6,Delta7_L6R3,Delta7,Delta7,0.018502202643171806,0.0,0.0,1135.0,0.0,0.0
79852,86277,Delta7_L3R6_79852,Delta7_L6R3_86277,PB,20,Delta7_L3R6,Delta7_L6R3,Delta7,Delta7,0.01762114537444934,0.0,0.0,1135.0,0.0,0.0
82632,86277,Delta7_L6R3_82632,Delta7_L6R3_86277,PB,20,Delta7_L6R3,Delta7_L6R3,Delta7,Delta7,0.01762114537444934,0.0,0.0,1135.0,0.0,0.0
110806,86277,Delta7_L4R5_110806,Delta7_L6R3_86277,PB,19,Delta7_L4R5,Delta7_L6R3,Delta7,Delta7,0.016740088105726872,0.0,0.0,1135.0,0.0,0.0
84303,86277,Delta7_L4R5_84303,Delta7_L6R3_86277,PB,18,Delta7_L4R5,Delta7_L6R3,Delta7,Delta7,0.015859030837004406,0.0,0.0,1135.0,0.0,0.0
84631,86277,Delta7_L3R6_84631,Delta7_L6R3_86277,PB,14,Delta7_L3R6,Delta7_L6R3,Delta7,Delta7,0.012334801762114538,0.0,0.0,1135.0,0.0,0.0
84354,86277,Delta7_L3R6_84354,Delta7_L6R3_86277,PB,14,Delta7_L3R6,Delta7_L6R3,Delta7,Delta7,0.012334801762114538,0.0,0.0,1135.0,0.0,0.0
83213,86277,Delta7_L2L1_83213,Delta7_L6R3_86277,PB,12,Delta7_L2L1,Delta7_L6R3,Delta7,Delta7,0.010572687224669603,0.0,0.0,1135.0,0.0,0.0
84617,86277,Delta7_L6R3_84617,Delta7_L6R3_86277,PB,12,Delta7_L6R3,Delta7_L6R3,Delta7,Delta7,0.010572687224669603,0.0,0.0,1135.0,0.0,0.0
55952,86277,EPG_L2_55952,Delta7_L6R3_86277,PB,10,EPG_L2,Delta7_L6R3,EPG,Delta7,0.00881057268722467,0.0,0.0,1135.0,0.0,0.0
84178,86277,Delta7_L2L1_84178,Delta7_L6R3_86277,PB,10,Delta7_L2L1,Delta7_L6R3,Delta7,Delta7,0.00881057268722467,0.0,0.0,1135.0,0.0,0.0
81522,86277,Delta7_L4R5_81522,Delta7_L6R3_86277,PB,9,Delta7_L4R5,Delta7_L6R3,Delta7,Delta7,0.007929515418502203,0.0,0.0,1135.0,0.0,0.0
80994,86277,Delta7_L6R3_80994,Delta7_L6R3_86277,PB,9,Delta7_L6R3,Delta7_L6R3,Delta7,Delta7,0.007929515418502203,0.0,0.0,1135.0,0.0,0.0
83112,86277,Delta7_L4R5_83112,Delta7_L6R3_86277,PB,8,Delta7_L4R5,Delta7_L6R3,Delta7,Delta7,0.007048458149779736,0.0,0.0,1135.0,0.0,0.0
55944,86277,EPG_L2_55944,Delta7_L6R3_86277,PB,7,EPG_L2,Delta7_L6R3,EPG,Delta7,0.006167400881057269,0.0,0.0,1135.0,0.0,0.0
84473,86277,Delta7_L2L1_84473,Delta7_L6R3_86277,PB,6,Delta7_L2L1,Delta7_L6R3,Delta7,Delta7,0.0052863436123348016,0.0,0.0,1135.0,0.0,0.0
54939,83744,EPG_L3_54939,Delta7_L6R3_83744,PB,47,EPG_L3,Delta7_L6R3,EPG,Delta7,0.04532304725168756,0.0,0.0,1037.0,0.0,0.0
57529,83744,EPG_L3_57529,Delta7_L6R3_83744,PB,42,EPG_L3,Delta7_L6R3,EPG,Delta7,0.040501446480231434,0.0,0.0,1037.0,0.0,0.0
57518,83744,EPG_L3_57518,Delta7_L6R3_83744,PB,33,EPG_L3,Delta7_L6R3,EPG,Delta7,0.03182256509161042,0.0,0.0,1037.0,0.0,0.0
81527,83744,Delta7_L3R6_81527,Delta7_L6R3_83744,PB,25,Delta7_L3R6,Delta7_L6R3,Delta7,Delta7,0.024108003857280617,0.0,0.0,1037.0,0.0,0.0
84631,83744,Delta7_L3R6_84631,Delta7_L6R3_83744,PB,24,Delta7_L3R6,Delta7_L6R3,Delta7,Delta7,0.023143683702989394,0.0,0.0,1037.0,0.0,0.0
83213,83744,Delta7_L2L1_83213,Delta7_L6R3_83744,PB,23,Delta7_L2L1,Delta7_L6R3,Delta7,Delta7,0.022179363548698167,0.0,0.0,1037.0,0.0,0.0
83722,83744,Delta7_L2L1_83722,Delta7_L6R3_83744,PB,23,Delta7_L2L1,Delta7_L6R3,Delta7,Delta7,0.022179363548698167,0.0,0.0,1037.0,0.0,0.0
82590,83744,Delta7_L3R6_82590,Delta7_L6R3_83744,PB,20,Delta7_L3R6,Delta7_L6R3,Delta7,Delta7,0.019286403085824494,0.0,0.0,1037.0,0.0,0.0
84354,83744,Delta7_L3R6_84354,Delta7_L6R3_83744,PB,19,Delta7_L3R6,Delta7_L6R3,Delta7,Delta7,0.01832208293153327,0.0,0.0,1037.0,0.0,0.0
55952,83744,EPG_L2_55952,Delta7_L6R3_83744,PB,19,EPG_L2,Delta7_L6R3,EPG,Delta7,0.01832208293153327,0.0,0.0,1037.0,0.0,0.0
79852,83744,Delta7_L3R6_79852,Delta7_L6R3_83744,PB,18,Delta7_L3R6,Delta7_L6R3,Delta7,Delta7,0.017357762777242044,0.0,0.0,1037.0,0.0,0.0
35304,83744,EPG_L4_35304,Delta7_L6R3_83744,PB,15,EPG_L4,Delta7_L6R3,EPG,Delta7,0.01446480231436837,0.0,0.0,1037.0,0.0,0.0
34228,83744,EPG_L4_34228,Delta7_L6R3_83744,PB,15,EPG_L4,Delta7_L6R3,EPG,Delta7,0.01446480231436837,0.0,0.0,1037.0,0.0,0.0
81541,83744,Delta7_L3R6_81541,Delta7_L6R3_83744,PB,13,Delta7_L3R6,Delta7_L6R3,Delta7,Delta7,0.01253616200578592,0.0,0.0,1037.0,0.0,0.0
82632,83744,Delta7_L6R3_82632,Delta7_L6R3_83744,PB,12,Delta7_L6R3,Delta7_L6R3,Delta7,Delta7,0.011571841851494697,0.0,0.0,1037.0,0.0,0.0
80994,83744,Delta7_L6R3_80994,Delta7_L6R3_83744,PB,11,Delta7_L6R3,Delta7_L6R3,Delta7,Delta7,0.010607521697203472,0.0,0.0,1037.0,0.0,0.0
34955,83744,EPG_L4_34955,Delta7_L6R3_83744,PB,11,EPG_L4,Delta7_L6R3,EPG,Delta7,0.010607521697203472,0.0,0.0,1037.0,0.0,0.0
84466,83744,Delta7_L5R4_84466,Delta7_L6R3_83744,PB,10,Delta7_L5R4,Delta7_L6R3,Delta7,Delta7,0.009643201542912247,0.0,0.0,1037.0,0.0,0.0
86277,83744,Delta7_L6R3_86277,Delta7_L6R3_83744,PB,9,Delta7_L6R3,Delta7_L6R3,Delta7,Delta7,0.008678881388621022,0.0,0.0,1037.0,0.0,0.0
81522,83744,Delta7_L4R5_81522,Delta7_L6R3_83744,PB,8,Delta7_L4R5,Delta7_L6R3,Delta7,Delta7,0.007714561234329798,0.0,0.0,1037.0,0.0,0.0
84617,83744,Delta7_L6R3_84617,Delta7_L6R3_83744,PB,8,Delta7_L6R3,Delta7_L6R3,Delta7,Delta7,0.007714561234329798,0.0,0.0,1037.0,0.0,0.0
55944,83744,EPG_L2_55944,Delta7_L6R3_83744,PB,8,EPG_L2,Delta7_L6R3,EPG,Delta7,0.007714561234329798,0.0,0.0,1037.0,0.0,0.0
84473,83744,Delta7_L2L1_84473,Delta7_L6R3_83744,PB,8,Delta7_L2L1,Delta7_L6R3,Delta7,Delta7,0.007714561234329798,0.0,0.0,1037.0,0.0,0.0
83232,83744,Delta7_L6R3_83232,Delta7_L6R3_83744,PB,7,Delta7_L6R3,Delta7_L6R3,Delta7,Delta7,0.006750241080038573,0.0,0.0,1037.0,0.0,0.0
57022,47215,mLNO__57022,mLNO__47215,NO,26,mLNO_,mLNO_,mLNO_,mLNO_,0.0,0.0,0.03299492385786802,0.0,0.0,788.0
35112,47215,PFN_L4_35112,mLNO__47215,NO,16,PFN_L4,mLNO_,PFN,mLNO_,0.0,0.0,0.02030456852791878,0.0,0.0,788.0
34949,47215,PFN_L4_34949,mLNO__47215,NO,15,PFN_L4,mLNO_,PFN,mLNO_,0.0,0.0,0.01903553299492386,0.0,0.0,788.0
34937,47215,PFN_L5_34937,mLNO__47215,NO,15,PFN_L5,mLNO_,PFN,mLNO_,0.0,0.0,0.01903553299492386,0.0,0.0,788.0
82743,47215,PFN_L3_82743,mLNO__47215,NO,14,PFN_L3,mLNO_,PFN,mLNO_,0.0,0.0,0.017766497461928935,0.0,0.0,788.0
56999,47215,mLNO__56999,mLNO__47215,NO,13,mLNO_,mLNO_,mLNO_,mLNO_,0.0,0.0,0.01649746192893401,0.0,0.0,788.0
35117,47215,PFN_L4_35117,mLNO__47215,NO,13,PFN_L4,mLNO_,PFN,mLNO_,0.0,0.0,0.01649746192893401,0.0,0.0,788.0
35086,47215,PFN_L4_35086,mLNO__47215,NO,12,PFN_L4,mLNO_,PFN,mLNO_,0.0,0.0,0.015228426395939087,0.0,0.0,788.0
47205,47215,PFN_L3_47205,mLNO__47215,NO,11,PFN_L3,mLNO_,PFN,mLNO_,0.0,0.0,0.013959390862944163,0.0,0.0,788.0
108851,47215,PFN_L2_108851,mLNO__47215,NO,9,PFN_L2,mLNO_,PFN,mLNO_,0.0,0.0,0.011421319796954314,0.0,0.0,788.0
34944,47215,PFN_L5_34944,mLNO__47215,NO,9,PFN_L5,mLNO_,PFN,mLNO_,0.0,0.0,0.011421319796954314,0.0,0.0,788.0
111345,47215,PFN_L2_111345,mLNO__47215,NO,8,PFN_L2,mLNO_,PFN,mLNO_,0.0,0.0,0.01015228426395939,0.0,0.0,788.0
111332,47215,PFN_L9_111332,mLNO__47215,NO,7,PFN_L9,mLNO_,PFN,mLNO_,0.0,0.0,0.008883248730964468,0.0,0.0,788.0
57076,47215,mLNO__57076,mLNO__47215,NO,6,mLNO_,mLNO_,mLNO_,mLNO_,0.0,0.0,0.007614213197969543,0.0,0.0,788.0
83112,35091,Delta7_L4R5_83112,PEN_a_L4_35091,PB,37,Delta7_L4R5,PEN_a_L4,Delta7,PEN_a,0.048051948051948054,0.0,0.0,770.0,0.0,0.0
83239,35091,Delta7_L4R5_83239,PEN_a_L4_35091,PB,21,Delta7_L4R5,PEN_a_L4,Delta7,PEN_a,0.02727272727272727,0.0,0.0,770.0,0.0,0.0
84303,35091,Delta7_L4R5_84303,PEN_a_L4_35091,PB,20,Delta7_L4R5,PEN_a_L4,Delta7,PEN_a,0.025974025974025976,0.0,0.0,770.0,0.0,0.0
110806,35091,Delta7_L4R5_110806,PEN_a_L4_35091,PB,20,Delta7_L4R5,PEN_a_L4,Delta7,PEN_a,0.025974025974025976,0.0,0.0,770.0,0.0,0.0
79852,35091,Delta7_L3R6_79852,PEN_a_L4_35091,PB,15,Delta7_L3R6,PEN_a_L4,Delta7,PEN_a,0.01948051948051948,0.0,0.0,770.0,0.0,0.0
81522,35091,Delta7_L4R5_81522,PEN_a_L4_35091,PB,15,Delta7_L4R5,PEN_a_L4,Delta7,PEN_a,0.01948051948051948,0.0,0.0,770.0,0.0,0.0
35304,35091,EPG_L4_35304,PEN_a_L4_35091,PB,14,EPG_L4,PEN_a_L4,EPG,PEN_a,0.01818181818181818,0.0,0.0,770.0,0.0,0.0
81527,35091,Delta7_L3R6_81527,PEN_a_L4_35091,PB,11,Delta7_L3R6,PEN_a_L4,Delta7,PEN_a,0.014285714285714285,0.0,0.0,770.0,0.0,0.0
34228,35091,EPG_L4_34228,PEN_a_L4_35091,PB,10,EPG_L4,PEN_a_L4,EPG,PEN_a,0.012987012987012988,0.0,0.0,770.0,0.0,0.0
34955,35091,EPG_L4_34955,PEN_a_L4_35091,PB,8,EPG_L4,PEN_a_L4,EPG,PEN_a,0.01038961038961039,0.0,0.0,770.0,0.0,0.0
81522,35368,Delta7_L4R5_81522,PEN_a_L4_35368,PB,41,Delta7_L4R5,PEN_a_L4,Delta7,PEN_a,0.05222929936305733,0.0,0.0,785.0,0.0,0.0
83239,35368,Delta7_L4R5_83239,PEN_a_L4_35368,PB,38,Delta7_L4R5,PEN_a_L4,Delta7,PEN_a,0.048407643312101914,0.0,0.0,785.0,0.0,0.0
83112,35368,Delta7_L4R5_83112,PEN_a_L4_35368,PB,32,Delta7_L4R5,PEN_a_L4,Delta7,PEN_a,0.04076433121019108,0.0,0.0,785.0,0.0,0.0
110806,35368,Delta7_L4R5_110806,PEN_a_L4_35368,PB,31,Delta7_L4R5,PEN_a_L4,Delta7,PEN_a,0.03949044585987261,0.0,0.0,785.0,0.0,0.0
84303,35368,Delta7_L4R5_84303,PEN_a_L4_35368,PB,31,Delta7_L4R5,PEN_a_L4,Delta7,PEN_a,0.03949044585987261,0.0,0.0,785.0,0.0,0.0
79852,35368,Delta7_L3R6_79852,PEN_a_L4_35368,PB,12,Delta7_L3R6,PEN_a_L4,Delta7,PEN_a,0.015286624203821656,0.0,0.0,785.0,0.0,0.0
34955,35368,EPG_L4_34955,PEN_a_L4_35368,PB,7,EPG_L4,PEN_a_L4,EPG,PEN_a,0.008917197452229299,0.0,0.0,785.0,0.0,0.0
35304,35368,EPG_L4_35304,PEN_a_L4_35368,PB,6,EPG_L4,PEN_a_L4,EPG,PEN_a,0.007643312101910828,0.0,0.0,785.0,0.0,0.0
34228,35368,EPG_L4_34228,PEN_a_L4_35368,PB,6,EPG_L4,PEN_a_L4,EPG,PEN_a,0.007643312101910828,0.0,0.0,785.0,0.0,0.0
54939,82632,EPG_L3_54939,Delta7_L6R3_82632,PB,40,EPG_L3,Delta7_L6R3,EPG,Delta7,0.038350910834132314,0.0,0.0,1043.0,0.0,0.0
57529,82632,EPG_L3_57529,Delta7_L6R3_82632,PB,39,EPG_L3,Delta7_L6R3,EPG,Delta7,0.037392138063279005,0.0,0.0,1043.0,0.0,0.0
57518,82632,EPG_L3_57518,Delta7_L6R3_82632,PB,28,EPG_L3,Delta7_L6R3,EPG,Delta7,0.026845637583892617,0.0,0.0,1043.0,0.0,0.0
84631,82632,Delta7_L3R6_84631,Delta7_L6R3_82632,PB,28,Delta7_L3R6,Delta7_L6R3,Delta7,Delta7,0.026845637583892617,0.0,0.0,1043.0,0.0,0.0
34955,82632,EPG_L4_34955,Delta7_L6R3_82632,PB,27,EPG_L4,Delta7_L6R3,EPG,Delta7,0.02588686481303931,0.0,0.0,1043.0,0.0,0.0
82590,82632,Delta7_L3R6_82590,Delta7_L6R3_82632,PB,26,Delta7_L3R6,Delta7_L6R3,Delta7,Delta7,0.024928092042186004,0.0,0.0,1043.0,0.0,0.0
35304,82632,EPG_L4_35304,Delta7_L6R3_82632,PB,22,EPG_L4,Delta7_L6R3,EPG,Delta7,0.02109300095877277,0.0,0.0,1043.0,0.0,0.0
81541,82632,Delta7_L3R6_81541,Delta7_L6R3_82632,PB,20,Delta7_L3R6,Delta7_L6R3,Delta7,Delta7,0.019175455417066157,0.0,0.0,1043.0,0.0,0.0
42181,82632,Delta7_L2L1_42181,Delta7_L6R3_82632,PB,19,Delta7_L2L1,Delta7_L6R3,Delta7,Delta7,0.01821668264621285,0.0,0.0,1043.0,0.0,0.0
80994,82632,Delta7_L6R3_80994,Delta7_L6R3_82632,PB,17,Delta7_L6R3,Delta7_L6R3,Delta7,Delta7,0.016299137104506232,0.0,0.0,1043.0,0.0,0.0
79852,82632,Delta7_L3R6_79852,Delta7_L6R3_82632,PB,16,Delta7_L3R6,Delta7_L6R3,Delta7,Delta7,0.015340364333652923,0.0,0.0,1043.0,0.0,0.0
81527,82632,Delta7_L3R6_81527,Delta7_L6R3_82632,PB,14,Delta7_L3R6,Delta7_L6R3,Delta7,Delta7,0.013422818791946308,0.0,0.0,1043.0,0.0,0.0
83232,82632,Delta7_L6R3_83232,Delta7_L6R3_82632,PB,14,Delta7_L6R3,Delta7_L6R3,Delta7,Delta7,0.013422818791946308,0.0,0.0,1043.0,0.0,0.0
83722,82632,Delta7_L2L1_83722,Delta7_L6R3_82632,PB,14,Delta7_L2L1,Delta7_L6R3,Delta7,Delta7,0.013422818791946308,0.0,0.0,1043.0,0.0,0.0
83112,82632,Delta7_L4R5_83112,Delta7_L6R3_82632,PB,13,Delta7_L4R5,Delta7_L6R3,Delta7,Delta7,0.012464046021093002,0.0,0.0,1043.0,0.0,0.0
34228,82632,EPG_L4_34228,Delta7_L6R3_82632,PB,13,EPG_L4,Delta7_L6R3,EPG,Delta7,0.012464046021093002,0.0,0.0,1043.0,0.0,0.0
81522,82632,Delta7_L4R5_81522,Delta7_L6R3_82632,PB,12,Delta7_L4R5,Delta7_L6R3,Delta7,Delta7,0.011505273250239693,0.0,0.0,1043.0,0.0,0.0
86277,82632,Delta7_L6R3_86277,Delta7_L6R3_82632,PB,12,Delta7_L6R3,Delta7_L6R3,Delta7,Delta7,0.011505273250239693,0.0,0.0,1043.0,0.0,0.0
55944,82632,EPG_L2_55944,Delta7_L6R3_82632,PB,11,EPG_L2,Delta7_L6R3,EPG,Delta7,0.010546500479386385,0.0,0.0,1043.0,0.0,0.0
83213,82632,Delta7_L2L1_83213,Delta7_L6R3_82632,PB,9,Delta7_L2L1,Delta7_L6R3,Delta7,Delta7,0.00862895493767977,0.0,0.0,1043.0,0.0,0.0
83744,82632,Delta7_L6R3_83744,Delta7_L6R3_82632,PB,9,Delta7_L6R3,Delta7_L6R3,Delta7,Delta7,0.00862895493767977,0.0,0.0,1043.0,0.0,0.0
84354,82632,Delta7_L3R6_84354,Delta7_L6R3_82632,PB,9,Delta7_L3R6,Delta7_L6R3,Delta7,Delta7,0.00862895493767977,0.0,0.0,1043.0,0.0,0.0
110806,82632,Delta7_L4R5_110806,Delta7_L6R3_82632,PB,9,Delta7_L4R5,Delta7_L6R3,Delta7,Delta7,0.00862895493767977,0.0,0.0,1043.0,0.0,0.0
55952,82632,EPG_L2_55952,Delta7_L6R3_82632,PB,9,EPG_L2,Delta7_L6R3,EPG,Delta7,0.00862895493767977,0.0,0.0,1043.0,0.0,0.0
84473,82632,Delta7_L2L1_84473,Delta7_L6R3_82632,PB,6,Delta7_L2L1,Delta7_L6R3,Delta7,Delta7,0.005752636625119847,0.0,0.0,1043.0,0.0,0.0
83239,82632,Delta7_L4R5_83239,Delta7_L6R3_82632,PB,6,Delta7_L4R5,Delta7_L6R3,Delta7,Delta7,0.005752636625119847,0.0,0.0,1043.0,0.0,0.0
75302,84466,Delta7_L5R4_75302,Delta7_L5R4_84466,PB,16,Delta7_L5R4,Delta7_L5R4,Delta7,Delta7,0.020202020202020204,0.0,0.0,792.0,0.0,0.0
83722,84466,Delta7_L2L1_83722,Delta7_L5R4_84466,PB,16,Delta7_L2L1,Delta7_L5R4,Delta7,Delta7,0.020202020202020204,0.0,0.0,792.0,0.0,0.0
57529,84466,EPG_L3_57529,Delta7_L5R4_84466,PB,16,EPG_L3,Delta7_L5R4,EPG,Delta7,0.020202020202020204,0.0,0.0,792.0,0.0,0.0
75326,84466,Delta7_L5R4_75326,Delta7_L5R4_84466,PB,15,Delta7_L5R4,Delta7_L5R4,Delta7,Delta7,0.01893939393939394,0.0,0.0,792.0,0.0,0.0
84178,84466,Delta7_L2L1_84178,Delta7_L5R4_84466,PB,12,Delta7_L2L1,Delta7_L5R4,Delta7,Delta7,0.015151515151515152,0.0,0.0,792.0,0.0,0.0
84500,84466,Delta7_L5R4_84500,Delta7_L5R4_84466,PB,11,Delta7_L5R4,Delta7_L5R4,Delta7,Delta7,0.013888888888888888,0.0,0.0,792.0,0.0,0.0
84354,84466,Delta7_L3R6_84354,Delta7_L5R4_84466,PB,11,Delta7_L3R6,Delta7_L5R4,Delta7,Delta7,0.013888888888888888,0.0,0.0,792.0,0.0,0.0
80994,84466,Delta7_L6R3_80994,Delta7_L5R4_84466,PB,10,Delta7_L6R3,Delta7_L5R4,Delta7,Delta7,0.012626262626262626,0.0,0.0,792.0,0.0,0.0
55952,84466,EPG_L2_55952,Delta7_L5R4_84466,PB,10,EPG_L2,Delta7_L5R4,EPG,Delta7,0.012626262626262626,0.0,0.0,792.0,0.0,0.0
54939,84466,EPG_L3_54939,Delta7_L5R4_84466,PB,9,EPG_L3,Delta7_L5R4,EPG,Delta7,0.011363636363636364,0.0,0.0,792.0,0.0,0.0
83213,84466,Delta7_L2L1_83213,Delta7_L5R4_84466,PB,9,Delta7_L2L1,Delta7_L5R4,Delta7,Delta7,0.011363636363636364,0.0,0.0,792.0,0.0,0.0
42181,84466,Delta7_L2L1_42181,Delta7_L5R4_84466,PB,8,Delta7_L2L1,Delta7_L5R4,Delta7,Delta7,0.010101010101010102,0.0,0.0,792.0,0.0,0.0
84631,84466,Delta7_L3R6_84631,Delta7_L5R4_84466,PB,7,Delta7_L3R6,Delta7_L5R4,Delta7,Delta7,0.008838383838383838,0.0,0.0,792.0,0.0,0.0
84303,84466,Delta7_L4R5_84303,Delta7_L5R4_84466,PB,7,Delta7_L4R5,Delta7_L5R4,Delta7,Delta7,0.008838383838383838,0.0,0.0,792.0,0.0,0.0
79852,84466,Delta7_L3R6_79852,Delta7_L5R4_84466,PB,6,Delta7_L3R6,Delta7_L5R4,Delta7,Delta7,0.007575757575757576,0.0,0.0,792.0,0.0,0.0
81527,84466,Delta7_L3R6_81527,Delta7_L5R4_84466,PB,6,Delta7_L3R6,Delta7_L5R4,Delta7,Delta7,0.007575757575757576,0.0,0.0,792.0,0.0,0.0
189608,33811,ER_R_MBUd_189608,ER_L_MBUd_33811,EB,10,ER_R_MBUd,ER_L_MBUd,MBUd,MBUd,0.0,0.016638935108153077,0.0,0.0,601.0,0.0
112687,33811,PEN_b_L2_112687,ER_L_MBUd_33811,EB,7,PEN_b_L2,ER_L_MBUd,PEN_b,MBUd,0.0,0.011647254575707155,0.0,0.0,601.0,0.0
81522,35224,Delta7_L4R5_81522,PEN_b_L4_35224,PB,167,Delta7_L4R5,PEN_b_L4,Delta7,PEN_b,0.11461908030199039,0.0,0.0,1457.0,0.0,0.0
84303,35224,Delta7_L4R5_84303,PEN_b_L4_35224,PB,139,Delta7_L4R5,PEN_b_L4,Delta7,PEN_b,0.09540150995195608,0.0,0.0,1457.0,0.0,0.0
83112,35224,Delta7_L4R5_83112,PEN_b_L4_35224,PB,133,Delta7_L4R5,PEN_b_L4,Delta7,PEN_b,0.091283459162663,0.0,0.0,1457.0,0.0,0.0
110806,35224,Delta7_L4R5_110806,PEN_b_L4_35224,PB,127,Delta7_L4R5,PEN_b_L4,Delta7,PEN_b,0.08716540837336993,0.0,0.0,1457.0,0.0,0.0
83239,35224,Delta7_L4R5_83239,PEN_b_L4_35224,PB,95,Delta7_L4R5,PEN_b_L4,Delta7,PEN_b,0.06520247083047358,0.0,0.0,1457.0,0.0,0.0
79852,35224,Delta7_L3R6_79852,PEN_b_L4_35224,PB,45,Delta7_L3R6,PEN_b_L4,Delta7,PEN_b,0.03088538091969801,0.0,0.0,1457.0,0.0,0.0
81541,35224,Delta7_L3R6_81541,PEN_b_L4_35224,PB,36,Delta7_L3R6,PEN_b_L4,Delta7,PEN_b,0.024708304735758406,0.0,0.0,1457.0,0.0,0.0
34228,35224,EPG_L4_34228,PEN_b_L4_35224,PB,35,EPG_L4,PEN_b_L4,EPG,PEN_b,0.024021962937542895,0.0,0.0,1457.0,0.0,0.0
81527,35224,Delta7_L3R6_81527,PEN_b_L4_35224,PB,32,Delta7_L3R6,PEN_b_L4,Delta7,PEN_b,0.02196293754289636,0.0,0.0,1457.0,0.0,0.0
34955,35224,EPG_L4_34955,PEN_b_L4_35224,PB,27,EPG_L4,PEN_b_L4,EPG,PEN_b,0.018531228551818806,0.0,0.0,1457.0,0.0,0.0
35304,35224,EPG_L4_35304,PEN_b_L4_35224,PB,25,EPG_L4,PEN_b_L4,EPG,PEN_b,0.017158544955387784,0.0,0.0,1457.0,0.0,0.0
82590,35224,Delta7_L3R6_82590,PEN_b_L4_35224,PB,20,Delta7_L3R6,PEN_b_L4,Delta7,PEN_b,0.013726835964310227,0.0,0.0,1457.0,0.0,0.0
84631,35224,Delta7_L3R6_84631,PEN_b_L4_35224,PB,11,Delta7_L3R6,PEN_b_L4,Delta7,PEN_b,0.0075497597803706245,0.0,0.0,1457.0,0.0,0.0
75297,35224,Delta7_L5R4_75297,PEN_b_L4_35224,PB,10,Delta7_L5R4,PEN_b_L4,Delta7,PEN_b,0.0068634179821551134,0.0,0.0,1457.0,0.0,0.0
139934,129326,ER_L_LBU_139934,ER_L_MBUd_129326,EB,6,ER_L_LBU,ER_L_MBUd,LBU,MBUd,0.0,0.010752688172043012,0.0,0.0,558.0,0.0
57041,63776,ER_R_LAL_57041,PEN_a_L3_63776,EB,23,ER_R_LAL,PEN_a_L3,LAL,PEN_a,0.0,0.0372168284789644,0.0,0.0,618.0,0.0
112687,63776,PEN_b_L2_112687,PEN_a_L3_63776,EB,13,PEN_b_L2,PEN_a_L3,PEN_b,PEN_a,0.0,0.021035598705501618,0.0,0.0,618.0,0.0
108339,63776,PEN_a_R9_108339,PEN_a_L3_63776,EB,9,PEN_a_R9,PEN_a_L3,PEN_a,PEN_a,0.0,0.014563106796116505,0.0,0.0,618.0,0.0
63772,63776,PEN_b_L3_63772,PEN_a_L3_63776,EB,7,PEN_b_L3,PEN_a_L3,PEN_b,PEN_a,0.0,0.011326860841423949,0.0,0.0,618.0,0.0
118407,63776,PEN_a_R8_118407,PEN_a_L3_63776,EB,7,PEN_a_R8,PEN_a_L3,PEN_a,PEN_a,0.0,0.011326860841423949,0.0,0.0,618.0,0.0
47232,63776,ER_R_LAL_47232,PEN_a_L3_63776,EB,6,ER_R_LAL,PEN_a_L3,LAL,PEN_a,0.0,0.009708737864077669,0.0,0.0,618.0,0.0
63988,142921,PEG_L1_63988,ER_L_LBU_142921,EB,7,PEG_L1,ER_L_LBU,PEG,LBU,0.0,0.012750455373406194,0.0,0.0,549.0,0.0
63046,189608,ER_R_MBUd_63046,ER_R_MBUd_189608,EB,8,ER_R_MBUd,ER_R_MBUd,MBUd,MBUd,0.0,0.014134275618374558,0.0,0.0,566.0,0.0
275623,43270,PFN_L2_275623,,NO,16,PFN_L2,,PFN,,0.0,0.0,0.02130492676431425,0.0,0.0,751.0
42681,43270,PFN_L5_42681,,NO,14,PFN_L5,,PFN,,0.0,0.0,0.018641810918774968,0.0,0.0,751.0
42448,43270,PFN_L4_42448,,NO,13,PFN_L4,,PFN,,0.0,0.0,0.017310252996005325,0.0,0.0,751.0
278730,43270,PFN_L3_278730,,NO,12,PFN_L3,,PFN,,0.0,0.0,0.015978695073235686,0.0,0.0,751.0
46932,43270,PFN_L3_46932,,NO,11,PFN_L3,,PFN,,0.0,0.0,0.014647137150466045,0.0,0.0,751.0
42831,43270,PFN_L5_42831,,NO,10,PFN_L5,,PFN,,0.0,0.0,0.013315579227696404,0.0,0.0,751.0
46894,43270,PFN_L3_46894,,NO,9,PFN_L3,,PFN,,0.0,0.0,0.011984021304926764,0.0,0.0,751.0
75666,43270,PFN_L9_75666,,NO,9,PFN_L9,,PFN,,0.0,0.0,0.011984021304926764,0.0,0.0,751.0
278353,43270,PFN_L3_278353,,NO,8,PFN_L3,,PFN,,0.0,0.0,0.010652463382157125,0.0,0.0,751.0
42443,43270,PFN_L5_42443,,NO,8,PFN_L5,,PFN,,0.0,0.0,0.010652463382157125,0.0,0.0,751.0
275616,43270,PFN_L2_275616,,NO,7,PFN_L2,,PFN,,0.0,0.0,0.009320905459387484,0.0,0.0,751.0
42433,43270,PFN_L5_42433,,NO,7,PFN_L5,,PFN,,0.0,0.0,0.009320905459387484,0.0,0.0,751.0
75810,43270,,,NO,7,,,,,0.0,0.0,0.009320905459387484,0.0,0.0,751.0
42356,43270,PFN_L5_42356,,NO,7,PFN_L5,,PFN,,0.0,0.0,0.009320905459387484,0.0,0.0,751.0
44854,43270,PFN_L2_44854,,NO,6,PFN_L2,,PFN,,0.0,0.0,0.007989347536617843,0.0,0.0,751.0
43549,43270,PFN_L4_43549,,NO,6,PFN_L4,,PFN,,0.0,0.0,0.007989347536617843,0.0,0.0,751.0
42681,60627,PFN_L5_42681,,NO,12,PFN_L5,,PFN,,0.0,0.0,0.017094017094017096,0.0,0.0,702.0
46932,60627,PFN_L3_46932,,NO,11,PFN_L3,,PFN,,0.0,0.0,0.01566951566951567,0.0,0.0,702.0
279424,60627,PFN_L3_279424,,NO,11,PFN_L3,,PFN,,0.0,0.0,0.01566951566951567,0.0,0.0,702.0
118141,60627,PFN_L9_118141,,NO,9,PFN_L9,,PFN,,0.0,0.0,0.01282051282051282,0.0,0.0,702.0
42734,60627,PFN_L4_42734,,NO,8,PFN_L4,,PFN,,0.0,0.0,0.011396011396011397,0.0,0.0,702.0
42739,60627,PFN_L4_42739,,NO,7,PFN_L4,,PFN,,0.0,0.0,0.009971509971509971,0.0,0.0,702.0
42837,60627,PFN_L5_42837,,NO,7,PFN_L5,,PFN,,0.0,0.0,0.009971509971509971,0.0,0.0,702.0
75810,60627,,,NO,7,,,,,0.0,0.0,0.009971509971509971,0.0,0.0,702.0
42831,60627,PFN_L5_42831,,NO,7,PFN_L5,,PFN,,0.0,0.0,0.009971509971509971,0.0,0.0,702.0
278730,60627,PFN_L3_278730,,NO,6,PFN_L3,,PFN,,0.0,0.0,0.008547008547008548,0.0,0.0,702.0
44854,60627,PFN_L2_44854,,NO,6,PFN_L2,,PFN,,0.0,0.0,0.008547008547008548,0.0,0.0,702.0
43554,60627,PFN_L4_43554,,NO,6,PFN_L4,,PFN,,0.0,0.0,0.008547008547008548,0.0,0.0,702.0
57529,84617,EPG_L3_57529,Delta7_L6R3_84617,PB,48,EPG_L3,Delta7_L6R3,EPG,Delta7,0.05,0.0,0.0,960.0,0.0,0.0
57518,84617,EPG_L3_57518,Delta7_L6R3_84617,PB,44,EPG_L3,Delta7_L6R3,EPG,Delta7,0.04583333333333333,0.0,0.0,960.0,0.0,0.0
54939,84617,EPG_L3_54939,Delta7_L6R3_84617,PB,44,EPG_L3,Delta7_L6R3,EPG,Delta7,0.04583333333333333,0.0,0.0,960.0,0.0,0.0
84631,84617,Delta7_L3R6_84631,Delta7_L6R3_84617,PB,26,Delta7_L3R6,Delta7_L6R3,Delta7,Delta7,0.027083333333333334,0.0,0.0,960.0,0.0,0.0
81527,84617,Delta7_L3R6_81527,Delta7_L6R3_84617,PB,24,Delta7_L3R6,Delta7_L6R3,Delta7,Delta7,0.025,0.0,0.0,960.0,0.0,0.0
82590,84617,Delta7_L3R6_82590,Delta7_L6R3_84617,PB,23,Delta7_L3R6,Delta7_L6R3,Delta7,Delta7,0.023958333333333335,0.0,0.0,960.0,0.0,0.0
34228,84617,EPG_L4_34228,Delta7_L6R3_84617,PB,19,EPG_L4,Delta7_L6R3,EPG,Delta7,0.019791666666666666,0.0,0.0,960.0,0.0,0.0
81541,84617,Delta7_L3R6_81541,Delta7_L6R3_84617,PB,19,Delta7_L3R6,Delta7_L6R3,Delta7,Delta7,0.019791666666666666,0.0,0.0,960.0,0.0,0.0
55952,84617,EPG_L2_55952,Delta7_L6R3_84617,PB,18,EPG_L2,Delta7_L6R3,EPG,Delta7,0.01875,0.0,0.0,960.0,0.0,0.0
34955,84617,EPG_L4_34955,Delta7_L6R3_84617,PB,17,EPG_L4,Delta7_L6R3,EPG,Delta7,0.017708333333333333,0.0,0.0,960.0,0.0,0.0
35304,84617,EPG_L4_35304,Delta7_L6R3_84617,PB,16,EPG_L4,Delta7_L6R3,EPG,Delta7,0.016666666666666666,0.0,0.0,960.0,0.0,0.0
84473,84617,Delta7_L2L1_84473,Delta7_L6R3_84617,PB,16,Delta7_L2L1,Delta7_L6R3,Delta7,Delta7,0.016666666666666666,0.0,0.0,960.0,0.0,0.0
110806,84617,Delta7_L4R5_110806,Delta7_L6R3_84617,PB,15,Delta7_L4R5,Delta7_L6R3,Delta7,Delta7,0.015625,0.0,0.0,960.0,0.0,0.0
83112,84617,Delta7_L4R5_83112,Delta7_L6R3_84617,PB,14,Delta7_L4R5,Delta7_L6R3,Delta7,Delta7,0.014583333333333334,0.0,0.0,960.0,0.0,0.0
42181,84617,Delta7_L2L1_42181,Delta7_L6R3_84617,PB,11,Delta7_L2L1,Delta7_L6R3,Delta7,Delta7,0.011458333333333333,0.0,0.0,960.0,0.0,0.0
84178,84617,Delta7_L2L1_84178,Delta7_L6R3_84617,PB,11,Delta7_L2L1,Delta7_L6R3,Delta7,Delta7,0.011458333333333333,0.0,0.0,960.0,0.0,0.0
79852,84617,Delta7_L3R6_79852,Delta7_L6R3_84617,PB,10,Delta7_L3R6,Delta7_L6R3,Delta7,Delta7,0.010416666666666666,0.0,0.0,960.0,0.0,0.0
83722,84617,Delta7_L2L1_83722,Delta7_L6R3_84617,PB,10,Delta7_L2L1,Delta7_L6R3,Delta7,Delta7,0.010416666666666666,0.0,0.0,960.0,0.0,0.0
82632,84617,Delta7_L6R3_82632,Delta7_L6R3_84617,PB,9,Delta7_L6R3,Delta7_L6R3,Delta7,Delta7,0.009375,0.0,0.0,960.0,0.0,0.0
83213,84617,Delta7_L2L1_83213,Delta7_L6R3_84617,PB,8,Delta7_L2L1,Delta7_L6R3,Delta7,Delta7,0.008333333333333333,0.0,0.0,960.0,0.0,0.0
81522,84617,Delta7_L4R5_81522,Delta7_L6R3_84617,PB,8,Delta7_L4R5,Delta7_L6R3,Delta7,Delta7,0.008333333333333333,0.0,0.0,960.0,0.0,0.0
84354,84617,Delta7_L3R6_84354,Delta7_L6R3_84617,PB,8,Delta7_L3R6,Delta7_L6R3,Delta7,Delta7,0.008333333333333333,0.0,0.0,960.0,0.0,0.0
86277,84617,Delta7_L6R3_86277,Delta7_L6R3_84617,PB,7,Delta7_L6R3,Delta7_L6R3,Delta7,Delta7,0.007291666666666667,0.0,0.0,960.0,0.0,0.0
54939,83232,EPG_L3_54939,Delta7_L6R3_83232,PB,51,EPG_L3,Delta7_L6R3,EPG,Delta7,0.05460385438972163,0.0,0.0,934.0,0.0,0.0
57529,83232,EPG_L3_57529,Delta7_L6R3_83232,PB,40,EPG_L3,Delta7_L6R3,EPG,Delta7,0.042826552462526764,0.0,0.0,934.0,0.0,0.0
57518,83232,EPG_L3_57518,Delta7_L6R3_83232,PB,29,EPG_L3,Delta7_L6R3,EPG,Delta7,0.031049250535331904,0.0,0.0,934.0,0.0,0.0
35304,83232,EPG_L4_35304,Delta7_L6R3_83232,PB,24,EPG_L4,Delta7_L6R3,EPG,Delta7,0.02569593147751606,0.0,0.0,934.0,0.0,0.0
34955,83232,EPG_L4_34955,Delta7_L6R3_83232,PB,23,EPG_L4,Delta7_L6R3,EPG,Delta7,0.02462526766595289,0.0,0.0,934.0,0.0,0.0
79852,83232,Delta7_L3R6_79852,Delta7_L6R3_83232,PB,21,Delta7_L3R6,Delta7_L6R3,Delta7,Delta7,0.022483940042826552,0.0,0.0,934.0,0.0,0.0
82590,83232,Delta7_L3R6_82590,Delta7_L6R3_83232,PB,18,Delta7_L3R6,Delta7_L6R3,Delta7,Delta7,0.019271948608137045,0.0,0.0,934.0,0.0,0.0
81527,83232,Delta7_L3R6_81527,Delta7_L6R3_83232,PB,17,Delta7_L3R6,Delta7_L6R3,Delta7,Delta7,0.018201284796573874,0.0,0.0,934.0,0.0,0.0
84354,83232,Delta7_L3R6_84354,Delta7_L6R3_83232,PB,16,Delta7_L3R6,Delta7_L6R3,Delta7,Delta7,0.017130620985010708,0.0,0.0,934.0,0.0,0.0
83213,83232,Delta7_L2L1_83213,Delta7_L6R3_83232,PB,16,Delta7_L2L1,Delta7_L6R3,Delta7,Delta7,0.017130620985010708,0.0,0.0,934.0,0.0,0.0
81541,83232,Delta7_L3R6_81541,Delta7_L6R3_83232,PB,15,Delta7_L3R6,Delta7_L6R3,Delta7,Delta7,0.016059957173447537,0.0,0.0,934.0,0.0,0.0
83722,83232,Delta7_L2L1_83722,Delta7_L6R3_83232,PB,14,Delta7_L2L1,Delta7_L6R3,Delta7,Delta7,0.014989293361884369,0.0,0.0,934.0,0.0,0.0
84631,83232,Delta7_L3R6_84631,Delta7_L6R3_83232,PB,13,Delta7_L3R6,Delta7_L6R3,Delta7,Delta7,0.013918629550321198,0.0,0.0,934.0,0.0,0.0
55952,83232,EPG_L2_55952,Delta7_L6R3_83232,PB,12,EPG_L2,Delta7_L6R3,EPG,Delta7,0.01284796573875803,0.0,0.0,934.0,0.0,0.0
80994,83232,Delta7_L6R3_80994,Delta7_L6R3_83232,PB,11,Delta7_L6R3,Delta7_L6R3,Delta7,Delta7,0.011777301927194861,0.0,0.0,934.0,0.0,0.0
84303,83232,Delta7_L4R5_84303,Delta7_L6R3_83232,PB,11,Delta7_L4R5,Delta7_L6R3,Delta7,Delta7,0.011777301927194861,0.0,0.0,934.0,0.0,0.0
83744,83232,Delta7_L6R3_83744,Delta7_L6R3_83232,PB,11,Delta7_L6R3,Delta7_L6R3,Delta7,Delta7,0.011777301927194861,0.0,0.0,934.0,0.0,0.0
82632,83232,Delta7_L6R3_82632,Delta7_L6R3_83232,PB,11,Delta7_L6R3,Delta7_L6R3,Delta7,Delta7,0.011777301927194861,0.0,0.0,934.0,0.0,0.0
84178,83232,Delta7_L2L1_84178,Delta7_L6R3_83232,PB,9,Delta7_L2L1,Delta7_L6R3,Delta7,Delta7,0.009635974304068522,0.0,0.0,934.0,0.0,0.0
34228,83232,EPG_L4_34228,Delta7_L6R3_83232,PB,9,EPG_L4,Delta7_L6R3,EPG,Delta7,0.009635974304068522,0.0,0.0,934.0,0.0,0.0
86277,83232,Delta7_L6R3_86277,Delta7_L6R3_83232,PB,7,Delta7_L6R3,Delta7_L6R3,Delta7,Delta7,0.007494646680942184,0.0,0.0,934.0,0.0,0.0
75302,83232,Delta7_L5R4_75302,Delta7_L6R3_83232,PB,7,Delta7_L5R4,Delta7_L6R3,Delta7,Delta7,0.007494646680942184,0.0,0.0,934.0,0.0,0.0
83239,83232,Delta7_L4R5_83239,Delta7_L6R3_83232,PB,6,Delta7_L4R5,Delta7_L6R3,Delta7,Delta7,0.006423982869379015,0.0,0.0,934.0,0.0,0.0
84473,83232,Delta7_L2L1_84473,Delta7_L6R3_83232,PB,6,Delta7_L2L1,Delta7_L6R3,Delta7,Delta7,0.006423982869379015,0.0,0.0,934.0,0.0,0.0
84617,83232,Delta7_L6R3_84617,Delta7_L6R3_83232,PB,6,Delta7_L6R3,Delta7_L6R3,Delta7,Delta7,0.006423982869379015,0.0,0.0,934.0,0.0,0.0
83112,83232,Delta7_L4R5_83112,Delta7_L6R3_83232,PB,6,Delta7_L4R5,Delta7_L6R3,Delta7,Delta7,0.006423982869379015,0.0,0.0,934.0,0.0,0.0
84500,83232,Delta7_L5R4_84500,Delta7_L6R3_83232,PB,6,Delta7_L5R4,Delta7_L6R3,Delta7,Delta7,0.006423982869379015,0.0,0.0,934.0,0.0,0.0
110806,83232,Delta7_L4R5_110806,Delta7_L6R3_83232,PB,6,Delta7_L4R5,Delta7_L6R3,Delta7,Delta7,0.006423982869379015,0.0,0.0,934.0,0.0,0.0
41887,47221,PFN_L5_41887,mLNO__47221,NO,10,PFN_L5,mLNO_,PFN,mLNO_,0.0,0.0,0.01584786053882726,0.0,0.0,631.0
41871,47221,PFN_L4_41871,mLNO__47221,NO,9,PFN_L4,mLNO_,PFN,mLNO_,0.0,0.0,0.014263074484944533,0.0,0.0,631.0
42035,47221,PFN_L5_42035,mLNO__47221,NO,9,PFN_L5,mLNO_,PFN,mLNO_,0.0,0.0,0.014263074484944533,0.0,0.0,631.0
42571,47221,PFN_L5_42571,mLNO__47221,NO,9,PFN_L5,mLNO_,PFN,mLNO_,0.0,0.0,0.014263074484944533,0.0,0.0,631.0
278343,47221,PFN_L3_278343,mLNO__47221,NO,8,PFN_L3,mLNO_,PFN,mLNO_,0.0,0.0,0.012678288431061807,0.0,0.0,631.0
43176,47221,PFN_L4_43176,mLNO__47221,NO,7,PFN_L4,mLNO_,PFN,mLNO_,0.0,0.0,0.011093502377179081,0.0,0.0,631.0
278292,47221,PFN_L3_278292,mLNO__47221,NO,6,PFN_L3,mLNO_,PFN,mLNO_,0.0,0.0,0.009508716323296355,0.0,0.0,631.0
43315,47221,PFN_L4_43315,mLNO__47221,NO,6,PFN_L4,mLNO_,PFN,mLNO_,0.0,0.0,0.009508716323296355,0.0,0.0,631.0
42127,47221,PFN_L4_42127,mLNO__47221,NO,6,PFN_L4,mLNO_,PFN,mLNO_,0.0,0.0,0.009508716323296355,0.0,0.0,631.0
44618,47221,PFN_L4_44618,mLNO__47221,NO,6,PFN_L4,mLNO_,PFN,mLNO_,0.0,0.0,0.009508716323296355,0.0,0.0,631.0
42181,55952,Delta7_L2L1_42181,EPG_L2_55952,PB,89,Delta7_L2L1,EPG_L2,Delta7,EPG,0.11209068010075567,0.0,0.0,794.0,0.0,0.0
84178,55952,Delta7_L2L1_84178,EPG_L2_55952,PB,71,Delta7_L2L1,EPG_L2,Delta7,EPG,0.08942065491183879,0.0,0.0,794.0,0.0,0.0
83722,55952,Delta7_L2L1_83722,EPG_L2_55952,PB,70,Delta7_L2L1,EPG_L2,Delta7,EPG,0.08816120906801007,0.0,0.0,794.0,0.0,0.0
83213,55952,Delta7_L2L1_83213,EPG_L2_55952,PB,56,Delta7_L2L1,EPG_L2,Delta7,EPG,0.07052896725440806,0.0,0.0,794.0,0.0,0.0
84473,55952,Delta7_L2L1_84473,EPG_L2_55952,PB,26,Delta7_L2L1,EPG_L2,Delta7,EPG,0.0327455919395466,0.0,0.0,794.0,0.0,0.0
84354,55952,Delta7_L3R6_84354,EPG_L2_55952,PB,20,Delta7_L3R6,EPG_L2,Delta7,EPG,0.02518891687657431,0.0,0.0,794.0,0.0,0.0
84631,55952,Delta7_L3R6_84631,EPG_L2_55952,PB,9,Delta7_L3R6,EPG_L2,Delta7,EPG,0.011335012594458438,0.0,0.0,794.0,0.0,0.0
65369,63018,ER_L_MBUv_65369,ER_L_MBUv_63018,EB,7,ER_L_MBUv,ER_L_MBUv,MBUv,MBUv,0.0,0.013972055888223553,0.0,0.0,501.0,0.0
125189,63018,ER_L_MBUv_125189,ER_L_MBUv_63018,EB,7,ER_L_MBUv,ER_L_MBUv,MBUv,MBUv,0.0,0.013972055888223553,0.0,0.0,501.0,0.0
141339,141357,ER_L_LBU_141339,ER_L_LBU_141357,EB,6,ER_L_LBU,ER_L_LBU,LBU,LBU,0.0,0.01293103448275862,0.0,0.0,464.0,0.0
57529,80994,EPG_L3_57529,Delta7_L6R3_80994,PB,35,EPG_L3,Delta7_L6R3,EPG,Delta7,0.04315659679408138,0.0,0.0,811.0,0.0,0.0
54939,80994,EPG_L3_54939,Delta7_L6R3_80994,PB,34,EPG_L3,Delta7_L6R3,EPG,Delta7,0.04192355117139334,0.0,0.0,811.0,0.0,0.0
57518,80994,EPG_L3_57518,Delta7_L6R3_80994,PB,32,EPG_L3,Delta7_L6R3,EPG,Delta7,0.03945745992601726,0.0,0.0,811.0,0.0,0.0
84631,80994,Delta7_L3R6_84631,Delta7_L6R3_80994,PB,29,Delta7_L3R6,Delta7_L6R3,Delta7,Delta7,0.035758323057953144,0.0,0.0,811.0,0.0,0.0
81541,80994,Delta7_L3R6_81541,Delta7_L6R3_80994,PB,18,Delta7_L3R6,Delta7_L6R3,Delta7,Delta7,0.02219482120838471,0.0,0.0,811.0,0.0,0.0
79852,80994,Delta7_L3R6_79852,Delta7_L6R3_80994,PB,17,Delta7_L3R6,Delta7_L6R3,Delta7,Delta7,0.02096177558569667,0.0,0.0,811.0,0.0,0.0
83722,80994,Delta7_L2L1_83722,Delta7_L6R3_80994,PB,16,Delta7_L2L1,Delta7_L6R3,Delta7,Delta7,0.01972872996300863,0.0,0.0,811.0,0.0,0.0
55944,80994,EPG_L2_55944,Delta7_L6R3_80994,PB,15,EPG_L2,Delta7_L6R3,EPG,Delta7,0.018495684340320593,0.0,0.0,811.0,0.0,0.0
81527,80994,Delta7_L3R6_81527,Delta7_L6R3_80994,PB,14,Delta7_L3R6,Delta7_L6R3,Delta7,Delta7,0.01726263871763255,0.0,0.0,811.0,0.0,0.0
55952,80994,EPG_L2_55952,Delta7_L6R3_80994,PB,12,EPG_L2,Delta7_L6R3,EPG,Delta7,0.014796547472256474,0.0,0.0,811.0,0.0,0.0
34955,80994,EPG_L4_34955,Delta7_L6R3_80994,PB,12,EPG_L4,Delta7_L6R3,EPG,Delta7,0.014796547472256474,0.0,0.0,811.0,0.0,0.0
84354,80994,Delta7_L3R6_84354,Delta7_L6R3_80994,PB,10,Delta7_L3R6,Delta7_L6R3,Delta7,Delta7,0.012330456226880395,0.0,0.0,811.0,0.0,0.0
82590,80994,Delta7_L3R6_82590,Delta7_L6R3_80994,PB,10,Delta7_L3R6,Delta7_L6R3,Delta7,Delta7,0.012330456226880395,0.0,0.0,811.0,0.0,0.0
83213,80994,Delta7_L2L1_83213,Delta7_L6R3_80994,PB,10,Delta7_L2L1,Delta7_L6R3,Delta7,Delta7,0.012330456226880395,0.0,0.0,811.0,0.0,0.0
83744,80994,Delta7_L6R3_83744,Delta7_L6R3_80994,PB,9,Delta7_L6R3,Delta7_L6R3,Delta7,Delta7,0.011097410604192354,0.0,0.0,811.0,0.0,0.0
84473,80994,Delta7_L2L1_84473,Delta7_L6R3_80994,PB,9,Delta7_L2L1,Delta7_L6R3,Delta7,Delta7,0.011097410604192354,0.0,0.0,811.0,0.0,0.0
35304,80994,EPG_L4_35304,Delta7_L6R3_80994,PB,8,EPG_L4,Delta7_L6R3,EPG,Delta7,0.009864364981504316,0.0,0.0,811.0,0.0,0.0
84303,80994,Delta7_L4R5_84303,Delta7_L6R3_80994,PB,8,Delta7_L4R5,Delta7_L6R3,Delta7,Delta7,0.009864364981504316,0.0,0.0,811.0,0.0,0.0
83112,80994,Delta7_L4R5_83112,Delta7_L6R3_80994,PB,7,Delta7_L4R5,Delta7_L6R3,Delta7,Delta7,0.008631319358816275,0.0,0.0,811.0,0.0,0.0
34228,80994,EPG_L4_34228,Delta7_L6R3_80994,PB,7,EPG_L4,Delta7_L6R3,EPG,Delta7,0.008631319358816275,0.0,0.0,811.0,0.0,0.0
75326,80994,Delta7_L5R4_75326,Delta7_L6R3_80994,PB,7,Delta7_L5R4,Delta7_L6R3,Delta7,Delta7,0.008631319358816275,0.0,0.0,811.0,0.0,0.0
86277,80994,Delta7_L6R3_86277,Delta7_L6R3_80994,PB,6,Delta7_L6R3,Delta7_L6R3,Delta7,Delta7,0.007398273736128237,0.0,0.0,811.0,0.0,0.0
84178,80994,Delta7_L2L1_84178,Delta7_L6R3_80994,PB,6,Delta7_L2L1,Delta7_L6R3,Delta7,Delta7,0.007398273736128237,0.0,0.0,811.0,0.0,0.0
84631,82590,Delta7_L3R6_84631,Delta7_L3R6_82590,PB,22,Delta7_L3R6,Delta7_L3R6,Delta7,Delta7,0.03313253012048193,0.0,0.0,664.0,0.0,0.0
57712,82590,EPG_L6_57712,Delta7_L3R6_82590,PB,21,EPG_L6,Delta7_L3R6,EPG,Delta7,0.03162650602409638,0.0,0.0,664.0,0.0,0.0
84354,82590,Delta7_L3R6_84354,Delta7_L3R6_82590,PB,20,Delta7_L3R6,Delta7_L3R6,Delta7,Delta7,0.030120481927710843,0.0,0.0,664.0,0.0,0.0
60458,82590,EPG_L6_60458,Delta7_L3R6_82590,PB,17,EPG_L6,Delta7_L3R6,EPG,Delta7,0.025602409638554216,0.0,0.0,664.0,0.0,0.0
81527,82590,Delta7_L3R6_81527,Delta7_L3R6_82590,PB,13,Delta7_L3R6,Delta7_L3R6,Delta7,Delta7,0.01957831325301205,0.0,0.0,664.0,0.0,0.0
81541,82590,Delta7_L3R6_81541,Delta7_L3R6_82590,PB,11,Delta7_L3R6,Delta7_L3R6,Delta7,Delta7,0.016566265060240965,0.0,0.0,664.0,0.0,0.0
80994,82590,Delta7_L6R3_80994,Delta7_L3R6_82590,PB,9,Delta7_L6R3,Delta7_L3R6,Delta7,Delta7,0.01355421686746988,0.0,0.0,664.0,0.0,0.0
79852,82590,Delta7_L3R6_79852,Delta7_L3R6_82590,PB,9,Delta7_L3R6,Delta7_L3R6,Delta7,Delta7,0.01355421686746988,0.0,0.0,664.0,0.0,0.0
84303,82590,Delta7_L4R5_84303,Delta7_L3R6_82590,PB,7,Delta7_L4R5,Delta7_L3R6,Delta7,Delta7,0.010542168674698794,0.0,0.0,664.0,0.0,0.0
86277,82590,Delta7_L6R3_86277,Delta7_L3R6_82590,PB,7,Delta7_L6R3,Delta7_L3R6,Delta7,Delta7,0.010542168674698794,0.0,0.0,664.0,0.0,0.0
54939,82590,EPG_L3_54939,Delta7_L3R6_82590,PB,7,EPG_L3,Delta7_L3R6,EPG,Delta7,0.010542168674698794,0.0,0.0,664.0,0.0,0.0
82632,82590,Delta7_L6R3_82632,Delta7_L3R6_82590,PB,6,Delta7_L6R3,Delta7_L3R6,Delta7,Delta7,0.009036144578313253,0.0,0.0,664.0,0.0,0.0
62456,82590,EPG_L7_62456,Delta7_L3R6_82590,PB,6,EPG_L7,Delta7_L3R6,EPG,Delta7,0.009036144578313253,0.0,0.0,664.0,0.0,0.0
59381,82590,EPG_L6_59381,Delta7_L3R6_82590,PB,6,EPG_L6,Delta7_L3R6,EPG,Delta7,0.009036144578313253,0.0,0.0,664.0,0.0,0.0
54939,84500,EPG_L3_54939,Delta7_L5R4_84500,PB,37,EPG_L3,Delta7_L5R4,EPG,Delta7,0.05075445816186557,0.0,0.0,729.0,0.0,0.0
57529,84500,EPG_L3_57529,Delta7_L5R4_84500,PB,25,EPG_L3,Delta7_L5R4,EPG,Delta7,0.03429355281207133,0.0,0.0,729.0,0.0,0.0
83744,84500,Delta7_L6R3_83744,Delta7_L5R4_84500,PB,15,Delta7_L6R3,Delta7_L5R4,Delta7,Delta7,0.0205761316872428,0.0,0.0,729.0,0.0,0.0
57518,84500,EPG_L3_57518,Delta7_L5R4_84500,PB,15,EPG_L3,Delta7_L5R4,EPG,Delta7,0.0205761316872428,0.0,0.0,729.0,0.0,0.0
84466,84500,Delta7_L5R4_84466,Delta7_L5R4_84500,PB,14,Delta7_L5R4,Delta7_L5R4,Delta7,Delta7,0.019204389574759947,0.0,0.0,729.0,0.0,0.0
84631,84500,Delta7_L3R6_84631,Delta7_L5R4_84500,PB,14,Delta7_L3R6,Delta7_L5R4,Delta7,Delta7,0.019204389574759947,0.0,0.0,729.0,0.0,0.0
82590,84500,Delta7_L3R6_82590,Delta7_L5R4_84500,PB,12,Delta7_L3R6,Delta7_L5R4,Delta7,Delta7,0.01646090534979424,0.0,0.0,729.0,0.0,0.0
83722,84500,Delta7_L2L1_83722,Delta7_L5R4_84500,PB,12,Delta7_L2L1,Delta7_L5R4,Delta7,Delta7,0.01646090534979424,0.0,0.0,729.0,0.0,0.0
55944,84500,EPG_L2_55944,Delta7_L5R4_84500,PB,11,EPG_L2,Delta7_L5R4,EPG,Delta7,0.015089163237311385,0.0,0.0,729.0,0.0,0.0
81527,84500,Delta7_L3R6_81527,Delta7_L5R4_84500,PB,11,Delta7_L3R6,Delta7_L5R4,Delta7,Delta7,0.015089163237311385,0.0,0.0,729.0,0.0,0.0
75302,84500,Delta7_L5R4_75302,Delta7_L5R4_84500,PB,10,Delta7_L5R4,Delta7_L5R4,Delta7,Delta7,0.013717421124828532,0.0,0.0,729.0,0.0,0.0
84178,84500,Delta7_L2L1_84178,Delta7_L5R4_84500,PB,10,Delta7_L2L1,Delta7_L5R4,Delta7,Delta7,0.013717421124828532,0.0,0.0,729.0,0.0,0.0
84354,84500,Delta7_L3R6_84354,Delta7_L5R4_84500,PB,9,Delta7_L3R6,Delta7_L5R4,Delta7,Delta7,0.012345679012345678,0.0,0.0,729.0,0.0,0.0
79852,84500,Delta7_L3R6_79852,Delta7_L5R4_84500,PB,9,Delta7_L3R6,Delta7_L5R4,Delta7,Delta7,0.012345679012345678,0.0,0.0,729.0,0.0,0.0
55952,84500,EPG_L2_55952,Delta7_L5R4_84500,PB,8,EPG_L2,Delta7_L5R4,EPG,Delta7,0.010973936899862825,0.0,0.0,729.0,0.0,0.0
83213,84500,Delta7_L2L1_83213,Delta7_L5R4_84500,PB,7,Delta7_L2L1,Delta7_L5R4,Delta7,Delta7,0.009602194787379973,0.0,0.0,729.0,0.0,0.0
81541,84500,Delta7_L3R6_81541,Delta7_L5R4_84500,PB,7,Delta7_L3R6,Delta7_L5R4,Delta7,Delta7,0.009602194787379973,0.0,0.0,729.0,0.0,0.0
83239,84500,Delta7_L4R5_83239,Delta7_L5R4_84500,PB,7,Delta7_L4R5,Delta7_L5R4,Delta7,Delta7,0.009602194787379973,0.0,0.0,729.0,0.0,0.0
80994,84500,Delta7_L6R3_80994,Delta7_L5R4_84500,PB,6,Delta7_L6R3,Delta7_L5R4,Delta7,Delta7,0.00823045267489712,0.0,0.0,729.0,0.0,0.0
34187,84500,EPG_L5_34187,Delta7_L5R4_84500,PB,6,EPG_L5,Delta7_L5R4,EPG,Delta7,0.00823045267489712,0.0,0.0,729.0,0.0,0.0
56356,47232,EPG_R8_56356,ER_R_LAL_47232,EB,18,EPG_R8,ER_R_LAL,EPG,LAL,0.0,0.034026465028355386,0.0,0.0,529.0,0.0
55936,47232,EPG_R8_55936,ER_R_LAL_47232,EB,17,EPG_R8,ER_R_LAL,EPG,LAL,0.0,0.03213610586011342,0.0,0.0,529.0,0.0
55952,47232,EPG_L2_55952,ER_R_LAL_47232,EB,16,EPG_L2,ER_R_LAL,EPG,LAL,0.0,0.030245746691871456,0.0,0.0,529.0,0.0
56383,47232,EPG_R8_56383,ER_R_LAL_47232,EB,12,EPG_R8,ER_R_LAL,EPG,LAL,0.0,0.022684310018903593,0.0,0.0,529.0,0.0
55944,47232,EPG_L2_55944,ER_R_LAL_47232,EB,11,EPG_L2,ER_R_LAL,EPG,LAL,0.0,0.020793950850661626,0.0,0.0,529.0,0.0
64077,47232,EPG_L_R1L1_64077,ER_R_LAL_47232,EB,9,EPG_L_R1L1,ER_R_LAL,EPG,LAL,0.0,0.017013232514177693,0.0,0.0,529.0,0.0
118328,47232,EPG_R9_118328,ER_R_LAL_47232,EB,8,EPG_R9,ER_R_LAL,EPG,LAL,0.0,0.015122873345935728,0.0,0.0,529.0,0.0
118407,47232,PEN_a_R8_118407,ER_R_LAL_47232,EB,6,PEN_a_R8,ER_R_LAL,PEN_a,LAL,0.0,0.011342155009451797,0.0,0.0,529.0,0.0
84473,112713,Delta7_L2L1_84473,PEN_a_L2_112713,PB,19,Delta7_L2L1,PEN_a_L2,Delta7,PEN_a,0.03838383838383838,0.0,0.0,495.0,0.0,0.0
83213,112713,Delta7_L2L1_83213,PEN_a_L2_112713,PB,16,Delta7_L2L1,PEN_a_L2,Delta7,PEN_a,0.03232323232323232,0.0,0.0,495.0,0.0,0.0
84178,112713,Delta7_L2L1_84178,PEN_a_L2_112713,PB,15,Delta7_L2L1,PEN_a_L2,Delta7,PEN_a,0.030303030303030304,0.0,0.0,495.0,0.0,0.0
83722,112713,Delta7_L2L1_83722,PEN_a_L2_112713,PB,10,Delta7_L2L1,PEN_a_L2,Delta7,PEN_a,0.020202020202020204,0.0,0.0,495.0,0.0,0.0
42181,112713,Delta7_L2L1_42181,PEN_a_L2_112713,PB,9,Delta7_L2L1,PEN_a_L2,Delta7,PEN_a,0.01818181818181818,0.0,0.0,495.0,0.0,0.0
42181,83239,Delta7_L2L1_42181,Delta7_L4R5_83239,PB,20,Delta7_L2L1,Delta7_L4R5,Delta7,Delta7,0.037037037037037035,0.0,0.0,540.0,0.0,0.0
55952,83239,EPG_L2_55952,Delta7_L4R5_83239,PB,10,EPG_L2,Delta7_L4R5,EPG,Delta7,0.018518518518518517,0.0,0.0,540.0,0.0,0.0
54939,83239,EPG_L3_54939,Delta7_L4R5_83239,PB,10,EPG_L3,Delta7_L4R5,EPG,Delta7,0.018518518518518517,0.0,0.0,540.0,0.0,0.0
57518,83239,EPG_L3_57518,Delta7_L4R5_83239,PB,7,EPG_L3,Delta7_L4R5,EPG,Delta7,0.012962962962962963,0.0,0.0,540.0,0.0,0.0
84473,83239,Delta7_L2L1_84473,Delta7_L4R5_83239,PB,7,Delta7_L2L1,Delta7_L4R5,Delta7,Delta7,0.012962962962962963,0.0,0.0,540.0,0.0,0.0
75297,83239,Delta7_L5R4_75297,Delta7_L4R5_83239,PB,7,Delta7_L5R4,Delta7_L4R5,Delta7,Delta7,0.012962962962962963,0.0,0.0,540.0,0.0,0.0
83112,99084,Delta7_L4R5_83112,PEN_b_L4_99084,PB,97,Delta7_L4R5,PEN_b_L4,Delta7,PEN_b,0.09282296650717703,0.0,0.0,1045.0,0.0,0.0
84303,99084,Delta7_L4R5_84303,PEN_b_L4_99084,PB,90,Delta7_L4R5,PEN_b_L4,Delta7,PEN_b,0.0861244019138756,0.0,0.0,1045.0,0.0,0.0
83239,99084,Delta7_L4R5_83239,PEN_b_L4_99084,PB,87,Delta7_L4R5,PEN_b_L4,Delta7,PEN_b,0.08325358851674641,0.0,0.0,1045.0,0.0,0.0
81522,99084,Delta7_L4R5_81522,PEN_b_L4_99084,PB,84,Delta7_L4R5,PEN_b_L4,Delta7,PEN_b,0.08038277511961722,0.0,0.0,1045.0,0.0,0.0
110806,99084,Delta7_L4R5_110806,PEN_b_L4_99084,PB,67,Delta7_L4R5,PEN_b_L4,Delta7,PEN_b,0.06411483253588517,0.0,0.0,1045.0,0.0,0.0
79852,99084,Delta7_L3R6_79852,PEN_b_L4_99084,PB,36,Delta7_L3R6,PEN_b_L4,Delta7,PEN_b,0.03444976076555024,0.0,0.0,1045.0,0.0,0.0
34228,99084,EPG_L4_34228,PEN_b_L4_99084,PB,36,EPG_L4,PEN_b_L4,EPG,PEN_b,0.03444976076555024,0.0,0.0,1045.0,0.0,0.0
81527,99084,Delta7_L3R6_81527,PEN_b_L4_99084,PB,32,Delta7_L3R6,PEN_b_L4,Delta7,PEN_b,0.03062200956937799,0.0,0.0,1045.0,0.0,0.0
34955,99084,EPG_L4_34955,PEN_b_L4_99084,PB,22,EPG_L4,PEN_b_L4,EPG,PEN_b,0.021052631578947368,0.0,0.0,1045.0,0.0,0.0
35304,99084,EPG_L4_35304,PEN_b_L4_99084,PB,18,EPG_L4,PEN_b_L4,EPG,PEN_b,0.01722488038277512,0.0,0.0,1045.0,0.0,0.0
84631,99084,Delta7_L3R6_84631,PEN_b_L4_99084,PB,16,Delta7_L3R6,PEN_b_L4,Delta7,PEN_b,0.015311004784688996,0.0,0.0,1045.0,0.0,0.0
81541,99084,Delta7_L3R6_81541,PEN_b_L4_99084,PB,14,Delta7_L3R6,PEN_b_L4,Delta7,PEN_b,0.013397129186602871,0.0,0.0,1045.0,0.0,0.0
82590,99084,Delta7_L3R6_82590,PEN_b_L4_99084,PB,12,Delta7_L3R6,PEN_b_L4,Delta7,PEN_b,0.011483253588516746,0.0,0.0,1045.0,0.0,0.0
84354,99084,Delta7_L3R6_84354,PEN_b_L4_99084,PB,12,Delta7_L3R6,PEN_b_L4,Delta7,PEN_b,0.011483253588516746,0.0,0.0,1045.0,0.0,0.0
54939,84216,EPG_L3_54939,Delta7_L7R2R10_84216,PB,55,EPG_L3,Delta7_L7R2R10,EPG,Delta7,0.05664263645726056,0.0,0.0,971.0,0.0,0.0
57529,84216,EPG_L3_57529,Delta7_L7R2R10_84216,PB,43,EPG_L3,Delta7_L7R2R10,EPG,Delta7,0.044284243048403706,0.0,0.0,971.0,0.0,0.0
34955,84216,EPG_L4_34955,Delta7_L7R2R10_84216,PB,34,EPG_L4,Delta7_L7R2R10,EPG,Delta7,0.035015447991761074,0.0,0.0,971.0,0.0,0.0
57518,84216,EPG_L3_57518,Delta7_L7R2R10_84216,PB,32,EPG_L3,Delta7_L7R2R10,EPG,Delta7,0.032955715756951595,0.0,0.0,971.0,0.0,0.0
84631,84216,Delta7_L3R6_84631,Delta7_L7R2R10_84216,PB,31,Delta7_L3R6,Delta7_L7R2R10,Delta7,Delta7,0.03192584963954686,0.0,0.0,971.0,0.0,0.0
34228,84216,EPG_L4_34228,Delta7_L7R2R10_84216,PB,30,EPG_L4,Delta7_L7R2R10,EPG,Delta7,0.030895983522142123,0.0,0.0,971.0,0.0,0.0
81527,84216,Delta7_L3R6_81527,Delta7_L7R2R10_84216,PB,27,Delta7_L3R6,Delta7_L7R2R10,Delta7,Delta7,0.027806385169927908,0.0,0.0,971.0,0.0,0.0
83112,84216,Delta7_L4R5_83112,Delta7_L7R2R10_84216,PB,26,Delta7_L4R5,Delta7_L7R2R10,Delta7,Delta7,0.026776519052523172,0.0,0.0,971.0,0.0,0.0
84354,84216,Delta7_L3R6_84354,Delta7_L7R2R10_84216,PB,24,Delta7_L3R6,Delta7_L7R2R10,Delta7,Delta7,0.024716786817713696,0.0,0.0,971.0,0.0,0.0
82590,84216,Delta7_L3R6_82590,Delta7_L7R2R10_84216,PB,23,Delta7_L3R6,Delta7_L7R2R10,Delta7,Delta7,0.02368692070030896,0.0,0.0,971.0,0.0,0.0
79852,84216,Delta7_L3R6_79852,Delta7_L7R2R10_84216,PB,20,Delta7_L3R6,Delta7_L7R2R10,Delta7,Delta7,0.02059732234809475,0.0,0.0,971.0,0.0,0.0
81541,84216,Delta7_L3R6_81541,Delta7_L7R2R10_84216,PB,19,Delta7_L3R6,Delta7_L7R2R10,Delta7,Delta7,0.01956745623069001,0.0,0.0,971.0,0.0,0.0
35471,84216,EPG_L5_35471,Delta7_L7R2R10_84216,PB,17,EPG_L5,Delta7_L7R2R10,EPG,Delta7,0.017507723995880537,0.0,0.0,971.0,0.0,0.0
84466,84216,Delta7_L5R4_84466,Delta7_L7R2R10_84216,PB,15,Delta7_L5R4,Delta7_L7R2R10,Delta7,Delta7,0.015447991761071062,0.0,0.0,971.0,0.0,0.0
83239,84216,Delta7_L4R5_83239,Delta7_L7R2R10_84216,PB,14,Delta7_L4R5,Delta7_L7R2R10,Delta7,Delta7,0.014418125643666324,0.0,0.0,971.0,0.0,0.0
83722,84216,Delta7_L2L1_83722,Delta7_L7R2R10_84216,PB,14,Delta7_L2L1,Delta7_L7R2R10,Delta7,Delta7,0.014418125643666324,0.0,0.0,971.0,0.0,0.0
34199,84216,EPG_L5_34199,Delta7_L7R2R10_84216,PB,13,EPG_L5,Delta7_L7R2R10,EPG,Delta7,0.013388259526261586,0.0,0.0,971.0,0.0,0.0
84303,84216,Delta7_L4R5_84303,Delta7_L7R2R10_84216,PB,12,Delta7_L4R5,Delta7_L7R2R10,Delta7,Delta7,0.012358393408856848,0.0,0.0,971.0,0.0,0.0
35304,84216,EPG_L4_35304,Delta7_L7R2R10_84216,PB,12,EPG_L4,Delta7_L7R2R10,EPG,Delta7,0.012358393408856848,0.0,0.0,971.0,0.0,0.0
75302,84216,Delta7_L5R4_75302,Delta7_L7R2R10_84216,PB,10,Delta7_L5R4,Delta7_L7R2R10,Delta7,Delta7,0.010298661174047374,0.0,0.0,971.0,0.0,0.0
110806,84216,Delta7_L4R5_110806,Delta7_L7R2R10_84216,PB,10,Delta7_L4R5,Delta7_L7R2R10,Delta7,Delta7,0.010298661174047374,0.0,0.0,971.0,0.0,0.0
34187,84216,EPG_L5_34187,Delta7_L7R2R10_84216,PB,10,EPG_L5,Delta7_L7R2R10,EPG,Delta7,0.010298661174047374,0.0,0.0,971.0,0.0,0.0
84178,84216,Delta7_L2L1_84178,Delta7_L7R2R10_84216,PB,9,Delta7_L2L1,Delta7_L7R2R10,Delta7,Delta7,0.009268795056642637,0.0,0.0,971.0,0.0,0.0
81522,84216,Delta7_L4R5_81522,Delta7_L7R2R10_84216,PB,9,Delta7_L4R5,Delta7_L7R2R10,Delta7,Delta7,0.009268795056642637,0.0,0.0,971.0,0.0,0.0
84473,84216,Delta7_L2L1_84473,Delta7_L7R2R10_84216,PB,9,Delta7_L2L1,Delta7_L7R2R10,Delta7,Delta7,0.009268795056642637,0.0,0.0,971.0,0.0,0.0
75297,84216,Delta7_L5R4_75297,Delta7_L7R2R10_84216,PB,9,Delta7_L5R4,Delta7_L7R2R10,Delta7,Delta7,0.009268795056642637,0.0,0.0,971.0,0.0,0.0
83213,84216,Delta7_L2L1_83213,Delta7_L7R2R10_84216,PB,8,Delta7_L2L1,Delta7_L7R2R10,Delta7,Delta7,0.008238928939237899,0.0,0.0,971.0,0.0,0.0
55944,84216,EPG_L2_55944,Delta7_L7R2R10_84216,PB,8,EPG_L2,Delta7_L7R2R10,EPG,Delta7,0.008238928939237899,0.0,0.0,971.0,0.0,0.0
108339,141300,PEN_a_R9_108339,ER_L_MBUv_141300,EB,10,PEN_a_R9,ER_L_MBUv,PEN_a,MBUv,0.0,0.021505376344086023,0.0,0.0,465.0,0.0
63776,141300,PEN_a_L3_63776,ER_L_MBUv_141300,EB,9,PEN_a_L3,ER_L_MBUv,PEN_a,MBUv,0.0,0.01935483870967742,0.0,0.0,465.0,0.0
83213,112687,Delta7_L2L1_83213,PEN_b_L2_112687,PB,94,Delta7_L2L1,PEN_b_L2,Delta7,PEN_b,0.1172069825436409,0.0,0.0,802.0,0.0,0.0
84178,112687,Delta7_L2L1_84178,PEN_b_L2_112687,PB,69,Delta7_L2L1,PEN_b_L2,Delta7,PEN_b,0.08603491271820449,0.0,0.0,802.0,0.0,0.0
84473,112687,Delta7_L2L1_84473,PEN_b_L2_112687,PB,64,Delta7_L2L1,PEN_b_L2,Delta7,PEN_b,0.0798004987531172,0.0,0.0,802.0,0.0,0.0
83722,112687,Delta7_L2L1_83722,PEN_b_L2_112687,PB,60,Delta7_L2L1,PEN_b_L2,Delta7,PEN_b,0.07481296758104738,0.0,0.0,802.0,0.0,0.0
42181,112687,Delta7_L2L1_42181,PEN_b_L2_112687,PB,53,Delta7_L2L1,PEN_b_L2,Delta7,PEN_b,0.06608478802992519,0.0,0.0,802.0,0.0,0.0
84354,112687,Delta7_L3R6_84354,PEN_b_L2_112687,PB,30,Delta7_L3R6,PEN_b_L2,Delta7,PEN_b,0.03740648379052369,0.0,0.0,802.0,0.0,0.0
55952,112687,EPG_L2_55952,PEN_b_L2_112687,PB,25,EPG_L2,PEN_b_L2,EPG,PEN_b,0.03117206982543641,0.0,0.0,802.0,0.0,0.0
55944,112687,EPG_L2_55944,PEN_b_L2_112687,PB,7,EPG_L2,PEN_b_L2,EPG,PEN_b,0.008728179551122194,0.0,0.0,802.0,0.0,0.0
160486,143024,ER_L_LBU_160486,ER_L_LBU_143024,EB,11,ER_L_LBU,ER_L_LBU,LBU,LBU,0.0,0.02729528535980149,0.0,0.0,403.0,0.0
57712,83722,EPG_L6_57712,Delta7_L2L1_83722,PB,18,EPG_L6,Delta7_L2L1,EPG,Delta7,0.029605263157894735,0.0,0.0,608.0,0.0,0.0
84500,83722,Delta7_L5R4_84500,Delta7_L2L1_83722,PB,15,Delta7_L5R4,Delta7_L2L1,Delta7,Delta7,0.024671052631578948,0.0,0.0,608.0,0.0,0.0
60458,83722,EPG_L6_60458,Delta7_L2L1_83722,PB,15,EPG_L6,Delta7_L2L1,EPG,Delta7,0.024671052631578948,0.0,0.0,608.0,0.0,0.0
59381,83722,EPG_L6_59381,Delta7_L2L1_83722,PB,14,EPG_L6,Delta7_L2L1,EPG,Delta7,0.023026315789473683,0.0,0.0,608.0,0.0,0.0
34187,83722,EPG_L5_34187,Delta7_L2L1_83722,PB,12,EPG_L5,Delta7_L2L1,EPG,Delta7,0.019736842105263157,0.0,0.0,608.0,0.0,0.0
84354,83722,Delta7_L3R6_84354,Delta7_L2L1_83722,PB,12,Delta7_L3R6,Delta7_L2L1,Delta7,Delta7,0.019736842105263157,0.0,0.0,608.0,0.0,0.0
42181,83722,Delta7_L2L1_42181,Delta7_L2L1_83722,PB,11,Delta7_L2L1,Delta7_L2L1,Delta7,Delta7,0.018092105263157895,0.0,0.0,608.0,0.0,0.0
84617,83722,Delta7_L6R3_84617,Delta7_L2L1_83722,PB,10,Delta7_L6R3,Delta7_L2L1,Delta7,Delta7,0.01644736842105263,0.0,0.0,608.0,0.0,0.0
34199,83722,EPG_L5_34199,Delta7_L2L1_83722,PB,10,EPG_L5,Delta7_L2L1,EPG,Delta7,0.01644736842105263,0.0,0.0,608.0,0.0,0.0
84631,83722,Delta7_L3R6_84631,Delta7_L2L1_83722,PB,10,Delta7_L3R6,Delta7_L2L1,Delta7,Delta7,0.01644736842105263,0.0,0.0,608.0,0.0,0.0
83744,83722,Delta7_L6R3_83744,Delta7_L2L1_83722,PB,9,Delta7_L6R3,Delta7_L2L1,Delta7,Delta7,0.014802631578947368,0.0,0.0,608.0,0.0,0.0
82632,83722,Delta7_L6R3_82632,Delta7_L2L1_83722,PB,9,Delta7_L6R3,Delta7_L2L1,Delta7,Delta7,0.014802631578947368,0.0,0.0,608.0,0.0,0.0
80994,83722,Delta7_L6R3_80994,Delta7_L2L1_83722,PB,9,Delta7_L6R3,Delta7_L2L1,Delta7,Delta7,0.014802631578947368,0.0,0.0,608.0,0.0,0.0
83232,83722,Delta7_L6R3_83232,Delta7_L2L1_83722,PB,8,Delta7_L6R3,Delta7_L2L1,Delta7,Delta7,0.013157894736842105,0.0,0.0,608.0,0.0,0.0
75302,83722,Delta7_L5R4_75302,Delta7_L2L1_83722,PB,8,Delta7_L5R4,Delta7_L2L1,Delta7,Delta7,0.013157894736842105,0.0,0.0,608.0,0.0,0.0
79852,83722,Delta7_L3R6_79852,Delta7_L2L1_83722,PB,6,Delta7_L3R6,Delta7_L2L1,Delta7,Delta7,0.009868421052631578,0.0,0.0,608.0,0.0,0.0
84178,83722,Delta7_L2L1_84178,Delta7_L2L1_83722,PB,6,Delta7_L2L1,Delta7_L2L1,Delta7,Delta7,0.009868421052631578,0.0,0.0,608.0,0.0,0.0
81527,84631,Delta7_L3R6_81527,Delta7_L3R6_84631,PB,19,Delta7_L3R6,Delta7_L3R6,Delta7,Delta7,0.03064516129032258,0.0,0.0,620.0,0.0,0.0
60458,84631,EPG_L6_60458,Delta7_L3R6_84631,PB,18,EPG_L6,Delta7_L3R6,EPG,Delta7,0.02903225806451613,0.0,0.0,620.0,0.0,0.0
81541,84631,Delta7_L3R6_81541,Delta7_L3R6_84631,PB,16,Delta7_L3R6,Delta7_L3R6,Delta7,Delta7,0.025806451612903226,0.0,0.0,620.0,0.0,0.0
79852,84631,Delta7_L3R6_79852,Delta7_L3R6_84631,PB,15,Delta7_L3R6,Delta7_L3R6,Delta7,Delta7,0.024193548387096774,0.0,0.0,620.0,0.0,0.0
82590,84631,Delta7_L3R6_82590,Delta7_L3R6_84631,PB,14,Delta7_L3R6,Delta7_L3R6,Delta7,Delta7,0.02258064516129032,0.0,0.0,620.0,0.0,0.0
83722,84631,Delta7_L2L1_83722,Delta7_L3R6_84631,PB,14,Delta7_L2L1,Delta7_L3R6,Delta7,Delta7,0.02258064516129032,0.0,0.0,620.0,0.0,0.0
84354,84631,Delta7_L3R6_84354,Delta7_L3R6_84631,PB,12,Delta7_L3R6,Delta7_L3R6,Delta7,Delta7,0.01935483870967742,0.0,0.0,620.0,0.0,0.0
57712,84631,EPG_L6_57712,Delta7_L3R6_84631,PB,11,EPG_L6,Delta7_L3R6,EPG,Delta7,0.017741935483870968,0.0,0.0,620.0,0.0,0.0
86277,84631,Delta7_L6R3_86277,Delta7_L3R6_84631,PB,10,Delta7_L6R3,Delta7_L3R6,Delta7,Delta7,0.016129032258064516,0.0,0.0,620.0,0.0,0.0
84617,84631,Delta7_L6R3_84617,Delta7_L3R6_84631,PB,10,Delta7_L6R3,Delta7_L3R6,Delta7,Delta7,0.016129032258064516,0.0,0.0,620.0,0.0,0.0
75302,84631,Delta7_L5R4_75302,Delta7_L3R6_84631,PB,9,Delta7_L5R4,Delta7_L3R6,Delta7,Delta7,0.014516129032258065,0.0,0.0,620.0,0.0,0.0
84473,84631,Delta7_L2L1_84473,Delta7_L3R6_84631,PB,9,Delta7_L2L1,Delta7_L3R6,Delta7,Delta7,0.014516129032258065,0.0,0.0,620.0,0.0,0.0
80994,84631,Delta7_L6R3_80994,Delta7_L3R6_84631,PB,8,Delta7_L6R3,Delta7_L3R6,Delta7,Delta7,0.012903225806451613,0.0,0.0,620.0,0.0,0.0
59381,84631,EPG_L6_59381,Delta7_L3R6_84631,PB,8,EPG_L6,Delta7_L3R6,EPG,Delta7,0.012903225806451613,0.0,0.0,620.0,0.0,0.0
75297,84631,Delta7_L5R4_75297,Delta7_L3R6_84631,PB,8,Delta7_L5R4,Delta7_L3R6,Delta7,Delta7,0.012903225806451613,0.0,0.0,620.0,0.0,0.0
82632,84631,Delta7_L6R3_82632,Delta7_L3R6_84631,PB,7,Delta7_L6R3,Delta7_L3R6,Delta7,Delta7,0.01129032258064516,0.0,0.0,620.0,0.0,0.0
83744,84631,Delta7_L6R3_83744,Delta7_L3R6_84631,PB,6,Delta7_L6R3,Delta7_L3R6,Delta7,Delta7,0.00967741935483871,0.0,0.0,620.0,0.0,0.0
84500,75297,Delta7_L5R4_84500,Delta7_L5R4_75297,PB,13,Delta7_L5R4,Delta7_L5R4,Delta7,Delta7,0.024253731343283583,0.0,0.0,536.0,0.0,0.0
84466,75297,Delta7_L5R4_84466,Delta7_L5R4_75297,PB,13,Delta7_L5R4,Delta7_L5R4,Delta7,Delta7,0.024253731343283583,0.0,0.0,536.0,0.0,0.0
57518,75297,EPG_L3_57518,Delta7_L5R4_75297,PB,11,EPG_L3,Delta7_L5R4,EPG,Delta7,0.020522388059701493,0.0,0.0,536.0,0.0,0.0
84354,75297,Delta7_L3R6_84354,Delta7_L5R4_75297,PB,11,Delta7_L3R6,Delta7_L5R4,Delta7,Delta7,0.020522388059701493,0.0,0.0,536.0,0.0,0.0
57529,75297,EPG_L3_57529,Delta7_L5R4_75297,PB,10,EPG_L3,Delta7_L5R4,EPG,Delta7,0.018656716417910446,0.0,0.0,536.0,0.0,0.0
75302,75297,Delta7_L5R4_75302,Delta7_L5R4_75297,PB,9,Delta7_L5R4,Delta7_L5R4,Delta7,Delta7,0.016791044776119403,0.0,0.0,536.0,0.0,0.0
84303,75297,Delta7_L4R5_84303,Delta7_L5R4_75297,PB,7,Delta7_L4R5,Delta7_L5R4,Delta7,Delta7,0.013059701492537313,0.0,0.0,536.0,0.0,0.0
83722,75297,Delta7_L2L1_83722,Delta7_L5R4_75297,PB,7,Delta7_L2L1,Delta7_L5R4,Delta7,Delta7,0.013059701492537313,0.0,0.0,536.0,0.0,0.0
83239,75297,Delta7_L4R5_83239,Delta7_L5R4_75297,PB,6,Delta7_L4R5,Delta7_L5R4,Delta7,Delta7,0.011194029850746268,0.0,0.0,536.0,0.0,0.0
54939,75297,EPG_L3_54939,Delta7_L5R4_75297,PB,6,EPG_L3,Delta7_L5R4,EPG,Delta7,0.011194029850746268,0.0,0.0,536.0,0.0,0.0
35471,75297,EPG_L5_35471,Delta7_L5R4_75297,PB,6,EPG_L5,Delta7_L5R4,EPG,Delta7,0.011194029850746268,0.0,0.0,536.0,0.0,0.0
47215,82743,mLNO__47215,PFN_L3_82743,NO,98,mLNO_,PFN_L3,mLNO_,PFN,0.0,0.0,0.1895551257253385,0.0,0.0,517.0
34937,82743,PFN_L5_34937,PFN_L3_82743,NO,8,PFN_L5,PFN_L3,PFN,PFN,0.0,0.0,0.015473887814313346,0.0,0.0,517.0
35112,82743,PFN_L4_35112,PFN_L3_82743,NO,7,PFN_L4,PFN_L3,PFN,PFN,0.0,0.0,0.013539651837524178,0.0,0.0,517.0
54939,84530,EPG_L3_54939,Delta7_L7R2R10_84530,PB,40,EPG_L3,Delta7_L7R2R10,EPG,Delta7,0.05242463958060288,0.0,0.0,763.0,0.0,0.0
79852,84530,Delta7_L3R6_79852,Delta7_L7R2R10_84530,PB,24,Delta7_L3R6,Delta7_L7R2R10,Delta7,Delta7,0.03145478374836173,0.0,0.0,763.0,0.0,0.0
84631,84530,Delta7_L3R6_84631,Delta7_L7R2R10_84530,PB,24,Delta7_L3R6,Delta7_L7R2R10,Delta7,Delta7,0.03145478374836173,0.0,0.0,763.0,0.0,0.0
81541,84530,Delta7_L3R6_81541,Delta7_L7R2R10_84530,PB,23,Delta7_L3R6,Delta7_L7R2R10,Delta7,Delta7,0.03014416775884666,0.0,0.0,763.0,0.0,0.0
57529,84530,EPG_L3_57529,Delta7_L7R2R10_84530,PB,23,EPG_L3,Delta7_L7R2R10,EPG,Delta7,0.03014416775884666,0.0,0.0,763.0,0.0,0.0
83112,84530,Delta7_L4R5_83112,Delta7_L7R2R10_84530,PB,21,Delta7_L4R5,Delta7_L7R2R10,Delta7,Delta7,0.027522935779816515,0.0,0.0,763.0,0.0,0.0
82590,84530,Delta7_L3R6_82590,Delta7_L7R2R10_84530,PB,20,Delta7_L3R6,Delta7_L7R2R10,Delta7,Delta7,0.02621231979030144,0.0,0.0,763.0,0.0,0.0
35304,84530,EPG_L4_35304,Delta7_L7R2R10_84530,PB,18,EPG_L4,Delta7_L7R2R10,EPG,Delta7,0.023591087811271297,0.0,0.0,763.0,0.0,0.0
34228,84530,EPG_L4_34228,Delta7_L7R2R10_84530,PB,16,EPG_L4,Delta7_L7R2R10,EPG,Delta7,0.020969855832241154,0.0,0.0,763.0,0.0,0.0
84473,84530,Delta7_L2L1_84473,Delta7_L7R2R10_84530,PB,16,Delta7_L2L1,Delta7_L7R2R10,Delta7,Delta7,0.020969855832241154,0.0,0.0,763.0,0.0,0.0
34199,84530,EPG_L5_34199,Delta7_L7R2R10_84530,PB,14,EPG_L5,Delta7_L7R2R10,EPG,Delta7,0.01834862385321101,0.0,0.0,763.0,0.0,0.0
75297,84530,Delta7_L5R4_75297,Delta7_L7R2R10_84530,PB,14,Delta7_L5R4,Delta7_L7R2R10,Delta7,Delta7,0.01834862385321101,0.0,0.0,763.0,0.0,0.0
55952,84530,EPG_L2_55952,Delta7_L7R2R10_84530,PB,13,EPG_L2,Delta7_L7R2R10,EPG,Delta7,0.01703800786369594,0.0,0.0,763.0,0.0,0.0
34955,84530,EPG_L4_34955,Delta7_L7R2R10_84530,PB,12,EPG_L4,Delta7_L7R2R10,EPG,Delta7,0.015727391874180863,0.0,0.0,763.0,0.0,0.0
57518,84530,EPG_L3_57518,Delta7_L7R2R10_84530,PB,12,EPG_L3,Delta7_L7R2R10,EPG,Delta7,0.015727391874180863,0.0,0.0,763.0,0.0,0.0
84178,84530,Delta7_L2L1_84178,Delta7_L7R2R10_84530,PB,12,Delta7_L2L1,Delta7_L7R2R10,Delta7,Delta7,0.015727391874180863,0.0,0.0,763.0,0.0,0.0
42181,84530,Delta7_L2L1_42181,Delta7_L7R2R10_84530,PB,11,Delta7_L2L1,Delta7_L7R2R10,Delta7,Delta7,0.014416775884665793,0.0,0.0,763.0,0.0,0.0
35471,84530,EPG_L5_35471,Delta7_L7R2R10_84530,PB,11,EPG_L5,Delta7_L7R2R10,EPG,Delta7,0.014416775884665793,0.0,0.0,763.0,0.0,0.0
83722,84530,Delta7_L2L1_83722,Delta7_L7R2R10_84530,PB,9,Delta7_L2L1,Delta7_L7R2R10,Delta7,Delta7,0.011795543905635648,0.0,0.0,763.0,0.0,0.0
34187,84530,EPG_L5_34187,Delta7_L7R2R10_84530,PB,9,EPG_L5,Delta7_L7R2R10,EPG,Delta7,0.011795543905635648,0.0,0.0,763.0,0.0,0.0
84466,84530,Delta7_L5R4_84466,Delta7_L7R2R10_84530,PB,9,Delta7_L5R4,Delta7_L7R2R10,Delta7,Delta7,0.011795543905635648,0.0,0.0,763.0,0.0,0.0
83213,84530,Delta7_L2L1_83213,Delta7_L7R2R10_84530,PB,8,Delta7_L2L1,Delta7_L7R2R10,Delta7,Delta7,0.010484927916120577,0.0,0.0,763.0,0.0,0.0
84500,84530,Delta7_L5R4_84500,Delta7_L7R2R10_84530,PB,8,Delta7_L5R4,Delta7_L7R2R10,Delta7,Delta7,0.010484927916120577,0.0,0.0,763.0,0.0,0.0
81527,84530,Delta7_L3R6_81527,Delta7_L7R2R10_84530,PB,7,Delta7_L3R6,Delta7_L7R2R10,Delta7,Delta7,0.009174311926605505,0.0,0.0,763.0,0.0,0.0
81522,84530,Delta7_L4R5_81522,Delta7_L7R2R10_84530,PB,6,Delta7_L4R5,Delta7_L7R2R10,Delta7,Delta7,0.007863695937090432,0.0,0.0,763.0,0.0,0.0
42755,60632,PFN_L4_42755,,NO,10,PFN_L4,,PFN,,0.0,0.0,0.017953321364452424,0.0,0.0,557.0
42443,60632,PFN_L5_42443,,NO,9,PFN_L5,,PFN,,0.0,0.0,0.01615798922800718,0.0,0.0,557.0
42403,60632,PFN_L5_42403,,NO,9,PFN_L5,,PFN,,0.0,0.0,0.01615798922800718,0.0,0.0,557.0
118033,60632,,,NO,9,,,,,0.0,0.0,0.01615798922800718,0.0,0.0,557.0
75405,60632,PFN_L4_75405,,NO,8,PFN_L4,,PFN,,0.0,0.0,0.01436265709156194,0.0,0.0,557.0
42448,60632,PFN_L4_42448,,NO,7,PFN_L4,,PFN,,0.0,0.0,0.012567324955116697,0.0,0.0,557.0
275602,60632,PFN_L2_275602,,NO,7,PFN_L2,,PFN,,0.0,0.0,0.012567324955116697,0.0,0.0,557.0
42433,60632,PFN_L5_42433,,NO,7,PFN_L5,,PFN,,0.0,0.0,0.012567324955116697,0.0,0.0,557.0
46894,60632,PFN_L3_46894,,NO,7,PFN_L3,,PFN,,0.0,0.0,0.012567324955116697,0.0,0.0,557.0
95486,60632,,,NO,6,,,,,0.0,0.0,0.010771992818671455,0.0,0.0,557.0
264459,60632,PFN_L2_264459,,NO,6,PFN_L2,,PFN,,0.0,0.0,0.010771992818671455,0.0,0.0,557.0
278715,60632,PFN_L3_278715,,NO,6,PFN_L3,,PFN,,0.0,0.0,0.010771992818671455,0.0,0.0,557.0
43120,60632,PFN_L4_43120,,NO,6,PFN_L4,,PFN,,0.0,0.0,0.010771992818671455,0.0,0.0,557.0
82590,81527,Delta7_L3R6_82590,Delta7_L3R6_81527,PB,18,Delta7_L3R6,Delta7_L3R6,Delta7,Delta7,0.03696098562628337,0.0,0.0,487.0,0.0,0.0
86277,81527,Delta7_L6R3_86277,Delta7_L3R6_81527,PB,14,Delta7_L6R3,Delta7_L3R6,Delta7,Delta7,0.028747433264887063,0.0,0.0,487.0,0.0,0.0
57712,81527,EPG_L6_57712,Delta7_L3R6_81527,PB,13,EPG_L6,Delta7_L3R6,EPG,Delta7,0.026694045174537988,0.0,0.0,487.0,0.0,0.0
84631,81527,Delta7_L3R6_84631,Delta7_L3R6_81527,PB,8,Delta7_L3R6,Delta7_L3R6,Delta7,Delta7,0.01642710472279261,0.0,0.0,487.0,0.0,0.0
59381,81527,EPG_L6_59381,Delta7_L3R6_81527,PB,7,EPG_L6,Delta7_L3R6,EPG,Delta7,0.014373716632443531,0.0,0.0,487.0,0.0,0.0
79852,81527,Delta7_L3R6_79852,Delta7_L3R6_81527,PB,7,Delta7_L3R6,Delta7_L3R6,Delta7,Delta7,0.014373716632443531,0.0,0.0,487.0,0.0,0.0
82632,81527,Delta7_L6R3_82632,Delta7_L3R6_81527,PB,7,Delta7_L6R3,Delta7_L3R6,Delta7,Delta7,0.014373716632443531,0.0,0.0,487.0,0.0,0.0
83722,81527,Delta7_L2L1_83722,Delta7_L3R6_81527,PB,6,Delta7_L2L1,Delta7_L3R6,Delta7,Delta7,0.012320328542094456,0.0,0.0,487.0,0.0,0.0
54939,83758,EPG_L3_54939,Delta7_L8R1_83758,PB,36,EPG_L3,Delta7_L8R1,EPG,Delta7,0.04580152671755725,0.0,0.0,786.0,0.0,0.0
84631,83758,Delta7_L3R6_84631,Delta7_L8R1_83758,PB,28,Delta7_L3R6,Delta7_L8R1,Delta7,Delta7,0.035623409669211195,0.0,0.0,786.0,0.0,0.0
57518,83758,EPG_L3_57518,Delta7_L8R1_83758,PB,28,EPG_L3,Delta7_L8R1,EPG,Delta7,0.035623409669211195,0.0,0.0,786.0,0.0,0.0
57529,83758,EPG_L3_57529,Delta7_L8R1_83758,PB,28,EPG_L3,Delta7_L8R1,EPG,Delta7,0.035623409669211195,0.0,0.0,786.0,0.0,0.0
82590,83758,Delta7_L3R6_82590,Delta7_L8R1_83758,PB,25,Delta7_L3R6,Delta7_L8R1,Delta7,Delta7,0.031806615776081425,0.0,0.0,786.0,0.0,0.0
81527,83758,Delta7_L3R6_81527,Delta7_L8R1_83758,PB,20,Delta7_L3R6,Delta7_L8R1,Delta7,Delta7,0.02544529262086514,0.0,0.0,786.0,0.0,0.0
34228,83758,EPG_L4_34228,Delta7_L8R1_83758,PB,19,EPG_L4,Delta7_L8R1,EPG,Delta7,0.024173027989821884,0.0,0.0,786.0,0.0,0.0
83213,83758,Delta7_L2L1_83213,Delta7_L8R1_83758,PB,16,Delta7_L2L1,Delta7_L8R1,Delta7,Delta7,0.020356234096692113,0.0,0.0,786.0,0.0,0.0
34955,83758,EPG_L4_34955,Delta7_L8R1_83758,PB,16,EPG_L4,Delta7_L8R1,EPG,Delta7,0.020356234096692113,0.0,0.0,786.0,0.0,0.0
35304,83758,EPG_L4_35304,Delta7_L8R1_83758,PB,15,EPG_L4,Delta7_L8R1,EPG,Delta7,0.019083969465648856,0.0,0.0,786.0,0.0,0.0
34199,83758,EPG_L5_34199,Delta7_L8R1_83758,PB,15,EPG_L5,Delta7_L8R1,EPG,Delta7,0.019083969465648856,0.0,0.0,786.0,0.0,0.0
35471,83758,EPG_L5_35471,Delta7_L8R1_83758,PB,14,EPG_L5,Delta7_L8R1,EPG,Delta7,0.017811704834605598,0.0,0.0,786.0,0.0,0.0
83239,83758,Delta7_L4R5_83239,Delta7_L8R1_83758,PB,13,Delta7_L4R5,Delta7_L8R1,Delta7,Delta7,0.01653944020356234,0.0,0.0,786.0,0.0,0.0
81541,83758,Delta7_L3R6_81541,Delta7_L8R1_83758,PB,13,Delta7_L3R6,Delta7_L8R1,Delta7,Delta7,0.01653944020356234,0.0,0.0,786.0,0.0,0.0
34187,83758,EPG_L5_34187,Delta7_L8R1_83758,PB,10,EPG_L5,Delta7_L8R1,EPG,Delta7,0.01272264631043257,0.0,0.0,786.0,0.0,0.0
83722,83758,Delta7_L2L1_83722,Delta7_L8R1_83758,PB,10,Delta7_L2L1,Delta7_L8R1,Delta7,Delta7,0.01272264631043257,0.0,0.0,786.0,0.0,0.0
81522,83758,Delta7_L4R5_81522,Delta7_L8R1_83758,PB,10,Delta7_L4R5,Delta7_L8R1,Delta7,Delta7,0.01272264631043257,0.0,0.0,786.0,0.0,0.0
83112,83758,Delta7_L4R5_83112,Delta7_L8R1_83758,PB,10,Delta7_L4R5,Delta7_L8R1,Delta7,Delta7,0.01272264631043257,0.0,0.0,786.0,0.0,0.0
57712,83758,EPG_L6_57712,Delta7_L8R1_83758,PB,9,EPG_L6,Delta7_L8R1,EPG,Delta7,0.011450381679389313,0.0,0.0,786.0,0.0,0.0
84354,83758,Delta7_L3R6_84354,Delta7_L8R1_83758,PB,8,Delta7_L3R6,Delta7_L8R1,Delta7,Delta7,0.010178117048346057,0.0,0.0,786.0,0.0,0.0
79852,83758,Delta7_L3R6_79852,Delta7_L8R1_83758,PB,8,Delta7_L3R6,Delta7_L8R1,Delta7,Delta7,0.010178117048346057,0.0,0.0,786.0,0.0,0.0
84466,83758,Delta7_L5R4_84466,Delta7_L8R1_83758,PB,7,Delta7_L5R4,Delta7_L8R1,Delta7,Delta7,0.008905852417302799,0.0,0.0,786.0,0.0,0.0
84303,83758,Delta7_L4R5_84303,Delta7_L8R1_83758,PB,6,Delta7_L4R5,Delta7_L8R1,Delta7,Delta7,0.007633587786259542,0.0,0.0,786.0,0.0,0.0
84466,75302,Delta7_L5R4_84466,Delta7_L5R4_75302,PB,15,Delta7_L5R4,Delta7_L5R4,Delta7,Delta7,0.032119914346895075,0.0,0.0,467.0,0.0,0.0
84631,75302,Delta7_L3R6_84631,Delta7_L5R4_75302,PB,13,Delta7_L3R6,Delta7_L5R4,Delta7,Delta7,0.027837259100642397,0.0,0.0,467.0,0.0,0.0
75297,75302,Delta7_L5R4_75297,Delta7_L5R4_75302,PB,11,Delta7_L5R4,Delta7_L5R4,Delta7,Delta7,0.023554603854389723,0.0,0.0,467.0,0.0,0.0
81527,75302,Delta7_L3R6_81527,Delta7_L5R4_75302,PB,10,Delta7_L3R6,Delta7_L5R4,Delta7,Delta7,0.021413276231263382,0.0,0.0,467.0,0.0,0.0
54939,75302,EPG_L3_54939,Delta7_L5R4_75302,PB,8,EPG_L3,Delta7_L5R4,EPG,Delta7,0.017130620985010708,0.0,0.0,467.0,0.0,0.0
75326,75302,Delta7_L5R4_75326,Delta7_L5R4_75302,PB,6,Delta7_L5R4,Delta7_L5R4,Delta7,Delta7,0.01284796573875803,0.0,0.0,467.0,0.0,0.0
80994,75302,Delta7_L6R3_80994,Delta7_L5R4_75302,PB,6,Delta7_L6R3,Delta7_L5R4,Delta7,Delta7,0.01284796573875803,0.0,0.0,467.0,0.0,0.0
83744,75302,Delta7_L6R3_83744,Delta7_L5R4_75302,PB,6,Delta7_L6R3,Delta7_L5R4,Delta7,Delta7,0.01284796573875803,0.0,0.0,467.0,0.0,0.0
81527,79852,Delta7_L3R6_81527,Delta7_L3R6_79852,PB,13,Delta7_L3R6,Delta7_L3R6,Delta7,Delta7,0.02636916835699797,0.0,0.0,493.0,0.0,0.0
60458,79852,EPG_L6_60458,Delta7_L3R6_79852,PB,12,EPG_L6,Delta7_L3R6,EPG,Delta7,0.02434077079107505,0.0,0.0,493.0,0.0,0.0
84631,79852,Delta7_L3R6_84631,Delta7_L3R6_79852,PB,12,Delta7_L3R6,Delta7_L3R6,Delta7,Delta7,0.02434077079107505,0.0,0.0,493.0,0.0,0.0
84354,79852,Delta7_L3R6_84354,Delta7_L3R6_79852,PB,10,Delta7_L3R6,Delta7_L3R6,Delta7,Delta7,0.02028397565922921,0.0,0.0,493.0,0.0,0.0
57712,79852,EPG_L6_57712,Delta7_L3R6_79852,PB,10,EPG_L6,Delta7_L3R6,EPG,Delta7,0.02028397565922921,0.0,0.0,493.0,0.0,0.0
82632,79852,Delta7_L6R3_82632,Delta7_L3R6_79852,PB,9,Delta7_L6R3,Delta7_L3R6,Delta7,Delta7,0.018255578093306288,0.0,0.0,493.0,0.0,0.0
80994,79852,Delta7_L6R3_80994,Delta7_L3R6_79852,PB,9,Delta7_L6R3,Delta7_L3R6,Delta7,Delta7,0.018255578093306288,0.0,0.0,493.0,0.0,0.0
83744,79852,Delta7_L6R3_83744,Delta7_L3R6_79852,PB,8,Delta7_L6R3,Delta7_L3R6,Delta7,Delta7,0.016227180527383367,0.0,0.0,493.0,0.0,0.0
81541,79852,Delta7_L3R6_81541,Delta7_L3R6_79852,PB,6,Delta7_L3R6,Delta7_L3R6,Delta7,Delta7,0.012170385395537525,0.0,0.0,493.0,0.0,0.0
62456,79852,EPG_L7_62456,Delta7_L3R6_79852,PB,6,EPG_L7,Delta7_L3R6,EPG,Delta7,0.012170385395537525,0.0,0.0,493.0,0.0,0.0
57712,84303,EPG_L6_57712,Delta7_L4R5_84303,PB,7,EPG_L6,Delta7_L4R5,EPG,Delta7,0.01569506726457399,0.0,0.0,446.0,0.0,0.0
83213,84303,Delta7_L2L1_83213,Delta7_L4R5_84303,PB,7,Delta7_L2L1,Delta7_L4R5,Delta7,Delta7,0.01569506726457399,0.0,0.0,446.0,0.0,0.0
110806,84303,Delta7_L4R5_110806,Delta7_L4R5_84303,PB,7,Delta7_L4R5,Delta7_L4R5,Delta7,Delta7,0.01569506726457399,0.0,0.0,446.0,0.0,0.0
83239,84303,Delta7_L4R5_83239,Delta7_L4R5_84303,PB,6,Delta7_L4R5,Delta7_L4R5,Delta7,Delta7,0.013452914798206279,0.0,0.0,446.0,0.0,0.0
57529,83765,EPG_L3_57529,Delta7_L7R2R10_83765,PB,35,EPG_L3,Delta7_L7R2R10,EPG,Delta7,0.04971590909090909,0.0,0.0,704.0,0.0,0.0
57518,83765,EPG_L3_57518,Delta7_L7R2R10_83765,PB,29,EPG_L3,Delta7_L7R2R10,EPG,Delta7,0.041193181818181816,0.0,0.0,704.0,0.0,0.0
84631,83765,Delta7_L3R6_84631,Delta7_L7R2R10_83765,PB,28,Delta7_L3R6,Delta7_L7R2R10,Delta7,Delta7,0.03977272727272727,0.0,0.0,704.0,0.0,0.0
54939,83765,EPG_L3_54939,Delta7_L7R2R10_83765,PB,28,EPG_L3,Delta7_L7R2R10,EPG,Delta7,0.03977272727272727,0.0,0.0,704.0,0.0,0.0
83239,83765,Delta7_L4R5_83239,Delta7_L7R2R10_83765,PB,18,Delta7_L4R5,Delta7_L7R2R10,Delta7,Delta7,0.02556818181818182,0.0,0.0,704.0,0.0,0.0
34199,83765,EPG_L5_34199,Delta7_L7R2R10_83765,PB,17,EPG_L5,Delta7_L7R2R10,EPG,Delta7,0.024147727272727272,0.0,0.0,704.0,0.0,0.0
81541,83765,Delta7_L3R6_81541,Delta7_L7R2R10_83765,PB,16,Delta7_L3R6,Delta7_L7R2R10,Delta7,Delta7,0.022727272727272728,0.0,0.0,704.0,0.0,0.0
34187,83765,EPG_L5_34187,Delta7_L7R2R10_83765,PB,15,EPG_L5,Delta7_L7R2R10,EPG,Delta7,0.02130681818181818,0.0,0.0,704.0,0.0,0.0
81527,83765,Delta7_L3R6_81527,Delta7_L7R2R10_83765,PB,14,Delta7_L3R6,Delta7_L7R2R10,Delta7,Delta7,0.019886363636363636,0.0,0.0,704.0,0.0,0.0
34955,83765,EPG_L4_34955,Delta7_L7R2R10_83765,PB,13,EPG_L4,Delta7_L7R2R10,EPG,Delta7,0.018465909090909092,0.0,0.0,704.0,0.0,0.0
84354,83765,Delta7_L3R6_84354,Delta7_L7R2R10_83765,PB,13,Delta7_L3R6,Delta7_L7R2R10,Delta7,Delta7,0.018465909090909092,0.0,0.0,704.0,0.0,0.0
34228,83765,EPG_L4_34228,Delta7_L7R2R10_83765,PB,13,EPG_L4,Delta7_L7R2R10,EPG,Delta7,0.018465909090909092,0.0,0.0,704.0,0.0,0.0
79852,83765,Delta7_L3R6_79852,Delta7_L7R2R10_83765,PB,10,Delta7_L3R6,Delta7_L7R2R10,Delta7,Delta7,0.014204545454545454,0.0,0.0,704.0,0.0,0.0
83722,83765,Delta7_L2L1_83722,Delta7_L7R2R10_83765,PB,10,Delta7_L2L1,Delta7_L7R2R10,Delta7,Delta7,0.014204545454545454,0.0,0.0,704.0,0.0,0.0
110806,83765,Delta7_L4R5_110806,Delta7_L7R2R10_83765,PB,10,Delta7_L4R5,Delta7_L7R2R10,Delta7,Delta7,0.014204545454545454,0.0,0.0,704.0,0.0,0.0
81522,83765,Delta7_L4R5_81522,Delta7_L7R2R10_83765,PB,10,Delta7_L4R5,Delta7_L7R2R10,Delta7,Delta7,0.014204545454545454,0.0,0.0,704.0,0.0,0.0
35304,83765,EPG_L4_35304,Delta7_L7R2R10_83765,PB,9,EPG_L4,Delta7_L7R2R10,EPG,Delta7,0.01278409090909091,0.0,0.0,704.0,0.0,0.0
84303,83765,Delta7_L4R5_84303,Delta7_L7R2R10_83765,PB,8,Delta7_L4R5,Delta7_L7R2R10,Delta7,Delta7,0.011363636363636364,0.0,0.0,704.0,0.0,0.0
84466,83765,Delta7_L5R4_84466,Delta7_L7R2R10_83765,PB,8,Delta7_L5R4,Delta7_L7R2R10,Delta7,Delta7,0.011363636363636364,0.0,0.0,704.0,0.0,0.0
35471,83765,EPG_L5_35471,Delta7_L7R2R10_83765,PB,7,EPG_L5,Delta7_L7R2R10,EPG,Delta7,0.009943181818181818,0.0,0.0,704.0,0.0,0.0
84500,83765,Delta7_L5R4_84500,Delta7_L7R2R10_83765,PB,7,Delta7_L5R4,Delta7_L7R2R10,Delta7,Delta7,0.009943181818181818,0.0,0.0,704.0,0.0,0.0
84473,83765,Delta7_L2L1_84473,Delta7_L7R2R10_83765,PB,6,Delta7_L2L1,Delta7_L7R2R10,Delta7,Delta7,0.008522727272727272,0.0,0.0,704.0,0.0,0.0
82590,83765,Delta7_L3R6_82590,Delta7_L7R2R10_83765,PB,6,Delta7_L3R6,Delta7_L7R2R10,Delta7,Delta7,0.008522727272727272,0.0,0.0,704.0,0.0,0.0
83213,83765,Delta7_L2L1_83213,Delta7_L7R2R10_83765,PB,6,Delta7_L2L1,Delta7_L7R2R10,Delta7,Delta7,0.008522727272727272,0.0,0.0,704.0,0.0,0.0
83112,83765,Delta7_L4R5_83112,Delta7_L7R2R10_83765,PB,6,Delta7_L4R5,Delta7_L7R2R10,Delta7,Delta7,0.008522727272727272,0.0,0.0,704.0,0.0,0.0
57712,81541,EPG_L6_57712,Delta7_L3R6_81541,PB,22,EPG_L6,Delta7_L3R6,EPG,Delta7,0.04899777282850779,0.0,0.0,449.0,0.0,0.0
59381,81541,EPG_L6_59381,Delta7_L3R6_81541,PB,13,EPG_L6,Delta7_L3R6,EPG,Delta7,0.028953229398663696,0.0,0.0,449.0,0.0,0.0
84631,81541,Delta7_L3R6_84631,Delta7_L3R6_81541,PB,11,Delta7_L3R6,Delta7_L3R6,Delta7,Delta7,0.024498886414253896,0.0,0.0,449.0,0.0,0.0
60458,81541,EPG_L6_60458,Delta7_L3R6_81541,PB,9,EPG_L6,Delta7_L3R6,EPG,Delta7,0.0200445434298441,0.0,0.0,449.0,0.0,0.0
82632,81541,Delta7_L6R3_82632,Delta7_L3R6_81541,PB,8,Delta7_L6R3,Delta7_L3R6,Delta7,Delta7,0.017817371937639197,0.0,0.0,449.0,0.0,0.0
82590,81541,Delta7_L3R6_82590,Delta7_L3R6_81541,PB,7,Delta7_L3R6,Delta7_L3R6,Delta7,Delta7,0.015590200445434299,0.0,0.0,449.0,0.0,0.0
83722,81541,Delta7_L2L1_83722,Delta7_L3R6_81541,PB,6,Delta7_L2L1,Delta7_L3R6,Delta7,Delta7,0.013363028953229399,0.0,0.0,449.0,0.0,0.0
47215,47205,mLNO__47215,PFN_L3_47205,NO,80,mLNO_,PFN_L3,mLNO_,PFN,0.0,0.0,0.17738359201773837,0.0,0.0,451.0
34937,47205,PFN_L5_34937,PFN_L3_47205,NO,11,PFN_L5,PFN_L3,PFN,PFN,0.0,0.0,0.024390243902439025,0.0,0.0,451.0
35086,47205,PFN_L4_35086,PFN_L3_47205,NO,7,PFN_L4,PFN_L3,PFN,PFN,0.0,0.0,0.015521064301552107,0.0,0.0,451.0
82743,47205,PFN_L3_82743,PFN_L3_47205,NO,6,PFN_L3,PFN_L3,PFN,PFN,0.0,0.0,0.013303769401330377,0.0,0.0,451.0
54939,83735,EPG_L3_54939,Delta7_L7R2R10_83735,PB,36,EPG_L3,Delta7_L7R2R10,EPG,Delta7,0.05091937765205092,0.0,0.0,707.0,0.0,0.0
84631,83735,Delta7_L3R6_84631,Delta7_L7R2R10_83735,PB,35,Delta7_L3R6,Delta7_L7R2R10,Delta7,Delta7,0.04950495049504951,0.0,0.0,707.0,0.0,0.0
57529,83735,EPG_L3_57529,Delta7_L7R2R10_83735,PB,32,EPG_L3,Delta7_L7R2R10,EPG,Delta7,0.04526166902404526,0.0,0.0,707.0,0.0,0.0
57518,83735,EPG_L3_57518,Delta7_L7R2R10_83735,PB,23,EPG_L3,Delta7_L7R2R10,EPG,Delta7,0.03253182461103253,0.0,0.0,707.0,0.0,0.0
35304,83735,EPG_L4_35304,Delta7_L7R2R10_83735,PB,21,EPG_L4,Delta7_L7R2R10,EPG,Delta7,0.0297029702970297,0.0,0.0,707.0,0.0,0.0
82590,83735,Delta7_L3R6_82590,Delta7_L7R2R10_83735,PB,19,Delta7_L3R6,Delta7_L7R2R10,Delta7,Delta7,0.026874115983026876,0.0,0.0,707.0,0.0,0.0
42181,83735,Delta7_L2L1_42181,Delta7_L7R2R10_83735,PB,18,Delta7_L2L1,Delta7_L7R2R10,Delta7,Delta7,0.02545968882602546,0.0,0.0,707.0,0.0,0.0
84354,83735,Delta7_L3R6_84354,Delta7_L7R2R10_83735,PB,18,Delta7_L3R6,Delta7_L7R2R10,Delta7,Delta7,0.02545968882602546,0.0,0.0,707.0,0.0,0.0
34228,83735,EPG_L4_34228,Delta7_L7R2R10_83735,PB,17,EPG_L4,Delta7_L7R2R10,EPG,Delta7,0.024045261669024046,0.0,0.0,707.0,0.0,0.0
81541,83735,Delta7_L3R6_81541,Delta7_L7R2R10_83735,PB,15,Delta7_L3R6,Delta7_L7R2R10,Delta7,Delta7,0.021216407355021217,0.0,0.0,707.0,0.0,0.0
83213,83735,Delta7_L2L1_83213,Delta7_L7R2R10_83735,PB,15,Delta7_L2L1,Delta7_L7R2R10,Delta7,Delta7,0.021216407355021217,0.0,0.0,707.0,0.0,0.0
83112,83735,Delta7_L4R5_83112,Delta7_L7R2R10_83735,PB,15,Delta7_L4R5,Delta7_L7R2R10,Delta7,Delta7,0.021216407355021217,0.0,0.0,707.0,0.0,0.0
81527,83735,Delta7_L3R6_81527,Delta7_L7R2R10_83735,PB,12,Delta7_L3R6,Delta7_L7R2R10,Delta7,Delta7,0.016973125884016973,0.0,0.0,707.0,0.0,0.0
83722,83735,Delta7_L2L1_83722,Delta7_L7R2R10_83735,PB,12,Delta7_L2L1,Delta7_L7R2R10,Delta7,Delta7,0.016973125884016973,0.0,0.0,707.0,0.0,0.0
81522,83735,Delta7_L4R5_81522,Delta7_L7R2R10_83735,PB,11,Delta7_L4R5,Delta7_L7R2R10,Delta7,Delta7,0.015558698727015558,0.0,0.0,707.0,0.0,0.0
110806,83735,Delta7_L4R5_110806,Delta7_L7R2R10_83735,PB,11,Delta7_L4R5,Delta7_L7R2R10,Delta7,Delta7,0.015558698727015558,0.0,0.0,707.0,0.0,0.0
79852,83735,Delta7_L3R6_79852,Delta7_L7R2R10_83735,PB,10,Delta7_L3R6,Delta7_L7R2R10,Delta7,Delta7,0.014144271570014143,0.0,0.0,707.0,0.0,0.0
83239,83735,Delta7_L4R5_83239,Delta7_L7R2R10_83735,PB,10,Delta7_L4R5,Delta7_L7R2R10,Delta7,Delta7,0.014144271570014143,0.0,0.0,707.0,0.0,0.0
84178,83735,Delta7_L2L1_84178,Delta7_L7R2R10_83735,PB,8,Delta7_L2L1,Delta7_L7R2R10,Delta7,Delta7,0.011315417256011316,0.0,0.0,707.0,0.0,0.0
84473,83735,Delta7_L2L1_84473,Delta7_L7R2R10_83735,PB,8,Delta7_L2L1,Delta7_L7R2R10,Delta7,Delta7,0.011315417256011316,0.0,0.0,707.0,0.0,0.0
84466,83735,Delta7_L5R4_84466,Delta7_L7R2R10_83735,PB,8,Delta7_L5R4,Delta7_L7R2R10,Delta7,Delta7,0.011315417256011316,0.0,0.0,707.0,0.0,0.0
55952,83735,EPG_L2_55952,Delta7_L7R2R10_83735,PB,7,EPG_L2,Delta7_L7R2R10,EPG,Delta7,0.009900990099009901,0.0,0.0,707.0,0.0,0.0
75297,83735,Delta7_L5R4_75297,Delta7_L7R2R10_83735,PB,6,Delta7_L5R4,Delta7_L7R2R10,Delta7,Delta7,0.008486562942008486,0.0,0.0,707.0,0.0,0.0
34955,83735,EPG_L4_34955,Delta7_L7R2R10_83735,PB,6,EPG_L4,Delta7_L7R2R10,EPG,Delta7,0.008486562942008486,0.0,0.0,707.0,0.0,0.0
59381,83213,EPG_L6_59381,Delta7_L2L1_83213,PB,18,EPG_L6,Delta7_L2L1,EPG,Delta7,0.03529411764705882,0.0,0.0,510.0,0.0,0.0
57712,83213,EPG_L6_57712,Delta7_L2L1_83213,PB,18,EPG_L6,Delta7_L2L1,EPG,Delta7,0.03529411764705882,0.0,0.0,510.0,0.0,0.0
60458,83213,EPG_L6_60458,Delta7_L2L1_83213,PB,18,EPG_L6,Delta7_L2L1,EPG,Delta7,0.03529411764705882,0.0,0.0,510.0,0.0,0.0
83722,83213,Delta7_L2L1_83722,Delta7_L2L1_83213,PB,16,Delta7_L2L1,Delta7_L2L1,Delta7,Delta7,0.03137254901960784,0.0,0.0,510.0,0.0,0.0
34199,83213,EPG_L5_34199,Delta7_L2L1_83213,PB,16,EPG_L5,Delta7_L2L1,EPG,Delta7,0.03137254901960784,0.0,0.0,510.0,0.0,0.0
86277,83213,Delta7_L6R3_86277,Delta7_L2L1_83213,PB,15,Delta7_L6R3,Delta7_L2L1,Delta7,Delta7,0.029411764705882353,0.0,0.0,510.0,0.0,0.0
84473,83213,Delta7_L2L1_84473,Delta7_L2L1_83213,PB,9,Delta7_L2L1,Delta7_L2L1,Delta7,Delta7,0.01764705882352941,0.0,0.0,510.0,0.0,0.0
75297,83213,Delta7_L5R4_75297,Delta7_L2L1_83213,PB,9,Delta7_L5R4,Delta7_L2L1,Delta7,Delta7,0.01764705882352941,0.0,0.0,510.0,0.0,0.0
75302,83213,Delta7_L5R4_75302,Delta7_L2L1_83213,PB,9,Delta7_L5R4,Delta7_L2L1,Delta7,Delta7,0.01764705882352941,0.0,0.0,510.0,0.0,0.0
84617,83213,Delta7_L6R3_84617,Delta7_L2L1_83213,PB,8,Delta7_L6R3,Delta7_L2L1,Delta7,Delta7,0.01568627450980392,0.0,0.0,510.0,0.0,0.0
35471,83213,EPG_L5_35471,Delta7_L2L1_83213,PB,8,EPG_L5,Delta7_L2L1,EPG,Delta7,0.01568627450980392,0.0,0.0,510.0,0.0,0.0
84466,83213,Delta7_L5R4_84466,Delta7_L2L1_83213,PB,8,Delta7_L5R4,Delta7_L2L1,Delta7,Delta7,0.01568627450980392,0.0,0.0,510.0,0.0,0.0
83232,83213,Delta7_L6R3_83232,Delta7_L2L1_83213,PB,7,Delta7_L6R3,Delta7_L2L1,Delta7,Delta7,0.013725490196078431,0.0,0.0,510.0,0.0,0.0
84500,83213,Delta7_L5R4_84500,Delta7_L2L1_83213,PB,6,Delta7_L5R4,Delta7_L2L1,Delta7,Delta7,0.011764705882352941,0.0,0.0,510.0,0.0,0.0
34187,83213,EPG_L5_34187,Delta7_L2L1_83213,PB,6,EPG_L5,Delta7_L2L1,EPG,Delta7,0.011764705882352941,0.0,0.0,510.0,0.0,0.0
84178,83213,Delta7_L2L1_84178,Delta7_L2L1_83213,PB,6,Delta7_L2L1,Delta7_L2L1,Delta7,Delta7,0.011764705882352941,0.0,0.0,510.0,0.0,0.0
47221,278343,mLNO__47221,PFN_L3_278343,NO,90,mLNO_,PFN_L3,mLNO_,PFN,0.0,0.0,0.2088167053364269,0.0,0.0,431.0
47221,42571,mLNO__47221,PFN_L5_42571,NO,78,mLNO_,PFN_L5,mLNO_,PFN,0.0,0.0,0.19117647058823528,0.0,0.0,408.0
83722,110806,Delta7_L2L1_83722,Delta7_L4R5_110806,PB,11,Delta7_L2L1,Delta7_L4R5,Delta7,Delta7,0.026570048309178744,0.0,0.0,414.0,0.0,0.0
83112,110806,Delta7_L4R5_83112,Delta7_L4R5_110806,PB,10,Delta7_L4R5,Delta7_L4R5,Delta7,Delta7,0.024154589371980676,0.0,0.0,414.0,0.0,0.0
55952,110806,EPG_L2_55952,Delta7_L4R5_110806,PB,8,EPG_L2,Delta7_L4R5,EPG,Delta7,0.01932367149758454,0.0,0.0,414.0,0.0,0.0
84303,110806,Delta7_L4R5_84303,Delta7_L4R5_110806,PB,7,Delta7_L4R5,Delta7_L4R5,Delta7,Delta7,0.016908212560386472,0.0,0.0,414.0,0.0,0.0
83213,110806,Delta7_L2L1_83213,Delta7_L4R5_110806,PB,7,Delta7_L2L1,Delta7_L4R5,Delta7,Delta7,0.016908212560386472,0.0,0.0,414.0,0.0,0.0
81522,110806,Delta7_L4R5_81522,Delta7_L4R5_110806,PB,7,Delta7_L4R5,Delta7_L4R5,Delta7,Delta7,0.016908212560386472,0.0,0.0,414.0,0.0,0.0
84354,110806,Delta7_L3R6_84354,Delta7_L4R5_110806,PB,6,Delta7_L3R6,Delta7_L4R5,Delta7,Delta7,0.014492753623188406,0.0,0.0,414.0,0.0,0.0
42181,110806,Delta7_L2L1_42181,Delta7_L4R5_110806,PB,6,Delta7_L2L1,Delta7_L4R5,Delta7,Delta7,0.014492753623188406,0.0,0.0,414.0,0.0,0.0
275963,57022,PFN_L3_275963,mLNO__57022,NO,8,PFN_L3,mLNO_,PFN,mLNO_,0.0,0.0,0.0213903743315508,0.0,0.0,374.0
74713,57022,PFN_L6_74713,mLNO__57022,NO,6,PFN_L6,mLNO_,PFN,mLNO_,0.0,0.0,0.016042780748663103,0.0,0.0,374.0
83213,55930,Delta7_L2L1_83213,PEG_L2_55930,PB,45,Delta7_L2L1,PEG_L2,Delta7,PEG,0.09911894273127753,0.0,0.0,454.0,0.0,0.0
42181,55930,Delta7_L2L1_42181,PEG_L2_55930,PB,38,Delta7_L2L1,PEG_L2,Delta7,PEG,0.08370044052863436,0.0,0.0,454.0,0.0,0.0
83722,55930,Delta7_L2L1_83722,PEG_L2_55930,PB,24,Delta7_L2L1,PEG_L2,Delta7,PEG,0.05286343612334802,0.0,0.0,454.0,0.0,0.0
84178,55930,Delta7_L2L1_84178,PEG_L2_55930,PB,24,Delta7_L2L1,PEG_L2,Delta7,PEG,0.05286343612334802,0.0,0.0,454.0,0.0,0.0
84473,55930,Delta7_L2L1_84473,PEG_L2_55930,PB,18,Delta7_L2L1,PEG_L2,Delta7,PEG,0.039647577092511016,0.0,0.0,454.0,0.0,0.0
55952,55930,EPG_L2_55952,PEG_L2_55930,PB,7,EPG_L2,PEG_L2,EPG,PEG,0.015418502202643172,0.0,0.0,454.0,0.0,0.0
84354,55930,Delta7_L3R6_84354,PEG_L2_55930,PB,7,Delta7_L3R6,PEG_L2,Delta7,PEG,0.015418502202643172,0.0,0.0,454.0,0.0,0.0
143024,62953,ER_L_LBU_143024,ER_L_LBU_62953,EB,8,ER_L_LBU,ER_L_LBU,LBU,LBU,0.0,0.026755852842809364,0.0,0.0,299.0,0.0
34187,84473,EPG_L5_34187,Delta7_L2L1_84473,PB,15,EPG_L5,Delta7_L2L1,EPG,Delta7,0.03184713375796178,0.0,0.0,471.0,0.0,0.0
83232,84473,Delta7_L6R3_83232,Delta7_L2L1_84473,PB,15,Delta7_L6R3,Delta7_L2L1,Delta7,Delta7,0.03184713375796178,0.0,0.0,471.0,0.0,0.0
57712,84473,EPG_L6_57712,Delta7_L2L1_84473,PB,14,EPG_L6,Delta7_L2L1,EPG,Delta7,0.029723991507430998,0.0,0.0,471.0,0.0,0.0
34199,84473,EPG_L5_34199,Delta7_L2L1_84473,PB,12,EPG_L5,Delta7_L2L1,EPG,Delta7,0.025477707006369428,0.0,0.0,471.0,0.0,0.0
84466,84473,Delta7_L5R4_84466,Delta7_L2L1_84473,PB,12,Delta7_L5R4,Delta7_L2L1,Delta7,Delta7,0.025477707006369428,0.0,0.0,471.0,0.0,0.0
83722,84473,Delta7_L2L1_83722,Delta7_L2L1_84473,PB,12,Delta7_L2L1,Delta7_L2L1,Delta7,Delta7,0.025477707006369428,0.0,0.0,471.0,0.0,0.0
59381,84473,EPG_L6_59381,Delta7_L2L1_84473,PB,9,EPG_L6,Delta7_L2L1,EPG,Delta7,0.01910828025477707,0.0,0.0,471.0,0.0,0.0
86277,84473,Delta7_L6R3_86277,Delta7_L2L1_84473,PB,9,Delta7_L6R3,Delta7_L2L1,Delta7,Delta7,0.01910828025477707,0.0,0.0,471.0,0.0,0.0
80994,84473,Delta7_L6R3_80994,Delta7_L2L1_84473,PB,9,Delta7_L6R3,Delta7_L2L1,Delta7,Delta7,0.01910828025477707,0.0,0.0,471.0,0.0,0.0
60458,84473,EPG_L6_60458,Delta7_L2L1_84473,PB,7,EPG_L6,Delta7_L2L1,EPG,Delta7,0.014861995753715499,0.0,0.0,471.0,0.0,0.0
110806,84473,Delta7_L4R5_110806,Delta7_L2L1_84473,PB,6,Delta7_L4R5,Delta7_L2L1,Delta7,Delta7,0.012738853503184714,0.0,0.0,471.0,0.0,0.0
84178,84473,Delta7_L2L1_84178,Delta7_L2L1_84473,PB,6,Delta7_L2L1,Delta7_L2L1,Delta7,Delta7,0.012738853503184714,0.0,0.0,471.0,0.0,0.0
42181,84473,Delta7_L2L1_42181,Delta7_L2L1_84473,PB,6,Delta7_L2L1,Delta7_L2L1,Delta7,Delta7,0.012738853503184714,0.0,0.0,471.0,0.0,0.0
84354,75326,Delta7_L3R6_84354,Delta7_L5R4_75326,PB,18,Delta7_L3R6,Delta7_L5R4,Delta7,Delta7,0.04326923076923077,0.0,0.0,416.0,0.0,0.0
84466,75326,Delta7_L5R4_84466,Delta7_L5R4_75326,PB,11,Delta7_L5R4,Delta7_L5R4,Delta7,Delta7,0.026442307692307692,0.0,0.0,416.0,0.0,0.0
84500,75326,Delta7_L5R4_84500,Delta7_L5R4_75326,PB,11,Delta7_L5R4,Delta7_L5R4,Delta7,Delta7,0.026442307692307692,0.0,0.0,416.0,0.0,0.0
57529,75326,EPG_L3_57529,Delta7_L5R4_75326,PB,10,EPG_L3,Delta7_L5R4,EPG,Delta7,0.02403846153846154,0.0,0.0,416.0,0.0,0.0
83722,75326,Delta7_L2L1_83722,Delta7_L5R4_75326,PB,10,Delta7_L2L1,Delta7_L5R4,Delta7,Delta7,0.02403846153846154,0.0,0.0,416.0,0.0,0.0
54939,75326,EPG_L3_54939,Delta7_L5R4_75326,PB,9,EPG_L3,Delta7_L5R4,EPG,Delta7,0.021634615384615384,0.0,0.0,416.0,0.0,0.0
83213,75326,Delta7_L2L1_83213,Delta7_L5R4_75326,PB,7,Delta7_L2L1,Delta7_L5R4,Delta7,Delta7,0.016826923076923076,0.0,0.0,416.0,0.0,0.0
57518,75326,EPG_L3_57518,Delta7_L5R4_75326,PB,6,EPG_L3,Delta7_L5R4,EPG,Delta7,0.014423076923076924,0.0,0.0,416.0,0.0,0.0
84631,81019,Delta7_L3R6_84631,Delta7_L8R1_81019,PB,23,Delta7_L3R6,Delta7_L8R1,Delta7,Delta7,0.0391156462585034,0.0,0.0,588.0,0.0,0.0
34228,81019,EPG_L4_34228,Delta7_L8R1_81019,PB,22,EPG_L4,Delta7_L8R1,EPG,Delta7,0.03741496598639456,0.0,0.0,588.0,0.0,0.0
54939,81019,EPG_L3_54939,Delta7_L8R1_81019,PB,18,EPG_L3,Delta7_L8R1,EPG,Delta7,0.030612244897959183,0.0,0.0,588.0,0.0,0.0
57518,81019,EPG_L3_57518,Delta7_L8R1_81019,PB,17,EPG_L3,Delta7_L8R1,EPG,Delta7,0.02891156462585034,0.0,0.0,588.0,0.0,0.0
84466,81019,Delta7_L5R4_84466,Delta7_L8R1_81019,PB,16,Delta7_L5R4,Delta7_L8R1,Delta7,Delta7,0.027210884353741496,0.0,0.0,588.0,0.0,0.0
83112,81019,Delta7_L4R5_83112,Delta7_L8R1_81019,PB,14,Delta7_L4R5,Delta7_L8R1,Delta7,Delta7,0.023809523809523808,0.0,0.0,588.0,0.0,0.0
57529,81019,EPG_L3_57529,Delta7_L8R1_81019,PB,14,EPG_L3,Delta7_L8R1,EPG,Delta7,0.023809523809523808,0.0,0.0,588.0,0.0,0.0
34199,81019,EPG_L5_34199,Delta7_L8R1_81019,PB,13,EPG_L5,Delta7_L8R1,EPG,Delta7,0.022108843537414966,0.0,0.0,588.0,0.0,0.0
35304,81019,EPG_L4_35304,Delta7_L8R1_81019,PB,13,EPG_L4,Delta7_L8R1,EPG,Delta7,0.022108843537414966,0.0,0.0,588.0,0.0,0.0
81527,81019,Delta7_L3R6_81527,Delta7_L8R1_81019,PB,12,Delta7_L3R6,Delta7_L8R1,Delta7,Delta7,0.02040816326530612,0.0,0.0,588.0,0.0,0.0
83722,81019,Delta7_L2L1_83722,Delta7_L8R1_81019,PB,11,Delta7_L2L1,Delta7_L8R1,Delta7,Delta7,0.01870748299319728,0.0,0.0,588.0,0.0,0.0
84354,81019,Delta7_L3R6_84354,Delta7_L8R1_81019,PB,11,Delta7_L3R6,Delta7_L8R1,Delta7,Delta7,0.01870748299319728,0.0,0.0,588.0,0.0,0.0
82632,81019,Delta7_L6R3_82632,Delta7_L8R1_81019,PB,11,Delta7_L6R3,Delta7_L8R1,Delta7,Delta7,0.01870748299319728,0.0,0.0,588.0,0.0,0.0
79852,81019,Delta7_L3R6_79852,Delta7_L8R1_81019,PB,10,Delta7_L3R6,Delta7_L8R1,Delta7,Delta7,0.017006802721088437,0.0,0.0,588.0,0.0,0.0
82590,81019,Delta7_L3R6_82590,Delta7_L8R1_81019,PB,10,Delta7_L3R6,Delta7_L8R1,Delta7,Delta7,0.017006802721088437,0.0,0.0,588.0,0.0,0.0
34187,81019,EPG_L5_34187,Delta7_L8R1_81019,PB,9,EPG_L5,Delta7_L8R1,EPG,Delta7,0.015306122448979591,0.0,0.0,588.0,0.0,0.0
57712,81019,EPG_L6_57712,Delta7_L8R1_81019,PB,9,EPG_L6,Delta7_L8R1,EPG,Delta7,0.015306122448979591,0.0,0.0,588.0,0.0,0.0
81522,81019,Delta7_L4R5_81522,Delta7_L8R1_81019,PB,8,Delta7_L4R5,Delta7_L8R1,Delta7,Delta7,0.013605442176870748,0.0,0.0,588.0,0.0,0.0
35471,81019,EPG_L5_35471,Delta7_L8R1_81019,PB,7,EPG_L5,Delta7_L8R1,EPG,Delta7,0.011904761904761904,0.0,0.0,588.0,0.0,0.0
34955,81019,EPG_L4_34955,Delta7_L8R1_81019,PB,7,EPG_L4,Delta7_L8R1,EPG,Delta7,0.011904761904761904,0.0,0.0,588.0,0.0,0.0
83239,81019,Delta7_L4R5_83239,Delta7_L8R1_81019,PB,7,Delta7_L4R5,Delta7_L8R1,Delta7,Delta7,0.011904761904761904,0.0,0.0,588.0,0.0,0.0
84500,81019,Delta7_L5R4_84500,Delta7_L8R1_81019,PB,6,Delta7_L5R4,Delta7_L8R1,Delta7,Delta7,0.01020408163265306,0.0,0.0,588.0,0.0,0.0
42351,117669,PFN_L5_42351,,NO,12,PFN_L5,,PFN,,0.0,0.0,0.028037383177570093,0.0,0.0,428.0
42681,117669,PFN_L5_42681,,NO,10,PFN_L5,,PFN,,0.0,0.0,0.02336448598130841,0.0,0.0,428.0
118141,117669,PFN_L9_118141,,NO,9,PFN_L9,,PFN,,0.0,0.0,0.02102803738317757,0.0,0.0,428.0
276680,117669,PFN_L2_276680,,NO,7,PFN_L2,,PFN,,0.0,0.0,0.016355140186915886,0.0,0.0,428.0
118175,117669,,,NO,6,,,,,0.0,0.0,0.014018691588785047,0.0,0.0,428.0
100353,117669,PFN_L8_100353,,NO,6,PFN_L8,,PFN,,0.0,0.0,0.014018691588785047,0.0,0.0,428.0
84303,83112,Delta7_L4R5_84303,Delta7_L4R5_83112,PB,8,Delta7_L4R5,Delta7_L4R5,Delta7,Delta7,0.025157232704402517,0.0,0.0,318.0,0.0,0.0
84354,83112,Delta7_L3R6_84354,Delta7_L4R5_83112,PB,7,Delta7_L3R6,Delta7_L4R5,Delta7,Delta7,0.0220125786163522,0.0,0.0,318.0,0.0,0.0
81522,83112,Delta7_L4R5_81522,Delta7_L4R5_83112,PB,7,Delta7_L4R5,Delta7_L4R5,Delta7,Delta7,0.0220125786163522,0.0,0.0,318.0,0.0,0.0
43279,117593,PFN_L4_43279,,NO,7,PFN_L4,,PFN,,0.0,0.0,0.01912568306010929,0.0,0.0,366.0
42274,117593,PFN_L5_42274,,NO,7,PFN_L5,,PFN,,0.0,0.0,0.01912568306010929,0.0,0.0,366.0
42681,117593,PFN_L5_42681,,NO,6,PFN_L5,,PFN,,0.0,0.0,0.01639344262295082,0.0,0.0,366.0
42729,117593,PFN_L4_42729,,NO,6,PFN_L4,,PFN,,0.0,0.0,0.01639344262295082,0.0,0.0,366.0
47215,35117,mLNO__47215,PFN_L4_35117,NO,63,mLNO_,PFN_L4,mLNO_,PFN,0.0,0.0,0.18475073313782991,0.0,0.0,341.0
47205,35117,PFN_L3_47205,PFN_L4_35117,NO,6,PFN_L3,PFN_L4,PFN,PFN,0.0,0.0,0.017595307917888565,0.0,0.0,341.0
83722,84354,Delta7_L2L1_83722,Delta7_L3R6_84354,PB,13,Delta7_L2L1,Delta7_L3R6,Delta7,Delta7,0.03571428571428571,0.0,0.0,364.0,0.0,0.0
83213,84354,Delta7_L2L1_83213,Delta7_L3R6_84354,PB,9,Delta7_L2L1,Delta7_L3R6,Delta7,Delta7,0.024725274725274724,0.0,0.0,364.0,0.0,0.0
81527,84354,Delta7_L3R6_81527,Delta7_L3R6_84354,PB,8,Delta7_L3R6,Delta7_L3R6,Delta7,Delta7,0.02197802197802198,0.0,0.0,364.0,0.0,0.0
81541,84354,Delta7_L3R6_81541,Delta7_L3R6_84354,PB,8,Delta7_L3R6,Delta7_L3R6,Delta7,Delta7,0.02197802197802198,0.0,0.0,364.0,0.0,0.0
82590,84354,Delta7_L3R6_82590,Delta7_L3R6_84354,PB,8,Delta7_L3R6,Delta7_L3R6,Delta7,Delta7,0.02197802197802198,0.0,0.0,364.0,0.0,0.0
83735,84354,Delta7_L7R2R10_83735,Delta7_L3R6_84354,PB,7,Delta7_L7R2R10,Delta7_L3R6,Delta7,Delta7,0.019230769230769232,0.0,0.0,364.0,0.0,0.0
84178,84354,Delta7_L2L1_84178,Delta7_L3R6_84354,PB,7,Delta7_L2L1,Delta7_L3R6,Delta7,Delta7,0.019230769230769232,0.0,0.0,364.0,0.0,0.0
84631,84354,Delta7_L3R6_84631,Delta7_L3R6_84354,PB,6,Delta7_L3R6,Delta7_L3R6,Delta7,Delta7,0.016483516483516484,0.0,0.0,364.0,0.0,0.0
47221,41871,mLNO__47221,PFN_L4_41871,NO,69,mLNO_,PFN_L4,mLNO_,PFN,0.0,0.0,0.1988472622478386,0.0,0.0,347.0
42403,60638,PFN_L5_42403,,NO,8,PFN_L5,,PFN,,0.0,0.0,0.024615384615384615,0.0,0.0,325.0
43279,60638,PFN_L4_43279,,NO,6,PFN_L4,,PFN,,0.0,0.0,0.018461538461538463,0.0,0.0,325.0
43298,60638,PFN_L4_43298,,NO,6,PFN_L4,,PFN,,0.0,0.0,0.018461538461538463,0.0,0.0,325.0
47215,35112,mLNO__47215,PFN_L4_35112,NO,54,mLNO_,PFN_L4,mLNO_,PFN,0.0,0.0,0.1592920353982301,0.0,0.0,339.0
34944,35112,PFN_L5_34944,PFN_L4_35112,NO,9,PFN_L5,PFN_L4,PFN,PFN,0.0,0.0,0.02654867256637168,0.0,0.0,339.0
47205,35112,PFN_L3_47205,PFN_L4_35112,NO,8,PFN_L3,PFN_L4,PFN,PFN,0.0,0.0,0.02359882005899705,0.0,0.0,339.0
35086,35112,PFN_L4_35086,PFN_L4_35112,NO,8,PFN_L4,PFN_L4,PFN,PFN,0.0,0.0,0.02359882005899705,0.0,0.0,339.0
82743,35112,PFN_L3_82743,PFN_L4_35112,NO,6,PFN_L3,PFN_L4,PFN,PFN,0.0,0.0,0.017699115044247787,0.0,0.0,339.0
34187,84178,EPG_L5_34187,Delta7_L2L1_84178,PB,11,EPG_L5,Delta7_L2L1,EPG,Delta7,0.03064066852367688,0.0,0.0,359.0,0.0,0.0
60458,84178,EPG_L6_60458,Delta7_L2L1_84178,PB,11,EPG_L6,Delta7_L2L1,EPG,Delta7,0.03064066852367688,0.0,0.0,359.0,0.0,0.0
35471,84178,EPG_L5_35471,Delta7_L2L1_84178,PB,9,EPG_L5,Delta7_L2L1,EPG,Delta7,0.025069637883008356,0.0,0.0,359.0,0.0,0.0
34199,84178,EPG_L5_34199,Delta7_L2L1_84178,PB,7,EPG_L5,Delta7_L2L1,EPG,Delta7,0.019498607242339833,0.0,0.0,359.0,0.0,0.0
86277,84178,Delta7_L6R3_86277,Delta7_L2L1_84178,PB,6,Delta7_L6R3,Delta7_L2L1,Delta7,Delta7,0.016713091922005572,0.0,0.0,359.0,0.0,0.0
57529,82595,EPG_L3_57529,Delta7_L7R2R10_82595,PB,25,EPG_L3,Delta7_L7R2R10,EPG,Delta7,0.05219206680584551,0.0,0.0,479.0,0.0,0.0
54939,82595,EPG_L3_54939,Delta7_L7R2R10_82595,PB,21,EPG_L3,Delta7_L7R2R10,EPG,Delta7,0.04384133611691023,0.0,0.0,479.0,0.0,0.0
81527,82595,Delta7_L3R6_81527,Delta7_L7R2R10_82595,PB,19,Delta7_L3R6,Delta7_L7R2R10,Delta7,Delta7,0.03966597077244259,0.0,0.0,479.0,0.0,0.0
82590,82595,Delta7_L3R6_82590,Delta7_L7R2R10_82595,PB,12,Delta7_L3R6,Delta7_L7R2R10,Delta7,Delta7,0.025052192066805846,0.0,0.0,479.0,0.0,0.0
84631,82595,Delta7_L3R6_84631,Delta7_L7R2R10_82595,PB,12,Delta7_L3R6,Delta7_L7R2R10,Delta7,Delta7,0.025052192066805846,0.0,0.0,479.0,0.0,0.0
83722,82595,Delta7_L2L1_83722,Delta7_L7R2R10_82595,PB,11,Delta7_L2L1,Delta7_L7R2R10,Delta7,Delta7,0.022964509394572025,0.0,0.0,479.0,0.0,0.0
84466,82595,Delta7_L5R4_84466,Delta7_L7R2R10_82595,PB,11,Delta7_L5R4,Delta7_L7R2R10,Delta7,Delta7,0.022964509394572025,0.0,0.0,479.0,0.0,0.0
35471,82595,EPG_L5_35471,Delta7_L7R2R10_82595,PB,10,EPG_L5,Delta7_L7R2R10,EPG,Delta7,0.020876826722338204,0.0,0.0,479.0,0.0,0.0
57518,82595,EPG_L3_57518,Delta7_L7R2R10_82595,PB,10,EPG_L3,Delta7_L7R2R10,EPG,Delta7,0.020876826722338204,0.0,0.0,479.0,0.0,0.0
75326,82595,Delta7_L5R4_75326,Delta7_L7R2R10_82595,PB,9,Delta7_L5R4,Delta7_L7R2R10,Delta7,Delta7,0.018789144050104383,0.0,0.0,479.0,0.0,0.0
34955,82595,EPG_L4_34955,Delta7_L7R2R10_82595,PB,9,EPG_L4,Delta7_L7R2R10,EPG,Delta7,0.018789144050104383,0.0,0.0,479.0,0.0,0.0
84178,82595,Delta7_L2L1_84178,Delta7_L7R2R10_82595,PB,8,Delta7_L2L1,Delta7_L7R2R10,Delta7,Delta7,0.016701461377870562,0.0,0.0,479.0,0.0,0.0
84500,82595,Delta7_L5R4_84500,Delta7_L7R2R10_82595,PB,7,Delta7_L5R4,Delta7_L7R2R10,Delta7,Delta7,0.014613778705636743,0.0,0.0,479.0,0.0,0.0
35304,82595,EPG_L4_35304,Delta7_L7R2R10_82595,PB,7,EPG_L4,Delta7_L7R2R10,EPG,Delta7,0.014613778705636743,0.0,0.0,479.0,0.0,0.0
79852,82595,Delta7_L3R6_79852,Delta7_L7R2R10_82595,PB,6,Delta7_L3R6,Delta7_L7R2R10,Delta7,Delta7,0.012526096033402923,0.0,0.0,479.0,0.0,0.0
84473,82595,Delta7_L2L1_84473,Delta7_L7R2R10_82595,PB,6,Delta7_L2L1,Delta7_L7R2R10,Delta7,Delta7,0.012526096033402923,0.0,0.0,479.0,0.0,0.0
83239,82595,Delta7_L4R5_83239,Delta7_L7R2R10_82595,PB,6,Delta7_L4R5,Delta7_L7R2R10,Delta7,Delta7,0.012526096033402923,0.0,0.0,479.0,0.0,0.0
84303,82595,Delta7_L4R5_84303,Delta7_L7R2R10_82595,PB,6,Delta7_L4R5,Delta7_L7R2R10,Delta7,Delta7,0.012526096033402923,0.0,0.0,479.0,0.0,0.0
83239,83698,Delta7_L4R5_83239,Delta7_L8R1_83698,PB,21,Delta7_L4R5,Delta7_L8R1,Delta7,Delta7,0.04183266932270916,0.0,0.0,502.0,0.0,0.0
82590,83698,Delta7_L3R6_82590,Delta7_L8R1_83698,PB,17,Delta7_L3R6,Delta7_L8R1,Delta7,Delta7,0.03386454183266932,0.0,0.0,502.0,0.0,0.0
34228,83698,EPG_L4_34228,Delta7_L8R1_83698,PB,16,EPG_L4,Delta7_L8R1,EPG,Delta7,0.03187250996015936,0.0,0.0,502.0,0.0,0.0
54939,83698,EPG_L3_54939,Delta7_L8R1_83698,PB,16,EPG_L3,Delta7_L8R1,EPG,Delta7,0.03187250996015936,0.0,0.0,502.0,0.0,0.0
81527,83698,Delta7_L3R6_81527,Delta7_L8R1_83698,PB,15,Delta7_L3R6,Delta7_L8R1,Delta7,Delta7,0.029880478087649404,0.0,0.0,502.0,0.0,0.0
57529,83698,EPG_L3_57529,Delta7_L8R1_83698,PB,13,EPG_L3,Delta7_L8R1,EPG,Delta7,0.025896414342629483,0.0,0.0,502.0,0.0,0.0
57518,83698,EPG_L3_57518,Delta7_L8R1_83698,PB,13,EPG_L3,Delta7_L8R1,EPG,Delta7,0.025896414342629483,0.0,0.0,502.0,0.0,0.0
35471,83698,EPG_L5_35471,Delta7_L8R1_83698,PB,12,EPG_L5,Delta7_L8R1,EPG,Delta7,0.02390438247011952,0.0,0.0,502.0,0.0,0.0
34199,83698,EPG_L5_34199,Delta7_L8R1_83698,PB,11,EPG_L5,Delta7_L8R1,EPG,Delta7,0.021912350597609563,0.0,0.0,502.0,0.0,0.0
35304,83698,EPG_L4_35304,Delta7_L8R1_83698,PB,11,EPG_L4,Delta7_L8R1,EPG,Delta7,0.021912350597609563,0.0,0.0,502.0,0.0,0.0
81541,83698,Delta7_L3R6_81541,Delta7_L8R1_83698,PB,11,Delta7_L3R6,Delta7_L8R1,Delta7,Delta7,0.021912350597609563,0.0,0.0,502.0,0.0,0.0
83722,83698,Delta7_L2L1_83722,Delta7_L8R1_83698,PB,10,Delta7_L2L1,Delta7_L8R1,Delta7,Delta7,0.0199203187250996,0.0,0.0,502.0,0.0,0.0
81522,83698,Delta7_L4R5_81522,Delta7_L8R1_83698,PB,10,Delta7_L4R5,Delta7_L8R1,Delta7,Delta7,0.0199203187250996,0.0,0.0,502.0,0.0,0.0
84631,83698,Delta7_L3R6_84631,Delta7_L8R1_83698,PB,8,Delta7_L3R6,Delta7_L8R1,Delta7,Delta7,0.01593625498007968,0.0,0.0,502.0,0.0,0.0
34187,83698,EPG_L5_34187,Delta7_L8R1_83698,PB,8,EPG_L5,Delta7_L8R1,EPG,Delta7,0.01593625498007968,0.0,0.0,502.0,0.0,0.0
84466,83698,Delta7_L5R4_84466,Delta7_L8R1_83698,PB,7,Delta7_L5R4,Delta7_L8R1,Delta7,Delta7,0.013944223107569721,0.0,0.0,502.0,0.0,0.0
83213,83698,Delta7_L2L1_83213,Delta7_L8R1_83698,PB,7,Delta7_L2L1,Delta7_L8R1,Delta7,Delta7,0.013944223107569721,0.0,0.0,502.0,0.0,0.0
57712,83698,EPG_L6_57712,Delta7_L8R1_83698,PB,6,EPG_L6,Delta7_L8R1,EPG,Delta7,0.01195219123505976,0.0,0.0,502.0,0.0,0.0
83112,83698,Delta7_L4R5_83112,Delta7_L8R1_83698,PB,6,Delta7_L4R5,Delta7_L8R1,Delta7,Delta7,0.01195219123505976,0.0,0.0,502.0,0.0,0.0
86277,83698,Delta7_L6R3_86277,Delta7_L8R1_83698,PB,6,Delta7_L6R3,Delta7_L8R1,Delta7,Delta7,0.01195219123505976,0.0,0.0,502.0,0.0,0.0
110806,83698,Delta7_L4R5_110806,Delta7_L8R1_83698,PB,6,Delta7_L4R5,Delta7_L8R1,Delta7,Delta7,0.01195219123505976,0.0,0.0,502.0,0.0,0.0
47215,35086,mLNO__47215,PFN_L4_35086,NO,74,mLNO_,PFN_L4,mLNO_,PFN,0.0,0.0,0.2132564841498559,0.0,0.0,347.0
34937,35086,PFN_L5_34937,PFN_L4_35086,NO,9,PFN_L5,PFN_L4,PFN,PFN,0.0,0.0,0.025936599423631124,0.0,0.0,347.0
82743,35086,PFN_L3_82743,PFN_L4_35086,NO,7,PFN_L3,PFN_L4,PFN,PFN,0.0,0.0,0.020172910662824207,0.0,0.0,347.0
34949,35086,PFN_L4_34949,PFN_L4_35086,NO,7,PFN_L4,PFN_L4,PFN,PFN,0.0,0.0,0.020172910662824207,0.0,0.0,347.0
35471,82977,EPG_L5_35471,Delta7_L1L9_82977,PB,24,EPG_L5,Delta7_L1L9,EPG,Delta7,0.04838709677419355,0.0,0.0,496.0,0.0,0.0
35304,82977,EPG_L4_35304,Delta7_L1L9_82977,PB,17,EPG_L4,Delta7_L1L9,EPG,Delta7,0.034274193548387094,0.0,0.0,496.0,0.0,0.0
60458,82977,EPG_L6_60458,Delta7_L1L9_82977,PB,17,EPG_L6,Delta7_L1L9,EPG,Delta7,0.034274193548387094,0.0,0.0,496.0,0.0,0.0
34199,82977,EPG_L5_34199,Delta7_L1L9_82977,PB,17,EPG_L5,Delta7_L1L9,EPG,Delta7,0.034274193548387094,0.0,0.0,496.0,0.0,0.0
34955,82977,EPG_L4_34955,Delta7_L1L9_82977,PB,14,EPG_L4,Delta7_L1L9,EPG,Delta7,0.028225806451612902,0.0,0.0,496.0,0.0,0.0
34187,82977,EPG_L5_34187,Delta7_L1L9_82977,PB,13,EPG_L5,Delta7_L1L9,EPG,Delta7,0.02620967741935484,0.0,0.0,496.0,0.0,0.0
59381,82977,EPG_L6_59381,Delta7_L1L9_82977,PB,11,EPG_L6,Delta7_L1L9,EPG,Delta7,0.02217741935483871,0.0,0.0,496.0,0.0,0.0
83239,82977,Delta7_L4R5_83239,Delta7_L1L9_82977,PB,10,Delta7_L4R5,Delta7_L1L9,Delta7,Delta7,0.020161290322580645,0.0,0.0,496.0,0.0,0.0
34228,82977,EPG_L4_34228,Delta7_L1L9_82977,PB,10,EPG_L4,Delta7_L1L9,EPG,Delta7,0.020161290322580645,0.0,0.0,496.0,0.0,0.0
57712,82977,EPG_L6_57712,Delta7_L1L9_82977,PB,9,EPG_L6,Delta7_L1L9,EPG,Delta7,0.018145161290322582,0.0,0.0,496.0,0.0,0.0
84466,82977,Delta7_L5R4_84466,Delta7_L1L9_82977,PB,9,Delta7_L5R4,Delta7_L1L9,Delta7,Delta7,0.018145161290322582,0.0,0.0,496.0,0.0,0.0
82632,82977,Delta7_L6R3_82632,Delta7_L1L9_82977,PB,8,Delta7_L6R3,Delta7_L1L9,Delta7,Delta7,0.016129032258064516,0.0,0.0,496.0,0.0,0.0
81522,82977,Delta7_L4R5_81522,Delta7_L1L9_82977,PB,8,Delta7_L4R5,Delta7_L1L9,Delta7,Delta7,0.016129032258064516,0.0,0.0,496.0,0.0,0.0
75302,82977,Delta7_L5R4_75302,Delta7_L1L9_82977,PB,8,Delta7_L5R4,Delta7_L1L9,Delta7,Delta7,0.016129032258064516,0.0,0.0,496.0,0.0,0.0
82590,82977,Delta7_L3R6_82590,Delta7_L1L9_82977,PB,8,Delta7_L3R6,Delta7_L1L9,Delta7,Delta7,0.016129032258064516,0.0,0.0,496.0,0.0,0.0
84500,82977,Delta7_L5R4_84500,Delta7_L1L9_82977,PB,7,Delta7_L5R4,Delta7_L1L9,Delta7,Delta7,0.014112903225806451,0.0,0.0,496.0,0.0,0.0
54939,82977,EPG_L3_54939,Delta7_L1L9_82977,PB,7,EPG_L3,Delta7_L1L9,EPG,Delta7,0.014112903225806451,0.0,0.0,496.0,0.0,0.0
75297,82977,Delta7_L5R4_75297,Delta7_L1L9_82977,PB,6,Delta7_L5R4,Delta7_L1L9,Delta7,Delta7,0.012096774193548387,0.0,0.0,496.0,0.0,0.0
82595,82977,Delta7_L7R2R10_82595,Delta7_L1L9_82977,PB,6,Delta7_L7R2R10,Delta7_L1L9,Delta7,Delta7,0.012096774193548387,0.0,0.0,496.0,0.0,0.0
80994,82977,Delta7_L6R3_80994,Delta7_L1L9_82977,PB,6,Delta7_L6R3,Delta7_L1L9,Delta7,Delta7,0.012096774193548387,0.0,0.0,496.0,0.0,0.0
86277,82977,Delta7_L6R3_86277,Delta7_L1L9_82977,PB,6,Delta7_L6R3,Delta7_L1L9,Delta7,Delta7,0.012096774193548387,0.0,0.0,496.0,0.0,0.0
60458,84275,EPG_L6_60458,Delta7_L1L9_84275,PB,23,EPG_L6,Delta7_L1L9,EPG,Delta7,0.043726235741444866,0.0,0.0,526.0,0.0,0.0
59381,84275,EPG_L6_59381,Delta7_L1L9_84275,PB,23,EPG_L6,Delta7_L1L9,EPG,Delta7,0.043726235741444866,0.0,0.0,526.0,0.0,0.0
84466,84275,Delta7_L5R4_84466,Delta7_L1L9_84275,PB,20,Delta7_L5R4,Delta7_L1L9,Delta7,Delta7,0.03802281368821293,0.0,0.0,526.0,0.0,0.0
35304,84275,EPG_L4_35304,Delta7_L1L9_84275,PB,19,EPG_L4,Delta7_L1L9,EPG,Delta7,0.03612167300380228,0.0,0.0,526.0,0.0,0.0
34187,84275,EPG_L5_34187,Delta7_L1L9_84275,PB,19,EPG_L5,Delta7_L1L9,EPG,Delta7,0.03612167300380228,0.0,0.0,526.0,0.0,0.0
34955,84275,EPG_L4_34955,Delta7_L1L9_84275,PB,17,EPG_L4,Delta7_L1L9,EPG,Delta7,0.03231939163498099,0.0,0.0,526.0,0.0,0.0
80994,84275,Delta7_L6R3_80994,Delta7_L1L9_84275,PB,13,Delta7_L6R3,Delta7_L1L9,Delta7,Delta7,0.024714828897338403,0.0,0.0,526.0,0.0,0.0
34199,84275,EPG_L5_34199,Delta7_L1L9_84275,PB,13,EPG_L5,Delta7_L1L9,EPG,Delta7,0.024714828897338403,0.0,0.0,526.0,0.0,0.0
34228,84275,EPG_L4_34228,Delta7_L1L9_84275,PB,11,EPG_L4,Delta7_L1L9,EPG,Delta7,0.02091254752851711,0.0,0.0,526.0,0.0,0.0
75297,84275,Delta7_L5R4_75297,Delta7_L1L9_84275,PB,11,Delta7_L5R4,Delta7_L1L9,Delta7,Delta7,0.02091254752851711,0.0,0.0,526.0,0.0,0.0
35471,84275,EPG_L5_35471,Delta7_L1L9_84275,PB,11,EPG_L5,Delta7_L1L9,EPG,Delta7,0.02091254752851711,0.0,0.0,526.0,0.0,0.0
82632,84275,Delta7_L6R3_82632,Delta7_L1L9_84275,PB,11,Delta7_L6R3,Delta7_L1L9,Delta7,Delta7,0.02091254752851711,0.0,0.0,526.0,0.0,0.0
110806,84275,Delta7_L4R5_110806,Delta7_L1L9_84275,PB,10,Delta7_L4R5,Delta7_L1L9,Delta7,Delta7,0.019011406844106463,0.0,0.0,526.0,0.0,0.0
57712,84275,EPG_L6_57712,Delta7_L1L9_84275,PB,10,EPG_L6,Delta7_L1L9,EPG,Delta7,0.019011406844106463,0.0,0.0,526.0,0.0,0.0
81522,84275,Delta7_L4R5_81522,Delta7_L1L9_84275,PB,9,Delta7_L4R5,Delta7_L1L9,Delta7,Delta7,0.017110266159695818,0.0,0.0,526.0,0.0,0.0
83112,84275,Delta7_L4R5_83112,Delta7_L1L9_84275,PB,8,Delta7_L4R5,Delta7_L1L9,Delta7,Delta7,0.015209125475285171,0.0,0.0,526.0,0.0,0.0
83239,84275,Delta7_L4R5_83239,Delta7_L1L9_84275,PB,7,Delta7_L4R5,Delta7_L1L9,Delta7,Delta7,0.013307984790874524,0.0,0.0,526.0,0.0,0.0
75302,84275,Delta7_L5R4_75302,Delta7_L1L9_84275,PB,6,Delta7_L5R4,Delta7_L1L9,Delta7,Delta7,0.011406844106463879,0.0,0.0,526.0,0.0,0.0
84500,84275,Delta7_L5R4_84500,Delta7_L1L9_84275,PB,6,Delta7_L5R4,Delta7_L1L9,Delta7,Delta7,0.011406844106463879,0.0,0.0,526.0,0.0,0.0
86277,84275,Delta7_L6R3_86277,Delta7_L1L9_84275,PB,6,Delta7_L6R3,Delta7_L1L9,Delta7,Delta7,0.011406844106463879,0.0,0.0,526.0,0.0,0.0
62456,84275,EPG_L7_62456,Delta7_L1L9_84275,PB,6,EPG_L7,Delta7_L1L9,EPG,Delta7,0.011406844106463879,0.0,0.0,526.0,0.0,0.0
43279,57784,PFN_L4_43279,,NO,8,PFN_L4,,PFN,,0.0,0.0,0.025477707006369428,0.0,0.0,314.0
278710,57784,PFN_L3_278710,,NO,6,PFN_L3,,PFN,,0.0,0.0,0.01910828025477707,0.0,0.0,314.0
46932,57784,PFN_L3_46932,,NO,6,PFN_L3,,PFN,,0.0,0.0,0.01910828025477707,0.0,0.0,314.0
84354,84265,Delta7_L3R6_84354,Delta7_L8R1_84265,PB,17,Delta7_L3R6,Delta7_L8R1,Delta7,Delta7,0.03926096997690531,0.0,0.0,433.0,0.0,0.0
54939,84265,EPG_L3_54939,Delta7_L8R1_84265,PB,15,EPG_L3,Delta7_L8R1,EPG,Delta7,0.03464203233256351,0.0,0.0,433.0,0.0,0.0
79852,84265,Delta7_L3R6_79852,Delta7_L8R1_84265,PB,15,Delta7_L3R6,Delta7_L8R1,Delta7,Delta7,0.03464203233256351,0.0,0.0,433.0,0.0,0.0
57529,84265,EPG_L3_57529,Delta7_L8R1_84265,PB,13,EPG_L3,Delta7_L8R1,EPG,Delta7,0.03002309468822171,0.0,0.0,433.0,0.0,0.0
82590,84265,Delta7_L3R6_82590,Delta7_L8R1_84265,PB,13,Delta7_L3R6,Delta7_L8R1,Delta7,Delta7,0.03002309468822171,0.0,0.0,433.0,0.0,0.0
81541,84265,Delta7_L3R6_81541,Delta7_L8R1_84265,PB,11,Delta7_L3R6,Delta7_L8R1,Delta7,Delta7,0.025404157043879907,0.0,0.0,433.0,0.0,0.0
57518,84265,EPG_L3_57518,Delta7_L8R1_84265,PB,10,EPG_L3,Delta7_L8R1,EPG,Delta7,0.023094688221709007,0.0,0.0,433.0,0.0,0.0
34228,84265,EPG_L4_34228,Delta7_L8R1_84265,PB,9,EPG_L4,Delta7_L8R1,EPG,Delta7,0.020785219399538105,0.0,0.0,433.0,0.0,0.0
84631,84265,Delta7_L3R6_84631,Delta7_L8R1_84265,PB,9,Delta7_L3R6,Delta7_L8R1,Delta7,Delta7,0.020785219399538105,0.0,0.0,433.0,0.0,0.0
84473,84265,Delta7_L2L1_84473,Delta7_L8R1_84265,PB,9,Delta7_L2L1,Delta7_L8R1,Delta7,Delta7,0.020785219399538105,0.0,0.0,433.0,0.0,0.0
83112,84265,Delta7_L4R5_83112,Delta7_L8R1_84265,PB,8,Delta7_L4R5,Delta7_L8R1,Delta7,Delta7,0.018475750577367205,0.0,0.0,433.0,0.0,0.0
35304,84265,EPG_L4_35304,Delta7_L8R1_84265,PB,7,EPG_L4,Delta7_L8R1,EPG,Delta7,0.016166281755196306,0.0,0.0,433.0,0.0,0.0
83722,84265,Delta7_L2L1_83722,Delta7_L8R1_84265,PB,7,Delta7_L2L1,Delta7_L8R1,Delta7,Delta7,0.016166281755196306,0.0,0.0,433.0,0.0,0.0
75297,84265,Delta7_L5R4_75297,Delta7_L8R1_84265,PB,6,Delta7_L5R4,Delta7_L8R1,Delta7,Delta7,0.013856812933025405,0.0,0.0,433.0,0.0,0.0
81522,84265,Delta7_L4R5_81522,Delta7_L8R1_84265,PB,6,Delta7_L4R5,Delta7_L8R1,Delta7,Delta7,0.013856812933025405,0.0,0.0,433.0,0.0,0.0
43270,42681,,PFN_L5_42681,NO,35,,PFN_L5,,PFN,0.0,0.0,0.0938337801608579,0.0,0.0,373.0
60627,42681,,PFN_L5_42681,NO,17,,PFN_L5,,PFN,0.0,0.0,0.045576407506702415,0.0,0.0,373.0
57784,42681,,PFN_L5_42681,NO,15,,PFN_L5,,PFN,0.0,0.0,0.040214477211796246,0.0,0.0,373.0
60632,42681,,PFN_L5_42681,NO,13,,PFN_L5,,PFN,0.0,0.0,0.03485254691689008,0.0,0.0,373.0
117593,42681,,PFN_L5_42681,NO,9,,PFN_L5,,PFN,0.0,0.0,0.024128686327077747,0.0,0.0,373.0
118468,42681,,PFN_L5_42681,NO,8,,PFN_L5,,PFN,0.0,0.0,0.021447721179624665,0.0,0.0,373.0
117669,42681,,PFN_L5_42681,NO,8,,PFN_L5,,PFN,0.0,0.0,0.021447721179624665,0.0,0.0,373.0
60566,42681,,PFN_L5_42681,NO,6,,PFN_L5,,PFN,0.0,0.0,0.0160857908847185,0.0,0.0,373.0
54939,142037,EPG_L3_54939,ER_L_LBU_142037,EB,6,EPG_L3,ER_L_LBU,EPG,LBU,0.0,0.028037383177570093,0.0,0.0,214.0,0.0
47221,217207,mLNO__47221,PFN_L4_217207,NO,46,mLNO_,PFN_L4,mLNO_,PFN,0.0,0.0,0.16487455197132617,0.0,0.0,279.0
84466,81014,Delta7_L5R4_84466,Delta7_L1L9_81014,PB,15,Delta7_L5R4,Delta7_L1L9,Delta7,Delta7,0.04065040650406504,0.0,0.0,369.0,0.0,0.0
34187,81014,EPG_L5_34187,Delta7_L1L9_81014,PB,14,EPG_L5,Delta7_L1L9,EPG,Delta7,0.037940379403794036,0.0,0.0,369.0,0.0,0.0
34199,81014,EPG_L5_34199,Delta7_L1L9_81014,PB,14,EPG_L5,Delta7_L1L9,EPG,Delta7,0.037940379403794036,0.0,0.0,369.0,0.0,0.0
35471,81014,EPG_L5_35471,Delta7_L1L9_81014,PB,11,EPG_L5,Delta7_L1L9,EPG,Delta7,0.02981029810298103,0.0,0.0,369.0,0.0,0.0
54939,81014,EPG_L3_54939,Delta7_L1L9_81014,PB,10,EPG_L3,Delta7_L1L9,EPG,Delta7,0.02710027100271003,0.0,0.0,369.0,0.0,0.0
84500,81014,Delta7_L5R4_84500,Delta7_L1L9_81014,PB,8,Delta7_L5R4,Delta7_L1L9,Delta7,Delta7,0.02168021680216802,0.0,0.0,369.0,0.0,0.0
82590,81014,Delta7_L3R6_82590,Delta7_L1L9_81014,PB,8,Delta7_L3R6,Delta7_L1L9,Delta7,Delta7,0.02168021680216802,0.0,0.0,369.0,0.0,0.0
59381,81014,EPG_L6_59381,Delta7_L1L9_81014,PB,7,EPG_L6,Delta7_L1L9,EPG,Delta7,0.018970189701897018,0.0,0.0,369.0,0.0,0.0
57518,81014,EPG_L3_57518,Delta7_L1L9_81014,PB,7,EPG_L3,Delta7_L1L9,EPG,Delta7,0.018970189701897018,0.0,0.0,369.0,0.0,0.0
35304,81014,EPG_L4_35304,Delta7_L1L9_81014,PB,7,EPG_L4,Delta7_L1L9,EPG,Delta7,0.018970189701897018,0.0,0.0,369.0,0.0,0.0
75302,81014,Delta7_L5R4_75302,Delta7_L1L9_81014,PB,7,Delta7_L5R4,Delta7_L1L9,Delta7,Delta7,0.018970189701897018,0.0,0.0,369.0,0.0,0.0
57712,81014,EPG_L6_57712,Delta7_L1L9_81014,PB,6,EPG_L6,Delta7_L1L9,EPG,Delta7,0.016260162601626018,0.0,0.0,369.0,0.0,0.0
84631,81014,Delta7_L3R6_84631,Delta7_L1L9_81014,PB,6,Delta7_L3R6,Delta7_L1L9,Delta7,Delta7,0.016260162601626018,0.0,0.0,369.0,0.0,0.0
83112,81014,Delta7_L4R5_83112,Delta7_L1L9_81014,PB,6,Delta7_L4R5,Delta7_L1L9,Delta7,Delta7,0.016260162601626018,0.0,0.0,369.0,0.0,0.0
60458,81014,EPG_L6_60458,Delta7_L1L9_81014,PB,6,EPG_L6,Delta7_L1L9,EPG,Delta7,0.016260162601626018,0.0,0.0,369.0,0.0,0.0
83722,42181,Delta7_L2L1_83722,Delta7_L2L1_42181,PB,12,Delta7_L2L1,Delta7_L2L1,Delta7,Delta7,0.038834951456310676,0.0,0.0,309.0,0.0,0.0
86277,42181,Delta7_L6R3_86277,Delta7_L2L1_42181,PB,10,Delta7_L6R3,Delta7_L2L1,Delta7,Delta7,0.032362459546925564,0.0,0.0,309.0,0.0,0.0
62456,42181,EPG_L7_62456,Delta7_L2L1_42181,PB,8,EPG_L7,Delta7_L2L1,EPG,Delta7,0.025889967637540454,0.0,0.0,309.0,0.0,0.0
60458,42181,EPG_L6_60458,Delta7_L2L1_42181,PB,8,EPG_L6,Delta7_L2L1,EPG,Delta7,0.025889967637540454,0.0,0.0,309.0,0.0,0.0
59381,42181,EPG_L6_59381,Delta7_L2L1_42181,PB,8,EPG_L6,Delta7_L2L1,EPG,Delta7,0.025889967637540454,0.0,0.0,309.0,0.0,0.0
83213,42181,Delta7_L2L1_83213,Delta7_L2L1_42181,PB,6,Delta7_L2L1,Delta7_L2L1,Delta7,Delta7,0.019417475728155338,0.0,0.0,309.0,0.0,0.0
75297,42181,Delta7_L5R4_75297,Delta7_L2L1_42181,PB,6,Delta7_L5R4,Delta7_L2L1,Delta7,Delta7,0.019417475728155338,0.0,0.0,309.0,0.0,0.0
84178,42181,Delta7_L2L1_84178,Delta7_L2L1_42181,PB,6,Delta7_L2L1,Delta7_L2L1,Delta7,Delta7,0.019417475728155338,0.0,0.0,309.0,0.0,0.0
47221,43303,mLNO__47221,PFN_L4_43303,NO,28,mLNO_,PFN_L4,mLNO_,PFN,0.0,0.0,0.11522633744855967,0.0,0.0,243.0
47221,42058,mLNO__47221,PFN_L4_42058,NO,49,mLNO_,PFN_L4,mLNO_,PFN,0.0,0.0,0.17753623188405798,0.0,0.0,276.0
47215,34949,mLNO__47215,PFN_L4_34949,NO,49,mLNO_,PFN_L4,mLNO_,PFN,0.0,0.0,0.18490566037735848,0.0,0.0,265.0
47221,43346,mLNO__47221,PFN_L4_43346,NO,47,mLNO_,PFN_L4,mLNO_,PFN,0.0,0.0,0.17472118959107807,0.0,0.0,269.0
47221,42127,mLNO__47221,PFN_L4_42127,NO,31,mLNO_,PFN_L4,mLNO_,PFN,0.0,0.0,0.12550607287449392,0.0,0.0,247.0
47221,42264,mLNO__47221,PFN_L5_42264,NO,58,mLNO_,PFN_L5,mLNO_,PFN,0.0,0.0,0.21014492753623187,0.0,0.0,276.0
34228,81004,EPG_L4_34228,Delta7_L1L9_81004,PB,18,EPG_L4,Delta7_L1L9,EPG,Delta7,0.04534005037783375,0.0,0.0,397.0,0.0,0.0
34187,81004,EPG_L5_34187,Delta7_L1L9_81004,PB,16,EPG_L5,Delta7_L1L9,EPG,Delta7,0.04030226700251889,0.0,0.0,397.0,0.0,0.0
57712,81004,EPG_L6_57712,Delta7_L1L9_81004,PB,16,EPG_L6,Delta7_L1L9,EPG,Delta7,0.04030226700251889,0.0,0.0,397.0,0.0,0.0
75297,81004,Delta7_L5R4_75297,Delta7_L1L9_81004,PB,12,Delta7_L5R4,Delta7_L1L9,Delta7,Delta7,0.030226700251889168,0.0,0.0,397.0,0.0,0.0
60458,81004,EPG_L6_60458,Delta7_L1L9_81004,PB,12,EPG_L6,Delta7_L1L9,EPG,Delta7,0.030226700251889168,0.0,0.0,397.0,0.0,0.0
35471,81004,EPG_L5_35471,Delta7_L1L9_81004,PB,12,EPG_L5,Delta7_L1L9,EPG,Delta7,0.030226700251889168,0.0,0.0,397.0,0.0,0.0
35304,81004,EPG_L4_35304,Delta7_L1L9_81004,PB,12,EPG_L4,Delta7_L1L9,EPG,Delta7,0.030226700251889168,0.0,0.0,397.0,0.0,0.0
84617,81004,Delta7_L6R3_84617,Delta7_L1L9_81004,PB,11,Delta7_L6R3,Delta7_L1L9,Delta7,Delta7,0.027707808564231738,0.0,0.0,397.0,0.0,0.0
34199,81004,EPG_L5_34199,Delta7_L1L9_81004,PB,10,EPG_L5,Delta7_L1L9,EPG,Delta7,0.02518891687657431,0.0,0.0,397.0,0.0,0.0
84466,81004,Delta7_L5R4_84466,Delta7_L1L9_81004,PB,8,Delta7_L5R4,Delta7_L1L9,Delta7,Delta7,0.020151133501259445,0.0,0.0,397.0,0.0,0.0
75302,81004,Delta7_L5R4_75302,Delta7_L1L9_81004,PB,6,Delta7_L5R4,Delta7_L1L9,Delta7,Delta7,0.015113350125944584,0.0,0.0,397.0,0.0,0.0
86277,81004,Delta7_L6R3_86277,Delta7_L1L9_81004,PB,6,Delta7_L6R3,Delta7_L1L9,Delta7,Delta7,0.015113350125944584,0.0,0.0,397.0,0.0,0.0
80994,81004,Delta7_L6R3_80994,Delta7_L1L9_81004,PB,6,Delta7_L6R3,Delta7_L1L9,Delta7,Delta7,0.015113350125944584,0.0,0.0,397.0,0.0,0.0
34955,81004,EPG_L4_34955,Delta7_L1L9_81004,PB,6,EPG_L4,Delta7_L1L9,EPG,Delta7,0.015113350125944584,0.0,0.0,397.0,0.0,0.0
84500,81004,Delta7_L5R4_84500,Delta7_L1L9_81004,PB,6,Delta7_L5R4,Delta7_L1L9,Delta7,Delta7,0.015113350125944584,0.0,0.0,397.0,0.0,0.0
47221,43309,mLNO__47221,PFN_L4_43309,NO,36,mLNO_,PFN_L4,mLNO_,PFN,0.0,0.0,0.1422924901185771,0.0,0.0,253.0
47221,44618,mLNO__47221,PFN_L4_44618,NO,66,mLNO_,PFN_L4,mLNO_,PFN,0.0,0.0,0.2214765100671141,0.0,0.0,298.0
42264,44618,PFN_L5_42264,PFN_L4_44618,NO,6,PFN_L5,PFN_L4,PFN,PFN,0.0,0.0,0.020134228187919462,0.0,0.0,298.0
47221,278292,mLNO__47221,PFN_L3_278292,NO,60,mLNO_,PFN_L3,mLNO_,PFN,0.0,0.0,0.21505376344086022,0.0,0.0,279.0
83722,55944,Delta7_L2L1_83722,EPG_L2_55944,PB,54,Delta7_L2L1,EPG_L2,Delta7,EPG,0.13075060532687652,0.0,0.0,413.0,0.0,0.0
84473,55944,Delta7_L2L1_84473,EPG_L2_55944,PB,41,Delta7_L2L1,EPG_L2,Delta7,EPG,0.09927360774818401,0.0,0.0,413.0,0.0,0.0
84178,55944,Delta7_L2L1_84178,EPG_L2_55944,PB,38,Delta7_L2L1,EPG_L2,Delta7,EPG,0.09200968523002422,0.0,0.0,413.0,0.0,0.0
42181,55944,Delta7_L2L1_42181,EPG_L2_55944,PB,38,Delta7_L2L1,EPG_L2,Delta7,EPG,0.09200968523002422,0.0,0.0,413.0,0.0,0.0
83213,55944,Delta7_L2L1_83213,EPG_L2_55944,PB,35,Delta7_L2L1,EPG_L2,Delta7,EPG,0.0847457627118644,0.0,0.0,413.0,0.0,0.0
84354,55944,Delta7_L3R6_84354,EPG_L2_55944,PB,19,Delta7_L3R6,EPG_L2,Delta7,EPG,0.04600484261501211,0.0,0.0,413.0,0.0,0.0
47221,217149,mLNO__47221,PFN_L4_217149,NO,35,mLNO_,PFN_L4,mLNO_,PFN,0.0,0.0,0.1377952755905512,0.0,0.0,254.0
55952,81522,EPG_L2_55952,Delta7_L4R5_81522,PB,8,EPG_L2,Delta7_L4R5,EPG,Delta7,0.035555555555555556,0.0,0.0,225.0,0.0,0.0
42181,81522,Delta7_L2L1_42181,Delta7_L4R5_81522,PB,6,Delta7_L2L1,Delta7_L4R5,Delta7,Delta7,0.02666666666666667,0.0,0.0,225.0,0.0,0.0
47221,43479,mLNO__47221,PFN_L4_43479,NO,28,mLNO_,PFN_L4,mLNO_,PFN,0.0,0.0,0.125,0.0,0.0,224.0
47221,42284,mLNO__47221,PFN_L5_42284,NO,46,mLNO_,PFN_L5,mLNO_,PFN,0.0,0.0,0.1885245901639344,0.0,0.0,244.0
47215,34937,mLNO__47215,PFN_L5_34937,NO,61,mLNO_,PFN_L5,mLNO_,PFN,0.0,0.0,0.23282442748091603,0.0,0.0,262.0
47221,270519,mLNO__47221,PFN_L3_270519,NO,59,mLNO_,PFN_L3,mLNO_,PFN,0.0,0.0,0.23228346456692914,0.0,0.0,254.0
81522,76634,Delta7_L4R5_81522,Delta7_L1L9_76634,PB,14,Delta7_L4R5,Delta7_L1L9,Delta7,Delta7,0.04560260586319218,0.0,0.0,307.0,0.0,0.0
34955,76634,EPG_L4_34955,Delta7_L1L9_76634,PB,12,EPG_L4,Delta7_L1L9,EPG,Delta7,0.03908794788273615,0.0,0.0,307.0,0.0,0.0
84303,76634,Delta7_L4R5_84303,Delta7_L1L9_76634,PB,10,Delta7_L4R5,Delta7_L1L9,Delta7,Delta7,0.03257328990228013,0.0,0.0,307.0,0.0,0.0
54939,76634,EPG_L3_54939,Delta7_L1L9_76634,PB,10,EPG_L3,Delta7_L1L9,EPG,Delta7,0.03257328990228013,0.0,0.0,307.0,0.0,0.0
34228,76634,EPG_L4_34228,Delta7_L1L9_76634,PB,8,EPG_L4,Delta7_L1L9,EPG,Delta7,0.026058631921824105,0.0,0.0,307.0,0.0,0.0
57712,76634,EPG_L6_57712,Delta7_L1L9_76634,PB,6,EPG_L6,Delta7_L1L9,EPG,Delta7,0.019543973941368076,0.0,0.0,307.0,0.0,0.0
79852,76634,Delta7_L3R6_79852,Delta7_L1L9_76634,PB,6,Delta7_L3R6,Delta7_L1L9,Delta7,Delta7,0.019543973941368076,0.0,0.0,307.0,0.0,0.0
35471,76634,EPG_L5_35471,Delta7_L1L9_76634,PB,6,EPG_L5,Delta7_L1L9,EPG,Delta7,0.019543973941368076,0.0,0.0,307.0,0.0,0.0
47221,57081,mLNO__47221,sLNO__57081,NO,27,mLNO_,sLNO_,mLNO_,sLNO_,0.0,0.0,0.1062992125984252,0.0,0.0,254.0
47215,57081,mLNO__47215,sLNO__57081,NO,8,mLNO_,sLNO_,mLNO_,sLNO_,0.0,0.0,0.031496062992125984,0.0,0.0,254.0
34944,57081,PFN_L5_34944,sLNO__57081,NO,7,PFN_L5,sLNO_,PFN,sLNO_,0.0,0.0,0.027559055118110236,0.0,0.0,254.0
47221,278304,mLNO__47221,PFN_L3_278304,NO,33,mLNO_,PFN_L3,mLNO_,PFN,0.0,0.0,0.15942028985507245,0.0,0.0,207.0
47221,39544,mLNO__47221,PFN_L5_39544,NO,64,mLNO_,PFN_L5,mLNO_,PFN,0.0,0.0,0.25806451612903225,0.0,0.0,248.0
47215,57012,mLNO__47215,sLNO__57012,NO,14,mLNO_,sLNO_,mLNO_,sLNO_,0.0,0.0,0.06796116504854369,0.0,0.0,206.0
57028,57012,sLNO__57028,sLNO__57012,NO,8,sLNO_,sLNO_,sLNO_,sLNO_,0.0,0.0,0.038834951456310676,0.0,0.0,206.0
84216,61964,Delta7_L7R2R10_84216,EPG_L7_61964,PB,11,Delta7_L7R2R10,EPG_L7,Delta7,EPG,0.06285714285714286,0.0,0.0,175.0,0.0,0.0
57022,74723,mLNO__57022,PFN_L8_74723,NO,41,mLNO_,PFN_L8,mLNO_,PFN,0.0,0.0,0.1357615894039735,0.0,0.0,302.0
56999,74723,mLNO__56999,PFN_L8_74723,NO,33,mLNO_,PFN_L8,mLNO_,PFN,0.0,0.0,0.10927152317880795,0.0,0.0,302.0
57076,74723,mLNO__57076,PFN_L8_74723,NO,32,mLNO_,PFN_L8,mLNO_,PFN,0.0,0.0,0.10596026490066225,0.0,0.0,302.0
42301,57076,PFN_L4_42301,mLNO__57076,NO,14,PFN_L4,mLNO_,PFN,mLNO_,0.0,0.0,0.06278026905829596,0.0,0.0,223.0
42115,57076,PFN_L4_42115,mLNO__57076,NO,6,PFN_L4,mLNO_,PFN,mLNO_,0.0,0.0,0.026905829596412557,0.0,0.0,223.0
278715,60566,PFN_L3_278715,,NO,8,PFN_L3,,PFN,,0.0,0.0,0.03404255319148936,0.0,0.0,235.0
64084,183953,EPG_L_R1L1_64084,ER_R_MBUv_183953,EB,6,EPG_L_R1L1,ER_R_MBUv,EPG,MBUv,0.0,0.03225806451612903,0.0,0.0,186.0,0.0
47221,42101,mLNO__47221,PFN_L4_42101,NO,30,mLNO_,PFN_L4,mLNO_,PFN,0.0,0.0,0.15151515151515152,0.0,0.0,198.0
43270,46932,,PFN_L3_46932,NO,26,,PFN_L3,,PFN,0.0,0.0,0.09774436090225563,0.0,0.0,266.0
60627,46932,,PFN_L3_46932,NO,19,,PFN_L3,,PFN,0.0,0.0,0.07142857142857142,0.0,0.0,266.0
60632,46932,,PFN_L3_46932,NO,15,,PFN_L3,,PFN,0.0,0.0,0.05639097744360902,0.0,0.0,266.0
117669,46932,,PFN_L3_46932,NO,8,,PFN_L3,,PFN,0.0,0.0,0.03007518796992481,0.0,0.0,266.0
47221,43176,mLNO__47221,PFN_L4_43176,NO,36,mLNO_,PFN_L4,mLNO_,PFN,0.0,0.0,0.19672131147540983,0.0,0.0,183.0
47221,41887,mLNO__47221,PFN_L5_41887,NO,30,mLNO_,PFN_L5,mLNO_,PFN,0.0,0.0,0.1595744680851064,0.0,0.0,188.0
57022,217228,mLNO__57022,PFN_L4_217228,NO,52,mLNO_,PFN_L4,mLNO_,PFN,0.0,0.0,0.22807017543859648,0.0,0.0,228.0
56999,217228,mLNO__56999,PFN_L4_217228,NO,11,mLNO_,PFN_L4,mLNO_,PFN,0.0,0.0,0.04824561403508772,0.0,0.0,228.0
47221,42616,mLNO__47221,PFN_L4_42616,NO,23,mLNO_,PFN_L4,mLNO_,PFN,0.0,0.0,0.1393939393939394,0.0,0.0,165.0
86277,62456,Delta7_L6R3_86277,EPG_L7_62456,PB,24,Delta7_L6R3,EPG_L7,Delta7,EPG,0.1188118811881188,0.0,0.0,202.0,0.0,0.0
84216,62456,Delta7_L7R2R10_84216,EPG_L7_62456,PB,18,Delta7_L7R2R10,EPG_L7,Delta7,EPG,0.0891089108910891,0.0,0.0,202.0,0.0,0.0
84617,62456,Delta7_L6R3_84617,EPG_L7_62456,PB,14,Delta7_L6R3,EPG_L7,Delta7,EPG,0.06930693069306931,0.0,0.0,202.0,0.0,0.0
83744,62456,Delta7_L6R3_83744,EPG_L7_62456,PB,7,Delta7_L6R3,EPG_L7,Delta7,EPG,0.034653465346534656,0.0,0.0,202.0,0.0,0.0
57022,43165,mLNO__57022,PFN_L4_43165,NO,37,mLNO_,PFN_L4,mLNO_,PFN,0.0,0.0,0.16517857142857142,0.0,0.0,224.0
56999,43165,mLNO__56999,PFN_L4_43165,NO,27,mLNO_,PFN_L4,mLNO_,PFN,0.0,0.0,0.12053571428571429,0.0,0.0,224.0
57076,43165,mLNO__57076,PFN_L4_43165,NO,9,mLNO_,PFN_L4,mLNO_,PFN,0.0,0.0,0.04017857142857143,0.0,0.0,224.0
47215,111345,mLNO__47215,PFN_L2_111345,NO,34,mLNO_,PFN_L2,mLNO_,PFN,0.0,0.0,0.19101123595505617,0.0,0.0,178.0
57022,264429,mLNO__57022,PFN_L2_264429,NO,49,mLNO_,PFN_L2,mLNO_,PFN,0.0,0.0,0.21973094170403587,0.0,0.0,223.0
56999,264429,mLNO__56999,PFN_L2_264429,NO,13,mLNO_,PFN_L2,mLNO_,PFN,0.0,0.0,0.05829596412556054,0.0,0.0,223.0
57022,42115,mLNO__57022,PFN_L4_42115,NO,24,mLNO_,PFN_L4,mLNO_,PFN,0.0,0.0,0.12121212121212122,0.0,0.0,198.0
117689,42115,,PFN_L4_42115,NO,11,,PFN_L4,,PFN,0.0,0.0,0.05555555555555555,0.0,0.0,198.0
57076,42115,mLNO__57076,PFN_L4_42115,NO,10,mLNO_,PFN_L4,mLNO_,PFN,0.0,0.0,0.050505050505050504,0.0,0.0,198.0
56999,42115,mLNO__56999,PFN_L4_42115,NO,9,mLNO_,PFN_L4,mLNO_,PFN,0.0,0.0,0.045454545454545456,0.0,0.0,198.0
57022,217136,mLNO__57022,PFN_L4_217136,NO,49,mLNO_,PFN_L4,mLNO_,PFN,0.0,0.0,0.24257425742574257,0.0,0.0,202.0
56999,217136,mLNO__56999,PFN_L4_217136,NO,7,mLNO_,PFN_L4,mLNO_,PFN,0.0,0.0,0.034653465346534656,0.0,0.0,202.0
57076,217136,mLNO__57076,PFN_L4_217136,NO,7,mLNO_,PFN_L4,mLNO_,PFN,0.0,0.0,0.034653465346534656,0.0,0.0,202.0
57022,42301,mLNO__57022,PFN_L4_42301,NO,19,mLNO_,PFN_L4,mLNO_,PFN,0.0,0.0,0.11875,0.0,0.0,160.0
56999,42301,mLNO__56999,PFN_L4_42301,NO,8,mLNO_,PFN_L4,mLNO_,PFN,0.0,0.0,0.05,0.0,0.0,160.0
57022,42120,mLNO__57022,PFN_L4_42120,NO,23,mLNO_,PFN_L4,mLNO_,PFN,0.0,0.0,0.11386138613861387,0.0,0.0,202.0
56999,42120,mLNO__56999,PFN_L4_42120,NO,13,mLNO_,PFN_L4,mLNO_,PFN,0.0,0.0,0.06435643564356436,0.0,0.0,202.0
57076,42120,mLNO__57076,PFN_L4_42120,NO,13,mLNO_,PFN_L4,mLNO_,PFN,0.0,0.0,0.06435643564356436,0.0,0.0,202.0
60638,42120,,PFN_L4_42120,NO,7,,PFN_L4,,PFN,0.0,0.0,0.034653465346534656,0.0,0.0,202.0
34955,78122,EPG_L4_34955,Delta7_L1L9_78122,PB,14,EPG_L4,Delta7_L1L9,EPG,Delta7,0.058333333333333334,0.0,0.0,240.0,0.0,0.0
57518,78122,EPG_L3_57518,Delta7_L1L9_78122,PB,11,EPG_L3,Delta7_L1L9,EPG,Delta7,0.04583333333333333,0.0,0.0,240.0,0.0,0.0
84631,78122,Delta7_L3R6_84631,Delta7_L1L9_78122,PB,9,Delta7_L3R6,Delta7_L1L9,Delta7,Delta7,0.0375,0.0,0.0,240.0,0.0,0.0
83239,78122,Delta7_L4R5_83239,Delta7_L1L9_78122,PB,8,Delta7_L4R5,Delta7_L1L9,Delta7,Delta7,0.03333333333333333,0.0,0.0,240.0,0.0,0.0
35304,78122,EPG_L4_35304,Delta7_L1L9_78122,PB,7,EPG_L4,Delta7_L1L9,EPG,Delta7,0.029166666666666667,0.0,0.0,240.0,0.0,0.0
81527,78122,Delta7_L3R6_81527,Delta7_L1L9_78122,PB,6,Delta7_L3R6,Delta7_L1L9,Delta7,Delta7,0.025,0.0,0.0,240.0,0.0,0.0
83112,78122,Delta7_L4R5_83112,Delta7_L1L9_78122,PB,6,Delta7_L4R5,Delta7_L1L9,Delta7,Delta7,0.025,0.0,0.0,240.0,0.0,0.0
47221,43315,mLNO__47221,PFN_L4_43315,NO,23,mLNO_,PFN_L4,mLNO_,PFN,0.0,0.0,0.1597222222222222,0.0,0.0,144.0
57022,43025,mLNO__57022,PFN_L4_43025,NO,16,mLNO_,PFN_L4,mLNO_,PFN,0.0,0.0,0.09248554913294797,0.0,0.0,173.0
57076,43025,mLNO__57076,PFN_L4_43025,NO,11,mLNO_,PFN_L4,mLNO_,PFN,0.0,0.0,0.06358381502890173,0.0,0.0,173.0
56999,43025,mLNO__56999,PFN_L4_43025,NO,7,mLNO_,PFN_L4,mLNO_,PFN,0.0,0.0,0.04046242774566474,0.0,0.0,173.0
95486,118468,,,NO,6,,,,,0.0,0.0,0.037267080745341616,0.0,0.0,161.0
57022,38977,mLNO__57022,PFN_L5_38977,NO,36,mLNO_,PFN_L5,mLNO_,PFN,0.0,0.0,0.1836734693877551,0.0,0.0,196.0
57076,38977,mLNO__57076,PFN_L5_38977,NO,15,mLNO_,PFN_L5,mLNO_,PFN,0.0,0.0,0.07653061224489796,0.0,0.0,196.0
56999,38977,mLNO__56999,PFN_L5_38977,NO,12,mLNO_,PFN_L5,mLNO_,PFN,0.0,0.0,0.061224489795918366,0.0,0.0,196.0
42448,60543,PFN_L4_42448,,NO,6,PFN_L4,,PFN,,0.0,0.0,0.04195804195804196,0.0,0.0,143.0
117593,42403,,PFN_L5_42403,NO,18,,PFN_L5,,PFN,0.0,0.0,0.0782608695652174,0.0,0.0,230.0
57022,42403,mLNO__57022,PFN_L5_42403,NO,12,mLNO_,PFN_L5,mLNO_,PFN,0.0,0.0,0.05217391304347826,0.0,0.0,230.0
60632,42403,,PFN_L5_42403,NO,10,,PFN_L5,,PFN,0.0,0.0,0.043478260869565216,0.0,0.0,230.0
60566,42403,,PFN_L5_42403,NO,10,,PFN_L5,,PFN,0.0,0.0,0.043478260869565216,0.0,0.0,230.0
56999,42403,mLNO__56999,PFN_L5_42403,NO,10,mLNO_,PFN_L5,mLNO_,PFN,0.0,0.0,0.043478260869565216,0.0,0.0,230.0
57076,42403,mLNO__57076,PFN_L5_42403,NO,9,mLNO_,PFN_L5,mLNO_,PFN,0.0,0.0,0.0391304347826087,0.0,0.0,230.0
60638,42403,,PFN_L5_42403,NO,8,,PFN_L5,,PFN,0.0,0.0,0.034782608695652174,0.0,0.0,230.0
57784,42403,,PFN_L5_42403,NO,7,,PFN_L5,,PFN,0.0,0.0,0.030434782608695653,0.0,0.0,230.0
56999,42749,mLNO__56999,PFN_L4_42749,NO,7,mLNO_,PFN_L4,mLNO_,PFN,0.0,0.0,0.04666666666666667,0.0,0.0,150.0
57022,42749,mLNO__57022,PFN_L4_42749,NO,6,mLNO_,PFN_L4,mLNO_,PFN,0.0,0.0,0.04,0.0,0.0,150.0
47221,42035,mLNO__47221,PFN_L5_42035,NO,40,mLNO_,PFN_L5,mLNO_,PFN,0.0,0.0,0.2631578947368421,0.0,0.0,152.0
60627,88635,,,NO,12,,,,,0.0,0.0,0.0851063829787234,0.0,0.0,141.0
117669,88635,,,NO,9,,,,,0.0,0.0,0.06382978723404255,0.0,0.0,141.0
47221,42039,mLNO__47221,PFN_L4_42039,NO,29,mLNO_,PFN_L4,mLNO_,PFN,0.0,0.0,0.22137404580152673,0.0,0.0,131.0
43270,42831,,PFN_L5_42831,NO,24,,PFN_L5,,PFN,0.0,0.0,0.13636363636363635,0.0,0.0,176.0
60627,42831,,PFN_L5_42831,NO,16,,PFN_L5,,PFN,0.0,0.0,0.09090909090909091,0.0,0.0,176.0
47221,217161,mLNO__47221,PFN_L4_217161,NO,27,mLNO_,PFN_L4,mLNO_,PFN,0.0,0.0,0.19285714285714287,0.0,0.0,140.0
57022,41692,mLNO__57022,PFN_L5_41692,NO,39,mLNO_,PFN_L5,mLNO_,PFN,0.0,0.0,0.21195652173913043,0.0,0.0,184.0
56999,41692,mLNO__56999,PFN_L5_41692,NO,16,mLNO_,PFN_L5,mLNO_,PFN,0.0,0.0,0.08695652173913043,0.0,0.0,184.0
57076,41692,mLNO__57076,PFN_L5_41692,NO,9,mLNO_,PFN_L5,mLNO_,PFN,0.0,0.0,0.04891304347826087,0.0,0.0,184.0
60627,42351,,PFN_L5_42351,NO,13,,PFN_L5,,PFN,0.0,0.0,0.08280254777070063,0.0,0.0,157.0
117669,42351,,PFN_L5_42351,NO,7,,PFN_L5,,PFN,0.0,0.0,0.044585987261146494,0.0,0.0,157.0
43270,42351,,PFN_L5_42351,NO,6,,PFN_L5,,PFN,0.0,0.0,0.03821656050955414,0.0,0.0,157.0
57022,275957,mLNO__57022,PFN_L2_275957,NO,24,mLNO_,PFN_L2,mLNO_,PFN,0.0,0.0,0.1518987341772152,0.0,0.0,158.0
56999,275957,mLNO__56999,PFN_L2_275957,NO,13,mLNO_,PFN_L2,mLNO_,PFN,0.0,0.0,0.08227848101265822,0.0,0.0,158.0
57076,275957,mLNO__57076,PFN_L2_275957,NO,12,mLNO_,PFN_L2,mLNO_,PFN,0.0,0.0,0.0759493670886076,0.0,0.0,158.0
47215,57028,mLNO__47215,sLNO__57028,NO,11,mLNO_,sLNO_,mLNO_,sLNO_,0.0,0.0,0.08270676691729323,0.0,0.0,133.0
57012,57028,sLNO__57012,sLNO__57028,NO,7,sLNO_,sLNO_,sLNO_,sLNO_,0.0,0.0,0.05263157894736842,0.0,0.0,133.0
60627,118141,,PFN_L9_118141,NO,13,,PFN_L9,,PFN,0.0,0.0,0.087248322147651,0.0,0.0,149.0
117669,118141,,PFN_L9_118141,NO,10,,PFN_L9,,PFN,0.0,0.0,0.06711409395973154,0.0,0.0,149.0
43270,118141,,PFN_L9_118141,NO,6,,PFN_L9,,PFN,0.0,0.0,0.040268456375838924,0.0,0.0,149.0
60632,118141,,PFN_L9_118141,NO,6,,PFN_L9,,PFN,0.0,0.0,0.040268456375838924,0.0,0.0,149.0
60627,75666,,PFN_L9_75666,NO,12,,PFN_L9,,PFN,0.0,0.0,0.07407407407407407,0.0,0.0,162.0
43270,75666,,PFN_L9_75666,NO,7,,PFN_L9,,PFN,0.0,0.0,0.043209876543209874,0.0,0.0,162.0
46932,75666,PFN_L3_46932,PFN_L9_75666,NO,6,PFN_L3,PFN_L9,PFN,PFN,0.0,0.0,0.037037037037037035,0.0,0.0,162.0
47215,34944,mLNO__47215,PFN_L5_34944,NO,34,mLNO_,PFN_L5,mLNO_,PFN,0.0,0.0,0.23943661971830985,0.0,0.0,142.0
57022,42337,mLNO__57022,PFN_L5_42337,NO,20,mLNO_,PFN_L5,mLNO_,PFN,0.0,0.0,0.13245033112582782,0.0,0.0,151.0
56999,42337,mLNO__56999,PFN_L5_42337,NO,10,mLNO_,PFN_L5,mLNO_,PFN,0.0,0.0,0.06622516556291391,0.0,0.0,151.0
117593,43298,,PFN_L4_43298,NO,12,,PFN_L4,,PFN,0.0,0.0,0.0736196319018405,0.0,0.0,163.0
60638,43298,,PFN_L4_43298,NO,10,,PFN_L4,,PFN,0.0,0.0,0.06134969325153374,0.0,0.0,163.0
60566,43298,,PFN_L4_43298,NO,8,,PFN_L4,,PFN,0.0,0.0,0.049079754601226995,0.0,0.0,163.0
57784,43298,,PFN_L4_43298,NO,7,,PFN_L4,,PFN,0.0,0.0,0.04294478527607362,0.0,0.0,163.0
57076,43298,mLNO__57076,PFN_L4_43298,NO,7,mLNO_,PFN_L4,mLNO_,PFN,0.0,0.0,0.04294478527607362,0.0,0.0,163.0
47221,42044,mLNO__47221,PFN_L5_42044,NO,25,mLNO_,PFN_L5,mLNO_,PFN,0.0,0.0,0.1953125,0.0,0.0,128.0
60632,278282,,PFN_L3_278282,NO,13,,PFN_L3,,PFN,0.0,0.0,0.07428571428571429,0.0,0.0,175.0
117593,278282,,PFN_L3_278282,NO,10,,PFN_L3,,PFN,0.0,0.0,0.05714285714285714,0.0,0.0,175.0
57784,278282,,PFN_L3_278282,NO,9,,PFN_L3,,PFN,0.0,0.0,0.05142857142857143,0.0,0.0,175.0
60638,278282,,PFN_L3_278282,NO,9,,PFN_L3,,PFN,0.0,0.0,0.05142857142857143,0.0,0.0,175.0
60566,278282,,PFN_L3_278282,NO,8,,PFN_L3,,PFN,0.0,0.0,0.045714285714285714,0.0,0.0,175.0
57022,278282,mLNO__57022,PFN_L3_278282,NO,6,mLNO_,PFN_L3,mLNO_,PFN,0.0,0.0,0.03428571428571429,0.0,0.0,175.0
57022,41687,mLNO__57022,PFN_L5_41687,NO,42,mLNO_,PFN_L5,mLNO_,PFN,0.0,0.0,0.23333333333333334,0.0,0.0,180.0
56999,41687,mLNO__56999,PFN_L5_41687,NO,27,mLNO_,PFN_L5,mLNO_,PFN,0.0,0.0,0.15,0.0,0.0,180.0
57076,41687,mLNO__57076,PFN_L5_41687,NO,11,mLNO_,PFN_L5,mLNO_,PFN,0.0,0.0,0.06111111111111111,0.0,0.0,180.0
117593,43080,,PFN_L4_43080,NO,13,,PFN_L4,,PFN,0.0,0.0,0.08227848101265822,0.0,0.0,158.0
60632,43080,,PFN_L4_43080,NO,11,,PFN_L4,,PFN,0.0,0.0,0.06962025316455696,0.0,0.0,158.0
57784,43080,,PFN_L4_43080,NO,9,,PFN_L4,,PFN,0.0,0.0,0.056962025316455694,0.0,0.0,158.0
43270,275623,,PFN_L2_275623,NO,16,,PFN_L2,,PFN,0.0,0.0,0.11347517730496454,0.0,0.0,141.0
60632,275623,,PFN_L2_275623,NO,10,,PFN_L2,,PFN,0.0,0.0,0.07092198581560284,0.0,0.0,141.0
57784,275623,,PFN_L2_275623,NO,6,,PFN_L2,,PFN,0.0,0.0,0.0425531914893617,0.0,0.0,141.0
117593,264459,,PFN_L2_264459,NO,14,,PFN_L2,,PFN,0.0,0.0,0.07650273224043716,0.0,0.0,183.0
60632,264459,,PFN_L2_264459,NO,14,,PFN_L2,,PFN,0.0,0.0,0.07650273224043716,0.0,0.0,183.0
57784,264459,,PFN_L2_264459,NO,14,,PFN_L2,,PFN,0.0,0.0,0.07650273224043716,0.0,0.0,183.0
60638,264459,,PFN_L2_264459,NO,7,,PFN_L2,,PFN,0.0,0.0,0.03825136612021858,0.0,0.0,183.0
118468,264459,,PFN_L2_264459,NO,6,,PFN_L2,,PFN,0.0,0.0,0.03278688524590164,0.0,0.0,183.0
43270,264459,,PFN_L2_264459,NO,6,,PFN_L2,,PFN,0.0,0.0,0.03278688524590164,0.0,0.0,183.0
43270,279424,,PFN_L3_279424,NO,10,,PFN_L3,,PFN,0.0,0.0,0.07518796992481203,0.0,0.0,133.0
60627,279424,,PFN_L3_279424,NO,10,,PFN_L3,,PFN,0.0,0.0,0.07518796992481203,0.0,0.0,133.0
57076,43051,mLNO__57076,PFN_L4_43051,NO,19,mLNO_,PFN_L4,mLNO_,PFN,0.0,0.0,0.1111111111111111,0.0,0.0,171.0
56999,43051,mLNO__56999,PFN_L4_43051,NO,15,mLNO_,PFN_L4,mLNO_,PFN,0.0,0.0,0.08771929824561403,0.0,0.0,171.0
57022,43051,mLNO__57022,PFN_L4_43051,NO,9,mLNO_,PFN_L4,mLNO_,PFN,0.0,0.0,0.05263157894736842,0.0,0.0,171.0
60638,43051,,PFN_L4_43051,NO,6,,PFN_L4,,PFN,0.0,0.0,0.03508771929824561,0.0,0.0,171.0
57022,42460,mLNO__57022,PFN_L4_42460,NO,18,mLNO_,PFN_L4,mLNO_,PFN,0.0,0.0,0.14634146341463414,0.0,0.0,123.0
57022,270527,mLNO__57022,PFN_L3_270527,NO,8,mLNO_,PFN_L3,mLNO_,PFN,0.0,0.0,0.06896551724137931,0.0,0.0,116.0
57022,275963,mLNO__57022,PFN_L3_275963,NO,18,mLNO_,PFN_L3,mLNO_,PFN,0.0,0.0,0.12080536912751678,0.0,0.0,149.0
56999,275963,mLNO__56999,PFN_L3_275963,NO,16,mLNO_,PFN_L3,mLNO_,PFN,0.0,0.0,0.10738255033557047,0.0,0.0,149.0
57076,275963,mLNO__57076,PFN_L3_275963,NO,13,mLNO_,PFN_L3,mLNO_,PFN,0.0,0.0,0.087248322147651,0.0,0.0,149.0
60632,42729,,PFN_L4_42729,NO,17,,PFN_L4,,PFN,0.0,0.0,0.09883720930232558,0.0,0.0,172.0
57784,42729,,PFN_L4_42729,NO,16,,PFN_L4,,PFN,0.0,0.0,0.09302325581395349,0.0,0.0,172.0
60543,42729,,PFN_L4_42729,NO,9,,PFN_L4,,PFN,0.0,0.0,0.05232558139534884,0.0,0.0,172.0
117593,42729,,PFN_L4_42729,NO,6,,PFN_L4,,PFN,0.0,0.0,0.03488372093023256,0.0,0.0,172.0
47221,42482,mLNO__47221,PFN_L4_42482,NO,19,mLNO_,PFN_L4,mLNO_,PFN,0.0,0.0,0.17117117117117117,0.0,0.0,111.0
57022,264513,mLNO__57022,PFN_L3_264513,NO,14,mLNO_,PFN_L3,mLNO_,PFN,0.0,0.0,0.10294117647058823,0.0,0.0,136.0
56999,264513,mLNO__56999,PFN_L3_264513,NO,13,mLNO_,PFN_L3,mLNO_,PFN,0.0,0.0,0.09558823529411764,0.0,0.0,136.0
117689,264513,,PFN_L3_264513,NO,6,,PFN_L3,,PFN,0.0,0.0,0.04411764705882353,0.0,0.0,136.0
117669,42837,,PFN_L5_42837,NO,7,,PFN_L5,,PFN,0.0,0.0,0.05737704918032787,0.0,0.0,122.0
60638,278710,,PFN_L3_278710,NO,12,,PFN_L3,,PFN,0.0,0.0,0.08163265306122448,0.0,0.0,147.0
117593,278710,,PFN_L3_278710,NO,9,,PFN_L3,,PFN,0.0,0.0,0.061224489795918366,0.0,0.0,147.0
60566,278710,,PFN_L3_278710,NO,8,,PFN_L3,,PFN,0.0,0.0,0.05442176870748299,0.0,0.0,147.0
57076,278710,mLNO__57076,PFN_L3_278710,NO,6,mLNO_,PFN_L3,mLNO_,PFN,0.0,0.0,0.04081632653061224,0.0,0.0,147.0
56999,278337,mLNO__56999,PFN_L3_278337,NO,9,mLNO_,PFN_L3,mLNO_,PFN,0.0,0.0,0.06293706293706294,0.0,0.0,143.0
117593,278337,,PFN_L3_278337,NO,8,,PFN_L3,,PFN,0.0,0.0,0.055944055944055944,0.0,0.0,143.0
57022,278337,mLNO__57022,PFN_L3_278337,NO,7,mLNO_,PFN_L3,mLNO_,PFN,0.0,0.0,0.04895104895104895,0.0,0.0,143.0
57076,278337,mLNO__57076,PFN_L3_278337,NO,6,mLNO_,PFN_L3,mLNO_,PFN,0.0,0.0,0.04195804195804196,0.0,0.0,143.0
57012,63772,sLNO__57012,PEN_L3_63772,NO,43,sLNO_,PEN_L3,sLNO_,PEN,0.0,0.0,0.25146198830409355,0.0,0.0,171.0
57028,63772,sLNO__57028,PEN_L3_63772,NO,19,sLNO_,PEN_L3,sLNO_,PEN,0.0,0.0,0.1111111111111111,0.0,0.0,171.0
57628,63772,sLNO__57628,PEN_L3_63772,NO,10,sLNO_,PEN_L3,sLNO_,PEN,0.0,0.0,0.05847953216374269,0.0,0.0,171.0
57022,116983,mLNO__57022,PFN_L3_116983,NO,41,mLNO_,PFN_L3,mLNO_,PFN,0.0,0.0,0.2827586206896552,0.0,0.0,145.0
56999,116983,mLNO__56999,PFN_L3_116983,NO,9,mLNO_,PFN_L3,mLNO_,PFN,0.0,0.0,0.06206896551724138,0.0,0.0,145.0
57012,112687,sLNO__57012,PEN_L2_112687,NO,31,sLNO_,PEN_L2,sLNO_,PEN,0.0,0.0,0.18235294117647058,0.0,0.0,170.0
57028,112687,sLNO__57028,PEN_L2_112687,NO,19,sLNO_,PEN_L2,sLNO_,PEN,0.0,0.0,0.11176470588235295,0.0,0.0,170.0
57628,112687,sLNO__57628,PEN_L2_112687,NO,12,sLNO_,PEN_L2,sLNO_,PEN,0.0,0.0,0.07058823529411765,0.0,0.0,170.0
57081,112687,sLNO__57081,PEN_L2_112687,NO,8,sLNO_,PEN_L2,sLNO_,PEN,0.0,0.0,0.047058823529411764,0.0,0.0,170.0
60632,278730,,PFN_L3_278730,NO,12,,PFN_L3,,PFN,0.0,0.0,0.09917355371900827,0.0,0.0,121.0
43270,278730,,PFN_L3_278730,NO,7,,PFN_L3,,PFN,0.0,0.0,0.05785123966942149,0.0,0.0,121.0
60632,95486,,,NO,11,,,,,0.0,0.0,0.07432432432432433,0.0,0.0,148.0
57784,95486,,,NO,10,,,,,0.0,0.0,0.06756756756756757,0.0,0.0,148.0
117593,95486,,,NO,7,,,,,0.0,0.0,0.0472972972972973,0.0,0.0,148.0
118468,95486,,,NO,6,,,,,0.0,0.0,0.04054054054054054,0.0,0.0,148.0
60566,95486,,,NO,6,,,,,0.0,0.0,0.04054054054054054,0.0,0.0,148.0
57012,35224,sLNO__57012,PEN_L4_35224,NO,34,sLNO_,PEN_L4,sLNO_,PEN,0.0,0.0,0.21656050955414013,0.0,0.0,157.0
57028,35224,sLNO__57028,PEN_L4_35224,NO,17,sLNO_,PEN_L4,sLNO_,PEN,0.0,0.0,0.10828025477707007,0.0,0.0,157.0
57628,35224,sLNO__57628,PEN_L4_35224,NO,13,sLNO_,PEN_L4,sLNO_,PEN,0.0,0.0,0.08280254777070063,0.0,0.0,157.0
57022,43075,mLNO__57022,PFN_L4_43075,NO,40,mLNO_,PFN_L4,mLNO_,PFN,0.0,0.0,0.24096385542168675,0.0,0.0,166.0
56999,43075,mLNO__56999,PFN_L4_43075,NO,13,mLNO_,PFN_L4,mLNO_,PFN,0.0,0.0,0.0783132530120482,0.0,0.0,166.0
57076,43075,mLNO__57076,PFN_L4_43075,NO,12,mLNO_,PFN_L4,mLNO_,PFN,0.0,0.0,0.07228915662650602,0.0,0.0,166.0
217136,43075,PFN_L4_217136,PFN_L4_43075,NO,6,PFN_L4,PFN_L4,PFN,PFN,0.0,0.0,0.03614457831325301,0.0,0.0,166.0
47221,217118,mLNO__47221,PFN_L4_217118,NO,26,mLNO_,PFN_L4,mLNO_,PFN,0.0,0.0,0.24528301886792453,0.0,0.0,106.0
57022,42477,mLNO__57022,PFN_L4_42477,NO,35,mLNO_,PFN_L4,mLNO_,PFN,0.0,0.0,0.2755905511811024,0.0,0.0,127.0
57076,42477,mLNO__57076,PFN_L4_42477,NO,7,mLNO_,PFN_L4,mLNO_,PFN,0.0,0.0,0.05511811023622047,0.0,0.0,127.0
47215,111369,mLNO__47215,PFN_L7_111369,NO,8,mLNO_,PFN_L7,mLNO_,PFN,0.0,0.0,0.09090909090909091,0.0,0.0,88.0
57012,63157,sLNO__57012,PEN_L8_63157,NO,30,sLNO_,PEN_L8,sLNO_,PEN,0.0,0.0,0.19607843137254902,0.0,0.0,153.0
57028,63157,sLNO__57028,PEN_L8_63157,NO,27,sLNO_,PEN_L8,sLNO_,PEN,0.0,0.0,0.17647058823529413,0.0,0.0,153.0
57628,63157,sLNO__57628,PEN_L8_63157,NO,7,sLNO_,PEN_L8,sLNO_,PEN,0.0,0.0,0.0457516339869281,0.0,0.0,153.0
60632,42443,,PFN_L5_42443,NO,13,,PFN_L5,,PFN,0.0,0.0,0.1092436974789916,0.0,0.0,119.0
43270,42443,,PFN_L5_42443,NO,11,,PFN_L5,,PFN,0.0,0.0,0.09243697478991597,0.0,0.0,119.0
57784,42443,,PFN_L5_42443,NO,6,,PFN_L5,,PFN,0.0,0.0,0.05042016806722689,0.0,0.0,119.0
57022,118674,mLNO__57022,,NO,35,mLNO_,,mLNO_,,0.0,0.0,0.26717557251908397,0.0,0.0,131.0
43270,44854,,PFN_L2_44854,NO,9,,PFN_L2,,PFN,0.0,0.0,0.0891089108910891,0.0,0.0,101.0
60632,44854,,PFN_L2_44854,NO,7,,PFN_L2,,PFN,0.0,0.0,0.06930693069306931,0.0,0.0,101.0
56999,42657,mLNO__56999,PFN_L5_42657,NO,14,mLNO_,PFN_L5,mLNO_,PFN,0.0,0.0,0.09722222222222222,0.0,0.0,144.0
60638,42657,,PFN_L5_42657,NO,8,,PFN_L5,,PFN,0.0,0.0,0.05555555555555555,0.0,0.0,144.0
117593,42657,,PFN_L5_42657,NO,7,,PFN_L5,,PFN,0.0,0.0,0.04861111111111111,0.0,0.0,144.0
57076,42657,mLNO__57076,PFN_L5_42657,NO,6,mLNO_,PFN_L5,mLNO_,PFN,0.0,0.0,0.041666666666666664,0.0,0.0,144.0
57012,99084,sLNO__57012,PEN_L4_99084,NO,33,sLNO_,PEN_L4,sLNO_,PEN,0.0,0.0,0.24087591240875914,0.0,0.0,137.0
57028,99084,sLNO__57028,PEN_L4_99084,NO,17,sLNO_,PEN_L4,sLNO_,PEN,0.0,0.0,0.12408759124087591,0.0,0.0,137.0
57022,42050,mLNO__57022,PFN_L4_42050,NO,24,mLNO_,PFN_L4,mLNO_,PFN,0.0,0.0,0.23076923076923078,0.0,0.0,104.0
57076,42050,mLNO__57076,PFN_L4_42050,NO,8,mLNO_,PFN_L4,mLNO_,PFN,0.0,0.0,0.07692307692307693,0.0,0.0,104.0
57784,42979,,PFN_L4_42979,NO,8,,PFN_L4,,PFN,0.0,0.0,0.06837606837606838,0.0,0.0,117.0
57076,42979,mLNO__57076,PFN_L4_42979,NO,7,mLNO_,PFN_L4,mLNO_,PFN,0.0,0.0,0.05982905982905983,0.0,0.0,117.0
47221,275936,mLNO__47221,PFN_L3_275936,NO,15,mLNO_,PFN_L3,mLNO_,PFN,0.0,0.0,0.16666666666666666,0.0,0.0,90.0
47221,41551,mLNO__47221,PFN_L6_41551,NO,8,mLNO_,PFN_L6,mLNO_,PFN,0.0,0.0,0.1038961038961039,0.0,0.0,77.0
57022,35133,mLNO__57022,PFN_L4_35133,NO,31,mLNO_,PFN_L4,mLNO_,PFN,0.0,0.0,0.27927927927927926,0.0,0.0,111.0
60627,42744,,PFN_L4_42744,NO,12,,PFN_L4,,PFN,0.0,0.0,0.10909090909090909,0.0,0.0,110.0
43270,42744,,PFN_L4_42744,NO,6,,PFN_L4,,PFN,0.0,0.0,0.05454545454545454,0.0,0.0,110.0
57784,42294,,PFN_L4_42294,NO,13,,PFN_L4,,PFN,0.0,0.0,0.09027777777777778,0.0,0.0,144.0
60638,42294,,PFN_L4_42294,NO,10,,PFN_L4,,PFN,0.0,0.0,0.06944444444444445,0.0,0.0,144.0
117593,42294,,PFN_L4_42294,NO,10,,PFN_L4,,PFN,0.0,0.0,0.06944444444444445,0.0,0.0,144.0
60632,42294,,PFN_L4_42294,NO,9,,PFN_L4,,PFN,0.0,0.0,0.0625,0.0,0.0,144.0
56999,42294,mLNO__56999,PFN_L4_42294,NO,8,mLNO_,PFN_L4,mLNO_,PFN,0.0,0.0,0.05555555555555555,0.0,0.0,144.0
118468,42294,,PFN_L4_42294,NO,7,,PFN_L4,,PFN,0.0,0.0,0.04861111111111111,0.0,0.0,144.0
60632,42448,,PFN_L4_42448,NO,11,,PFN_L4,,PFN,0.0,0.0,0.09821428571428571,0.0,0.0,112.0
60632,42755,,PFN_L4_42755,NO,15,,PFN_L4,,PFN,0.0,0.0,0.11363636363636363,0.0,0.0,132.0
57784,42755,,PFN_L4_42755,NO,11,,PFN_L4,,PFN,0.0,0.0,0.08333333333333333,0.0,0.0,132.0
118468,42755,,PFN_L4_42755,NO,9,,PFN_L4,,PFN,0.0,0.0,0.06818181818181818,0.0,0.0,132.0
117593,42755,,PFN_L4_42755,NO,6,,PFN_L4,,PFN,0.0,0.0,0.045454545454545456,0.0,0.0,132.0
57022,118705,mLNO__57022,,NO,26,mLNO_,,mLNO_,,0.0,0.0,0.25,0.0,0.0,104.0
60632,46894,,PFN_L3_46894,NO,12,,PFN_L3,,PFN,0.0,0.0,0.1188118811881188,0.0,0.0,101.0
57784,46894,,PFN_L3_46894,NO,6,,PFN_L3,,PFN,0.0,0.0,0.0594059405940594,0.0,0.0,101.0
43270,46894,,PFN_L3_46894,NO,6,,PFN_L3,,PFN,0.0,0.0,0.0594059405940594,0.0,0.0,101.0
60632,43549,,PFN_L4_43549,NO,11,,PFN_L4,,PFN,0.0,0.0,0.08148148148148149,0.0,0.0,135.0
60627,43549,,PFN_L4_43549,NO,10,,PFN_L4,,PFN,0.0,0.0,0.07407407407407407,0.0,0.0,135.0
43270,43549,,PFN_L4_43549,NO,8,,PFN_L4,,PFN,0.0,0.0,0.05925925925925926,0.0,0.0,135.0
57784,43549,,PFN_L4_43549,NO,6,,PFN_L4,,PFN,0.0,0.0,0.044444444444444446,0.0,0.0,135.0
60638,44357,,PFN_L5_44357,NO,15,,PFN_L5,,PFN,0.0,0.0,0.13636363636363635,0.0,0.0,110.0
117593,44357,,PFN_L5_44357,NO,10,,PFN_L5,,PFN,0.0,0.0,0.09090909090909091,0.0,0.0,110.0
57022,44357,mLNO__57022,PFN_L5_44357,NO,6,mLNO_,PFN_L5,mLNO_,PFN,0.0,0.0,0.05454545454545454,0.0,0.0,110.0
60627,42908,,PFN_L4_42908,NO,7,,PFN_L4,,PFN,0.0,0.0,0.07526881720430108,0.0,0.0,93.0
117669,42363,,PFN_L5_42363,NO,6,,PFN_L5,,PFN,0.0,0.0,0.07058823529411765,0.0,0.0,85.0
117669,42826,,PFN_L4_42826,NO,10,,PFN_L4,,PFN,0.0,0.0,0.11363636363636363,0.0,0.0,88.0
57022,94376,mLNO__57022,PFN_L7_94376,NO,23,mLNO_,PFN_L7,mLNO_,PFN,0.0,0.0,0.23,0.0,0.0,100.0
56999,94376,mLNO__56999,PFN_L7_94376,NO,7,mLNO_,PFN_L7,mLNO_,PFN,0.0,0.0,0.07,0.0,0.0,100.0
60627,275616,,PFN_L2_275616,NO,10,,PFN_L2,,PFN,0.0,0.0,0.10204081632653061,0.0,0.0,98.0
57012,118898,sLNO__57012,PEN_L9_118898,NO,26,sLNO_,PEN_L9,sLNO_,PEN,0.0,0.0,0.23008849557522124,0.0,0.0,113.0
57028,118898,sLNO__57028,PEN_L9_118898,NO,13,sLNO_,PEN_L9,sLNO_,PEN,0.0,0.0,0.11504424778761062,0.0,0.0,113.0
57076,275334,mLNO__57076,PFN_L2_275334,NO,11,mLNO_,PFN_L2,mLNO_,PFN,0.0,0.0,0.09322033898305085,0.0,0.0,118.0
56999,275334,mLNO__56999,PFN_L2_275334,NO,10,mLNO_,PFN_L2,mLNO_,PFN,0.0,0.0,0.0847457627118644,0.0,0.0,118.0
57022,275334,mLNO__57022,PFN_L2_275334,NO,9,mLNO_,PFN_L2,mLNO_,PFN,0.0,0.0,0.07627118644067797,0.0,0.0,118.0
60632,42433,,PFN_L5_42433,NO,16,,PFN_L5,,PFN,0.0,0.0,0.14953271028037382,0.0,0.0,107.0
57784,42433,,PFN_L5_42433,NO,6,,PFN_L5,,PFN,0.0,0.0,0.056074766355140186,0.0,0.0,107.0
47221,42089,mLNO__47221,PFN_L5_42089,NO,23,mLNO_,PFN_L5,mLNO_,PFN,0.0,0.0,0.26136363636363635,0.0,0.0,88.0
47215,108851,mLNO__47215,PFN_L2_108851,NO,20,mLNO_,PFN_L2,mLNO_,PFN,0.0,0.0,0.23255813953488372,0.0,0.0,86.0
47221,278297,mLNO__47221,PFN_L3_278297,NO,18,mLNO_,PFN_L3,mLNO_,PFN,0.0,0.0,0.22784810126582278,0.0,0.0,79.0
43270,42356,,PFN_L5_42356,NO,9,,PFN_L5,,PFN,0.0,0.0,0.10465116279069768,0.0,0.0,86.0
117593,43279,,PFN_L4_43279,NO,15,,PFN_L4,,PFN,0.0,0.0,0.12195121951219512,0.0,0.0,123.0
60638,43279,,PFN_L4_43279,NO,14,,PFN_L4,,PFN,0.0,0.0,0.11382113821138211,0.0,0.0,123.0
60566,43279,,PFN_L4_43279,NO,9,,PFN_L4,,PFN,0.0,0.0,0.07317073170731707,0.0,0.0,123.0
120517,89973,,,NO,11,,,,,0.0,0.0,0.14666666666666667,0.0,0.0,75.0
117593,43120,,PFN_L4_43120,NO,11,,PFN_L4,,PFN,0.0,0.0,0.10576923076923077,0.0,0.0,104.0
60566,43120,,PFN_L4_43120,NO,8,,PFN_L4,,PFN,0.0,0.0,0.07692307692307693,0.0,0.0,104.0
57784,43120,,PFN_L4_43120,NO,7,,PFN_L4,,PFN,0.0,0.0,0.0673076923076923,0.0,0.0,104.0
56999,43120,mLNO__56999,PFN_L4_43120,NO,6,mLNO_,PFN_L4,mLNO_,PFN,0.0,0.0,0.057692307692307696,0.0,0.0,104.0
60632,43120,,PFN_L4_43120,NO,6,,PFN_L4,,PFN,0.0,0.0,0.057692307692307696,0.0,0.0,104.0
47221,278316,mLNO__47221,PFN_L3_278316,NO,19,mLNO_,PFN_L3,mLNO_,PFN,0.0,0.0,0.2676056338028169,0.0,0.0,71.0
47215,111332,mLNO__47215,PFN_L9_111332,NO,17,mLNO_,PFN_L9,mLNO_,PFN,0.0,0.0,0.22077922077922077,0.0,0.0,77.0
43270,42997,,PFN_L4_42997,NO,12,,PFN_L4,,PFN,0.0,0.0,0.13043478260869565,0.0,0.0,92.0
57022,278321,mLNO__57022,PFN_L3_278321,NO,43,mLNO_,PFN_L3,mLNO_,PFN,0.0,0.0,0.36134453781512604,0.0,0.0,119.0
57076,278321,mLNO__57076,PFN_L3_278321,NO,11,mLNO_,PFN_L3,mLNO_,PFN,0.0,0.0,0.09243697478991597,0.0,0.0,119.0
56999,278321,mLNO__56999,PFN_L3_278321,NO,9,mLNO_,PFN_L3,mLNO_,PFN,0.0,0.0,0.07563025210084033,0.0,0.0,119.0
57022,42702,mLNO__57022,PFN_L4_42702,NO,23,mLNO_,PFN_L4,mLNO_,PFN,0.0,0.0,0.25842696629213485,0.0,0.0,89.0
57076,42702,mLNO__57076,PFN_L4_42702,NO,8,mLNO_,PFN_L4,mLNO_,PFN,0.0,0.0,0.0898876404494382,0.0,0.0,89.0
47221,42691,mLNO__47221,PFN_L4_42691,NO,13,mLNO_,PFN_L4,mLNO_,PFN,0.0,0.0,0.17333333333333334,0.0,0.0,75.0
60632,42633,,PFN_L4_42633,NO,7,,PFN_L4,,PFN,0.0,0.0,0.07446808510638298,0.0,0.0,94.0
60638,42633,,PFN_L4_42633,NO,6,,PFN_L4,,PFN,0.0,0.0,0.06382978723404255,0.0,0.0,94.0
60627,43554,,PFN_L4_43554,NO,6,,PFN_L4,,PFN,0.0,0.0,0.08450704225352113,0.0,0.0,71.0
47221,42095,mLNO__47221,PFN_L5_42095,NO,11,mLNO_,PFN_L5,mLNO_,PFN,0.0,0.0,0.1896551724137931,0.0,0.0,58.0
56999,42647,mLNO__56999,PFN_L4_42647,NO,8,mLNO_,PFN_L4,mLNO_,PFN,0.0,0.0,0.0898876404494382,0.0,0.0,89.0
57022,42647,mLNO__57022,PFN_L4_42647,NO,7,mLNO_,PFN_L4,mLNO_,PFN,0.0,0.0,0.07865168539325842,0.0,0.0,89.0
60632,43018,,PFN_L4_43018,NO,14,,PFN_L4,,PFN,0.0,0.0,0.12727272727272726,0.0,0.0,110.0
57784,43018,,PFN_L4_43018,NO,7,,PFN_L4,,PFN,0.0,0.0,0.06363636363636363,0.0,0.0,110.0
60627,75810,,,NO,8,,,,,0.0,0.0,0.08163265306122448,0.0,0.0,98.0
60632,75810,,,NO,7,,,,,0.0,0.0,0.07142857142857142,0.0,0.0,98.0
43270,75810,,,NO,6,,,,,0.0,0.0,0.061224489795918366,0.0,0.0,98.0
56999,264440,mLNO__56999,PFN_L3_264440,NO,12,mLNO_,PFN_L3,mLNO_,PFN,0.0,0.0,0.1643835616438356,0.0,0.0,73.0
57784,118033,,,NO,11,,,,,0.0,0.0,0.12643678160919541,0.0,0.0,87.0
117593,118033,,,NO,9,,,,,0.0,0.0,0.10344827586206896,0.0,0.0,87.0
60638,118033,,,NO,6,,,,,0.0,0.0,0.06896551724137931,0.0,0.0,87.0
57022,120197,mLNO__57022,PFN_L3_120197,NO,16,mLNO_,PFN_L3,mLNO_,PFN,0.0,0.0,0.2191780821917808,0.0,0.0,73.0
56999,120197,mLNO__56999,PFN_L3_120197,NO,9,mLNO_,PFN_L3,mLNO_,PFN,0.0,0.0,0.1232876712328767,0.0,0.0,73.0
57784,275602,,PFN_L2_275602,NO,12,,PFN_L2,,PFN,0.0,0.0,0.12,0.0,0.0,100.0
60632,275602,,PFN_L2_275602,NO,8,,PFN_L2,,PFN,0.0,0.0,0.08,0.0,0.0,100.0
117593,275602,,PFN_L2_275602,NO,6,,PFN_L2,,PFN,0.0,0.0,0.06,0.0,0.0,100.0
47221,42289,mLNO__47221,PFN_L5_42289,NO,12,mLNO_,PFN_L5,mLNO_,PFN,0.0,0.0,0.19047619047619047,0.0,0.0,63.0
57022,42719,mLNO__57022,PFN_L4_42719,NO,19,mLNO_,PFN_L4,mLNO_,PFN,0.0,0.0,0.2638888888888889,0.0,0.0,72.0
43270,42696,,PFN_L4_42696,NO,9,,PFN_L4,,PFN,0.0,0.0,0.10588235294117647,0.0,0.0,85.0
60627,42696,,PFN_L4_42696,NO,7,,PFN_L4,,PFN,0.0,0.0,0.08235294117647059,0.0,0.0,85.0
117669,90061,,,NO,7,,,,,0.0,0.0,0.10144927536231885,0.0,0.0,69.0
57076,74713,mLNO__57076,PFN_L6_74713,NO,9,mLNO_,PFN_L6,mLNO_,PFN,0.0,0.0,0.13432835820895522,0.0,0.0,67.0
47221,278311,mLNO__47221,PFN_L3_278311,NO,12,mLNO_,PFN_L3,mLNO_,PFN,0.0,0.0,0.1935483870967742,0.0,0.0,62.0
57022,42201,mLNO__57022,PFN_L4_42201,NO,12,mLNO_,PFN_L4,mLNO_,PFN,0.0,0.0,0.17391304347826086,0.0,0.0,69.0
43270,278353,,PFN_L3_278353,NO,6,,PFN_L3,,PFN,0.0,0.0,0.07228915662650602,0.0,0.0,83.0
60638,43129,,PFN_L4_43129,NO,11,,PFN_L4,,PFN,0.0,0.0,0.1111111111111111,0.0,0.0,99.0
117593,43129,,PFN_L4_43129,NO,11,,PFN_L4,,PFN,0.0,0.0,0.1111111111111111,0.0,0.0,99.0
56999,43129,mLNO__56999,PFN_L4_43129,NO,10,mLNO_,PFN_L4,mLNO_,PFN,0.0,0.0,0.10101010101010101,0.0,0.0,99.0
60627,42901,,PFN_L4_42901,NO,9,,PFN_L4,,PFN,0.0,0.0,0.12,0.0,0.0,75.0
117669,100353,,PFN_L8_100353,NO,8,,PFN_L8,,PFN,0.0,0.0,0.11940298507462686,0.0,0.0,67.0
117593,278715,,PFN_L3_278715,NO,8,,PFN_L3,,PFN,0.0,0.0,0.0898876404494382,0.0,0.0,89.0
57022,76314,mLNO__57022,PFN_L2_76314,NO,11,mLNO_,PFN_L2,mLNO_,PFN,0.0,0.0,0.171875,0.0,0.0,64.0
56999,76314,mLNO__56999,PFN_L2_76314,NO,9,mLNO_,PFN_L2,mLNO_,PFN,0.0,0.0,0.140625,0.0,0.0,64.0
60627,42734,,PFN_L4_42734,NO,6,,PFN_L4,,PFN,0.0,0.0,0.1016949152542373,0.0,0.0,59.0
117593,75405,,PFN_L4_75405,NO,7,,PFN_L4,,PFN,0.0,0.0,0.10606060606060606,0.0,0.0,66.0
57012,34205,sLNO__57012,PEN_L6_34205,NO,14,sLNO_,PEN_L6,sLNO_,PEN,0.0,0.0,0.22950819672131148,0.0,0.0,61.0
57628,34205,sLNO__57628,PEN_L6_34205,NO,6,sLNO_,PEN_L6,sLNO_,PEN,0.0,0.0,0.09836065573770492,0.0,0.0,61.0
57012,118885,sLNO__57012,PEN_L9_118885,NO,19,sLNO_,PEN_L9,sLNO_,PEN,0.0,0.0,0.2923076923076923,0.0,0.0,65.0
57022,43731,mLNO__57022,PFN_L6_43731,NO,12,mLNO_,PFN_L6,mLNO_,PFN,0.0,0.0,0.19047619047619047,0.0,0.0,63.0
57012,35102,sLNO__57012,PEN_L5_35102,NO,12,sLNO_,PEN_L5,sLNO_,PEN,0.0,0.0,0.2222222222222222,0.0,0.0,54.0
57028,35102,sLNO__57028,PEN_L5_35102,NO,7,sLNO_,PEN_L5,sLNO_,PEN,0.0,0.0,0.12962962962962962,0.0,0.0,54.0
47215,116992,mLNO__47215,PFN_L6_116992,NO,16,mLNO_,PFN_L6,mLNO_,PFN,0.0,0.0,0.3018867924528302,0.0,0.0,53.0
60627,42000,,PFN_L3_42000,NO,6,,PFN_L3,,PFN,0.0,0.0,0.10714285714285714,0.0,0.0,56.0
56999,278287,mLNO__56999,PFN_L3_278287,NO,9,mLNO_,PFN_L3,mLNO_,PFN,0.0,0.0,0.12857142857142856,0.0,0.0,70.0
117593,278287,,PFN_L3_278287,NO,6,,PFN_L3,,PFN,0.0,0.0,0.08571428571428572,0.0,0.0,70.0
57012,35368,sLNO__57012,PEN_L4_35368,NO,8,sLNO_,PEN_L4,sLNO_,PEN,0.0,0.0,0.15384615384615385,0.0,0.0,52.0
57022,42269,mLNO__57022,PFN_L5_42269,NO,14,mLNO_,PFN_L5,mLNO_,PFN,0.0,0.0,0.25925925925925924,0.0,0.0,54.0
57022,108963,mLNO__57022,PFN_L2_108963,NO,6,mLNO_,PFN_L2,mLNO_,PFN,0.0,0.0,0.08955223880597014,0.0,0.0,67.0
57012,112713,sLNO__57012,PEN_L2_112713,NO,7,sLNO_,PEN_L2,sLNO_,PEN,0.0,0.0,0.13725490196078433,0.0,0.0,51.0
60632,42396,,PFN_L5_42396,NO,9,,PFN_L5,,PFN,0.0,0.0,0.2,0.0,0.0,45.0
63772,63776,PEN_L3_63772,PEN_L3_63776,NO,9,PEN_L3,PEN_L3,PEN,PEN,0.0,0.0,0.14754098360655737,0.0,0.0,61.0
118898,63776,PEN_L9_118898,PEN_L3_63776,NO,6,PEN_L9,PEN_L3,PEN,PEN,0.0,0.0,0.09836065573770492,0.0,0.0,61.0
57012,63776,sLNO__57012,PEN_L3_63776,NO,6,sLNO_,PEN_L3,sLNO_,PEN,0.0,0.0,0.09836065573770492,0.0,0.0,61.0
57022,42191,mLNO__57022,PFN_L5_42191,NO,6,mLNO_,PFN_L5,mLNO_,PFN,0.0,0.0,0.13043478260869565,0.0,0.0,46.0
47221,42621,mLNO__47221,PFN_L4_42621,NO,13,mLNO_,PFN_L4,mLNO_,PFN,0.0,0.0,0.34210526315789475,0.0,0.0,38.0
56999,278331,mLNO__56999,PFN_L3_278331,NO,6,mLNO_,PFN_L3,mLNO_,PFN,0.0,0.0,0.16216216216216217,0.0,0.0,37.0
57076,264414,mLNO__57076,PFN_L2_264414,NO,6,mLNO_,PFN_L2,mLNO_,PFN,0.0,0.0,0.17142857142857143,0.0,0.0,35.0
60632,42874,,PFN_L5_42874,NO,6,,PFN_L5,,PFN,0.0,0.0,0.18181818181818182,0.0,0.0,33.0
57012,118463,sLNO__57012,PEN_L7_118463,NO,11,sLNO_,PEN_L7,sLNO_,PEN,0.0,0.0,0.3548387096774194,0.0,0.0,31.0
